Category,CategoryOrder,Display,Speak,Image,CategoryColor,TileColor,TileOrder,CategoryImage,BoardName,BoardColor,BoardImage
Core,1,yes,yes,https://d18vdu4p71yql0.cloudfront.net/libraries/arasaac/yes_2.png,#5c9aff,,1,https://d18vdu4p71yql0.cloudfront.net/libraries/arasaac/communication board_1.png.varianted-skin.png,NARBE Words,#ff5ce1,https://d18vdu4p71yql0.cloudfront.net/libraries/noun-project/Book-thin_864_584233.svg
Core,1,no,no,https://d18vdu4p71yql0.cloudfront.net/libraries/noun-project/No-09d75d7313.svg,#5c9aff,,2,https://d18vdu4p71yql0.cloudfront.net/libraries/arasaac/communication board_1.png.varianted-skin.png,NARBE Words,#ff5ce1,https://d18vdu4p71yql0.cloudfront.net/libraries/noun-project/Book-thin_864_584233.svg
Core,1,more,more,https://d18vdu4p71yql0.cloudfront.net/libraries/noun-project/more_169_g.svg,#5c9aff,,3,https://d18vdu4p71yql0.cloudfront.net/libraries/arasaac/communication board_1.png.varianted-skin.png,NARBE Words,#ff5ce1,https://d18vdu4p71yql0.cloudfront.net/libraries/noun-project/Book-thin_864_584233.svg
Core,1,again,again,https://d18vdu4p71yql0.cloudfront.net/libraries/arasaac/consider over and over again.png.varianted-skin.png,#5c9aff,,4,https://d18vdu4p71yql0.cloudfront.net/libraries/arasaac/communication board_1.png.varianted-skin.png,NARBE Words,#ff5ce1,https://d18vdu4p71yql0.cloudfront.net/libraries/noun-project/Book-thin_864_584233.svg
Core,1,please,please,https://d18vdu4p71yql0.cloudfront.net/libraries/arasaac/please.png.varianted-skin.png,#5c9aff,,5,https://d18vdu4p71yql0.cloudfront.net/libraries/arasaac/communication board_1.png.varianted-skin.png,NARBE Words,#ff5ce1,https://d18vdu4p71yql0.cloudfront.net/libraries/noun-project/Book-thin_864_584233.svg
Core,1,thanks,thanks,https://d18vdu4p71yql0.cloudfront.net/libraries/arasaac/thanks.png.varianted-skin.png,#5c9aff,,6,https://d18vdu4p71yql0.cloudfront.net/libraries/arasaac/communication board_1.png.varianted-skin.png,NARBE Words,#ff5ce1,https://d18vdu4p71yql0.cloudfront.net/libraries/noun-project/Book-thin_864_584233.svg
Core,1,help,help,https://d18vdu4p71yql0.cloudfront.net/libraries/arasaac/help_4.png.varianted-skin.png,#5c9aff,,7,https://d18vdu4p71yql0.cloudfront.net/libraries/arasaac/communication board_1.png.varianted-skin.png,NARBE Words,#ff5ce1,https://d18vdu4p71yql0.cloudfront.net/libraries/noun-project/Book-thin_864_584233.svg
Core,1,stop,stop,https://d18vdu4p71yql0.cloudfront.net/libraries/noun-project/Stop-0cab3250e1.svg,#5c9aff,,8,https://d18vdu4p71yql0.cloudfront.net/libraries/arasaac/communication board_1.png.varianted-skin.png,NARBE Words,#ff5ce1,https://d18vdu4p71yql0.cloudfront.net/libraries/noun-project/Book-thin_864_584233.svg
Core,1,go,go,https://d18vdu4p71yql0.cloudfront.net/libraries/arasaac/to go_3.png,#5c9aff,,9,https://d18vdu4p71yql0.cloudfront.net/libraries/arasaac/communication board_1.png.varianted-skin.png,NARBE Words,#ff5ce1,https://d18vdu4p71yql0.cloudfront.net/libraries/noun-project/Book-thin_864_584233.svg
Core,1,now,now,https://d18vdu4p71yql0.cloudfront.net/libraries/mulberry/now.svg,#5c9aff,,10,https://d18vdu4p71yql0.cloudfront.net/libraries/arasaac/communication board_1.png.varianted-skin.png,NARBE Words,#ff5ce1,https://d18vdu4p71yql0.cloudfront.net/libraries/noun-project/Book-thin_864_584233.svg
Core,1,later,later,https://d18vdu4p71yql0.cloudfront.net/libraries/noun-project/Time-d5f0069edc.svg,#5c9aff,,11,https://d18vdu4p71yql0.cloudfront.net/libraries/arasaac/communication board_1.png.varianted-skin.png,NARBE Words,#ff5ce1,https://d18vdu4p71yql0.cloudfront.net/libraries/noun-project/Book-thin_864_584233.svg
Core,1,here,here,https://d18vdu4p71yql0.cloudfront.net/libraries/arasaac/here_1.png,#5c9aff,,12,https://d18vdu4p71yql0.cloudfront.net/libraries/arasaac/communication board_1.png.varianted-skin.png,NARBE Words,#ff5ce1,https://d18vdu4p71yql0.cloudfront.net/libraries/noun-project/Book-thin_864_584233.svg
Core,1,there,there,https://d18vdu4p71yql0.cloudfront.net/libraries/arasaac/there.png,#5c9aff,,13,https://d18vdu4p71yql0.cloudfront.net/libraries/arasaac/communication board_1.png.varianted-skin.png,NARBE Words,#ff5ce1,https://d18vdu4p71yql0.cloudfront.net/libraries/noun-project/Book-thin_864_584233.svg
Core,1,this,this,https://d18vdu4p71yql0.cloudfront.net/libraries/arasaac/this.png,#5c9aff,,14,https://d18vdu4p71yql0.cloudfront.net/libraries/arasaac/communication board_1.png.varianted-skin.png,NARBE Words,#ff5ce1,https://d18vdu4p71yql0.cloudfront.net/libraries/noun-project/Book-thin_864_584233.svg
Core,1,that,that,https://d18vdu4p71yql0.cloudfront.net/libraries/arasaac/that_2.png,#5c9aff,,15,https://d18vdu4p71yql0.cloudfront.net/libraries/arasaac/communication board_1.png.varianted-skin.png,NARBE Words,#ff5ce1,https://d18vdu4p71yql0.cloudfront.net/libraries/noun-project/Book-thin_864_584233.svg
Core,1,not,not,https://d18vdu4p71yql0.cloudfront.net/libraries/arasaac/former.png,#5c9aff,,16,https://d18vdu4p71yql0.cloudfront.net/libraries/arasaac/communication board_1.png.varianted-skin.png,NARBE Words,#ff5ce1,https://d18vdu4p71yql0.cloudfront.net/libraries/noun-project/Book-thin_864_584233.svg
Core,1,maybe,maybe,https://d18vdu4p71yql0.cloudfront.net/libraries/twemoji/1f937-var1f3fbUNI.svg,#5c9aff,,17,https://d18vdu4p71yql0.cloudfront.net/libraries/arasaac/communication board_1.png.varianted-skin.png,NARBE Words,#ff5ce1,https://d18vdu4p71yql0.cloudfront.net/libraries/noun-project/Book-thin_864_584233.svg
Core,1,enough,enough,https://d18vdu4p71yql0.cloudfront.net/libraries/mulberry/enough.svg,#5c9aff,,18,https://d18vdu4p71yql0.cloudfront.net/libraries/arasaac/communication board_1.png.varianted-skin.png,NARBE Words,#ff5ce1,https://d18vdu4p71yql0.cloudfront.net/libraries/noun-project/Book-thin_864_584233.svg
Core,1,also,also,,#5c9aff,,19,https://d18vdu4p71yql0.cloudfront.net/libraries/arasaac/communication board_1.png.varianted-skin.png,NARBE Words,#ff5ce1,https://d18vdu4p71yql0.cloudfront.net/libraries/noun-project/Book-thin_864_584233.svg
Core,1,only,only,,#5c9aff,,20,https://d18vdu4p71yql0.cloudfront.net/libraries/arasaac/communication board_1.png.varianted-skin.png,NARBE Words,#ff5ce1,https://d18vdu4p71yql0.cloudfront.net/libraries/noun-project/Book-thin_864_584233.svg
Core,1,other,other,https://d18vdu4p71yql0.cloudfront.net/libraries/arasaac/other.png,#5c9aff,,21,https://d18vdu4p71yql0.cloudfront.net/libraries/arasaac/communication board_1.png.varianted-skin.png,NARBE Words,#ff5ce1,https://d18vdu4p71yql0.cloudfront.net/libraries/noun-project/Book-thin_864_584233.svg
Core,1,another,another,https://d18vdu4p71yql0.cloudfront.net/libraries/arasaac/(an)other.png,#5c9aff,,22,https://d18vdu4p71yql0.cloudfront.net/libraries/arasaac/communication board_1.png.varianted-skin.png,NARBE Words,#ff5ce1,https://d18vdu4p71yql0.cloudfront.net/libraries/noun-project/Book-thin_864_584233.svg
Core,1,anything,anything,,#5c9aff,,23,https://d18vdu4p71yql0.cloudfront.net/libraries/arasaac/communication board_1.png.varianted-skin.png,NARBE Words,#ff5ce1,https://d18vdu4p71yql0.cloudfront.net/libraries/noun-project/Book-thin_864_584233.svg
Core,1,everything,everything,https://d18vdu4p71yql0.cloudfront.net/libraries/arasaac/everything.png,#5c9aff,,24,https://d18vdu4p71yql0.cloudfront.net/libraries/arasaac/communication board_1.png.varianted-skin.png,NARBE Words,#ff5ce1,https://d18vdu4p71yql0.cloudfront.net/libraries/noun-project/Book-thin_864_584233.svg
Core,1,nothing,nothing,https://d18vdu4p71yql0.cloudfront.net/libraries/arasaac/nothing.png,#5c9aff,,25,https://d18vdu4p71yql0.cloudfront.net/libraries/arasaac/communication board_1.png.varianted-skin.png,NARBE Words,#ff5ce1,https://d18vdu4p71yql0.cloudfront.net/libraries/noun-project/Book-thin_864_584233.svg
Core,1,something,something,https://d18vdu4p71yql0.cloudfront.net/libraries/tawasol/something.jpg,#5c9aff,,26,https://d18vdu4p71yql0.cloudfront.net/libraries/arasaac/communication board_1.png.varianted-skin.png,NARBE Words,#ff5ce1,https://d18vdu4p71yql0.cloudfront.net/libraries/noun-project/Book-thin_864_584233.svg
Core,1,someone,someone,,#5c9aff,,27,https://d18vdu4p71yql0.cloudfront.net/libraries/arasaac/communication board_1.png.varianted-skin.png,NARBE Words,#ff5ce1,https://d18vdu4p71yql0.cloudfront.net/libraries/noun-project/Book-thin_864_584233.svg
Core,1,everyone,everyone,https://d18vdu4p71yql0.cloudfront.net/libraries/arasaac/group of people.png.varianted-skin.png,#5c9aff,,28,https://d18vdu4p71yql0.cloudfront.net/libraries/arasaac/communication board_1.png.varianted-skin.png,NARBE Words,#ff5ce1,https://d18vdu4p71yql0.cloudfront.net/libraries/noun-project/Book-thin_864_584233.svg
Core,1,anyone,anyone,,#5c9aff,,29,https://d18vdu4p71yql0.cloudfront.net/libraries/arasaac/communication board_1.png.varianted-skin.png,NARBE Words,#ff5ce1,https://d18vdu4p71yql0.cloudfront.net/libraries/noun-project/Book-thin_864_584233.svg
Core,1,nobody,nobody,https://d18vdu4p71yql0.cloudfront.net/libraries/arasaac/nobody.png,#5c9aff,,30,https://d18vdu4p71yql0.cloudfront.net/libraries/arasaac/communication board_1.png.varianted-skin.png,NARBE Words,#ff5ce1,https://d18vdu4p71yql0.cloudfront.net/libraries/noun-project/Book-thin_864_584233.svg
Core,1,anywhere,anywhere,,#5c9aff,,31,https://d18vdu4p71yql0.cloudfront.net/libraries/arasaac/communication board_1.png.varianted-skin.png,NARBE Words,#ff5ce1,https://d18vdu4p71yql0.cloudfront.net/libraries/noun-project/Book-thin_864_584233.svg
Core,1,somewhere,somewhere,,#5c9aff,,32,https://d18vdu4p71yql0.cloudfront.net/libraries/arasaac/communication board_1.png.varianted-skin.png,NARBE Words,#ff5ce1,https://d18vdu4p71yql0.cloudfront.net/libraries/noun-project/Book-thin_864_584233.svg
Core,1,hello,hello,https://d18vdu4p71yql0.cloudfront.net/libraries/arasaac/hello.png.varianted-skin.png,#5c9aff,,33,https://d18vdu4p71yql0.cloudfront.net/libraries/arasaac/communication board_1.png.varianted-skin.png,NARBE Words,#ff5ce1,https://d18vdu4p71yql0.cloudfront.net/libraries/noun-project/Book-thin_864_584233.svg
Core,1,goodbye,goodbye,https://d18vdu4p71yql0.cloudfront.net/libraries/arasaac/goodbye.png.varianted-skin.png,#5c9aff,,34,https://d18vdu4p71yql0.cloudfront.net/libraries/arasaac/communication board_1.png.varianted-skin.png,NARBE Words,#ff5ce1,https://d18vdu4p71yql0.cloudfront.net/libraries/noun-project/Book-thin_864_584233.svg
Core,1,welcome,welcome,https://d18vdu4p71yql0.cloudfront.net/libraries/arasaac/welcome.png,#5c9aff,,35,https://d18vdu4p71yql0.cloudfront.net/libraries/arasaac/communication board_1.png.varianted-skin.png,NARBE Words,#ff5ce1,https://d18vdu4p71yql0.cloudfront.net/libraries/noun-project/Book-thin_864_584233.svg
Core,1,sorry,sorry,https://d18vdu4p71yql0.cloudfront.net/libraries/arasaac/sorry.png,#5c9aff,,36,https://d18vdu4p71yql0.cloudfront.net/libraries/arasaac/communication board_1.png.varianted-skin.png,NARBE Words,#ff5ce1,https://d18vdu4p71yql0.cloudfront.net/libraries/noun-project/Book-thin_864_584233.svg
Core,1,yes please,yes please,https://d18vdu4p71yql0.cloudfront.net/libraries/arasaac/yes.png,#5c9aff,,37,https://d18vdu4p71yql0.cloudfront.net/libraries/arasaac/communication board_1.png.varianted-skin.png,NARBE Words,#ff5ce1,https://d18vdu4p71yql0.cloudfront.net/libraries/noun-project/Book-thin_864_584233.svg
Core,1,no thanks,no thanks,https://d18vdu4p71yql0.cloudfront.net/libraries/arasaac/no_1.png,#5c9aff,,38,https://d18vdu4p71yql0.cloudfront.net/libraries/arasaac/communication board_1.png.varianted-skin.png,NARBE Words,#ff5ce1,https://d18vdu4p71yql0.cloudfront.net/libraries/noun-project/Book-thin_864_584233.svg
Core,1,these,these,https://d18vdu4p71yql0.cloudfront.net/libraries/arasaac/these.png,#5c9aff,,39,https://d18vdu4p71yql0.cloudfront.net/libraries/arasaac/communication board_1.png.varianted-skin.png,NARBE Words,#ff5ce1,https://d18vdu4p71yql0.cloudfront.net/libraries/noun-project/Book-thin_864_584233.svg
Core,1,those,those,https://d18vdu4p71yql0.cloudfront.net/libraries/arasaac/those.png,#5c9aff,,40,https://d18vdu4p71yql0.cloudfront.net/libraries/arasaac/communication board_1.png.varianted-skin.png,NARBE Words,#ff5ce1,https://d18vdu4p71yql0.cloudfront.net/libraries/noun-project/Book-thin_864_584233.svg
Core,1,each,each,,#5c9aff,,41,https://d18vdu4p71yql0.cloudfront.net/libraries/arasaac/communication board_1.png.varianted-skin.png,NARBE Words,#ff5ce1,https://d18vdu4p71yql0.cloudfront.net/libraries/noun-project/Book-thin_864_584233.svg
Core,1,every,every,https://d18vdu4p71yql0.cloudfront.net/libraries/mulberry/every.svg,#5c9aff,,42,https://d18vdu4p71yql0.cloudfront.net/libraries/arasaac/communication board_1.png.varianted-skin.png,NARBE Words,#ff5ce1,https://d18vdu4p71yql0.cloudfront.net/libraries/noun-project/Book-thin_864_584233.svg
Core,1,both,both,https://d18vdu4p71yql0.cloudfront.net/libraries/arasaac/both.png,#5c9aff,,43,https://d18vdu4p71yql0.cloudfront.net/libraries/arasaac/communication board_1.png.varianted-skin.png,NARBE Words,#ff5ce1,https://d18vdu4p71yql0.cloudfront.net/libraries/noun-project/Book-thin_864_584233.svg
Core,1,any,any,https://d18vdu4p71yql0.cloudfront.net/libraries/arasaac/any.png,#5c9aff,,44,https://d18vdu4p71yql0.cloudfront.net/libraries/arasaac/communication board_1.png.varianted-skin.png,NARBE Words,#ff5ce1,https://d18vdu4p71yql0.cloudfront.net/libraries/noun-project/Book-thin_864_584233.svg
Core,1,else,else,,#5c9aff,,45,https://d18vdu4p71yql0.cloudfront.net/libraries/arasaac/communication board_1.png.varianted-skin.png,NARBE Words,#ff5ce1,https://d18vdu4p71yql0.cloudfront.net/libraries/noun-project/Book-thin_864_584233.svg
Core,1,everybody,everybody,,#5c9aff,,46,https://d18vdu4p71yql0.cloudfront.net/libraries/arasaac/communication board_1.png.varianted-skin.png,NARBE Words,#ff5ce1,https://d18vdu4p71yql0.cloudfront.net/libraries/noun-project/Book-thin_864_584233.svg
Core,1,somebody,somebody,https://d18vdu4p71yql0.cloudfront.net/libraries/noun-project/somebody_213_g.svg,#5c9aff,,47,https://d18vdu4p71yql0.cloudfront.net/libraries/arasaac/communication board_1.png.varianted-skin.png,NARBE Words,#ff5ce1,https://d18vdu4p71yql0.cloudfront.net/libraries/noun-project/Book-thin_864_584233.svg
Core,1,anybody,anybody,,#5c9aff,,48,https://d18vdu4p71yql0.cloudfront.net/libraries/arasaac/communication board_1.png.varianted-skin.png,NARBE Words,#ff5ce1,https://d18vdu4p71yql0.cloudfront.net/libraries/noun-project/Book-thin_864_584233.svg
Core,1,no one,no one,https://d18vdu4p71yql0.cloudfront.net/libraries/arasaac/no one.png,#5c9aff,,49,https://d18vdu4p71yql0.cloudfront.net/libraries/arasaac/communication board_1.png.varianted-skin.png,NARBE Words,#ff5ce1,https://d18vdu4p71yql0.cloudfront.net/libraries/noun-project/Book-thin_864_584233.svg
Core,1,nowhere,nowhere,,#5c9aff,,50,https://d18vdu4p71yql0.cloudfront.net/libraries/arasaac/communication board_1.png.varianted-skin.png,NARBE Words,#ff5ce1,https://d18vdu4p71yql0.cloudfront.net/libraries/noun-project/Book-thin_864_584233.svg
Core,1,everywhere,everywhere,,#5c9aff,,51,https://d18vdu4p71yql0.cloudfront.net/libraries/arasaac/communication board_1.png.varianted-skin.png,NARBE Words,#ff5ce1,https://d18vdu4p71yql0.cloudfront.net/libraries/noun-project/Book-thin_864_584233.svg
Core,1,whatever,whatever,,#5c9aff,,52,https://d18vdu4p71yql0.cloudfront.net/libraries/arasaac/communication board_1.png.varianted-skin.png,NARBE Words,#ff5ce1,https://d18vdu4p71yql0.cloudfront.net/libraries/noun-project/Book-thin_864_584233.svg
Core,1,whenever,whenever,,#5c9aff,,53,https://d18vdu4p71yql0.cloudfront.net/libraries/arasaac/communication board_1.png.varianted-skin.png,NARBE Words,#ff5ce1,https://d18vdu4p71yql0.cloudfront.net/libraries/noun-project/Book-thin_864_584233.svg
Core,1,wherever,wherever,,#5c9aff,,54,https://d18vdu4p71yql0.cloudfront.net/libraries/arasaac/communication board_1.png.varianted-skin.png,NARBE Words,#ff5ce1,https://d18vdu4p71yql0.cloudfront.net/libraries/noun-project/Book-thin_864_584233.svg
Core,1,whichever,whichever,,#5c9aff,,55,https://d18vdu4p71yql0.cloudfront.net/libraries/arasaac/communication board_1.png.varianted-skin.png,NARBE Words,#ff5ce1,https://d18vdu4p71yql0.cloudfront.net/libraries/noun-project/Book-thin_864_584233.svg
Core,1,certainly,certainly,,#5c9aff,,56,https://d18vdu4p71yql0.cloudfront.net/libraries/arasaac/communication board_1.png.varianted-skin.png,NARBE Words,#ff5ce1,https://d18vdu4p71yql0.cloudfront.net/libraries/noun-project/Book-thin_864_584233.svg
Core,1,absolutely,absolutely,,#5c9aff,,57,https://d18vdu4p71yql0.cloudfront.net/libraries/arasaac/communication board_1.png.varianted-skin.png,NARBE Words,#ff5ce1,https://d18vdu4p71yql0.cloudfront.net/libraries/noun-project/Book-thin_864_584233.svg
Core,1,sure,sure,,#5c9aff,,58,https://d18vdu4p71yql0.cloudfront.net/libraries/arasaac/communication board_1.png.varianted-skin.png,NARBE Words,#ff5ce1,https://d18vdu4p71yql0.cloudfront.net/libraries/noun-project/Book-thin_864_584233.svg
Core,1,probably,probably,,#5c9aff,,59,https://d18vdu4p71yql0.cloudfront.net/libraries/arasaac/communication board_1.png.varianted-skin.png,NARBE Words,#ff5ce1,https://d18vdu4p71yql0.cloudfront.net/libraries/noun-project/Book-thin_864_584233.svg
Core,1,perhaps,perhaps,https://d18vdu4p71yql0.cloudfront.net/libraries/arasaac/think.png,#5c9aff,,60,https://d18vdu4p71yql0.cloudfront.net/libraries/arasaac/communication board_1.png.varianted-skin.png,NARBE Words,#ff5ce1,https://d18vdu4p71yql0.cloudfront.net/libraries/noun-project/Book-thin_864_584233.svg
Core,1,of course,of course,,#5c9aff,,61,https://d18vdu4p71yql0.cloudfront.net/libraries/arasaac/communication board_1.png.varianted-skin.png,NARBE Words,#ff5ce1,https://d18vdu4p71yql0.cloudfront.net/libraries/noun-project/Book-thin_864_584233.svg
Core,1,thank you,thank you,,#5c9aff,,62,https://d18vdu4p71yql0.cloudfront.net/libraries/arasaac/communication board_1.png.varianted-skin.png,NARBE Words,#ff5ce1,https://d18vdu4p71yql0.cloudfront.net/libraries/noun-project/Book-thin_864_584233.svg
Core,1,excuse me,excuse me,https://d18vdu4p71yql0.cloudfront.net/libraries/tawasol/excuse me.jpg,#5c9aff,,63,https://d18vdu4p71yql0.cloudfront.net/libraries/arasaac/communication board_1.png.varianted-skin.png,NARBE Words,#ff5ce1,https://d18vdu4p71yql0.cloudfront.net/libraries/noun-project/Book-thin_864_584233.svg
Core,1,you're welcome,you're welcome,,#5c9aff,,64,https://d18vdu4p71yql0.cloudfront.net/libraries/arasaac/communication board_1.png.varianted-skin.png,NARBE Words,#ff5ce1,https://d18vdu4p71yql0.cloudfront.net/libraries/noun-project/Book-thin_864_584233.svg
Core,1,never mind,never mind,,#5c9aff,,65,https://d18vdu4p71yql0.cloudfront.net/libraries/arasaac/communication board_1.png.varianted-skin.png,NARBE Words,#ff5ce1,https://d18vdu4p71yql0.cloudfront.net/libraries/noun-project/Book-thin_864_584233.svg
Core,1,please wait,please wait,,#5c9aff,,66,https://d18vdu4p71yql0.cloudfront.net/libraries/arasaac/communication board_1.png.varianted-skin.png,NARBE Words,#ff5ce1,https://d18vdu4p71yql0.cloudfront.net/libraries/noun-project/Book-thin_864_584233.svg
Core,1,not yet,not yet,,#5c9aff,,67,https://d18vdu4p71yql0.cloudfront.net/libraries/arasaac/communication board_1.png.varianted-skin.png,NARBE Words,#ff5ce1,https://d18vdu4p71yql0.cloudfront.net/libraries/noun-project/Book-thin_864_584233.svg
Core,1,all done,all done,,#5c9aff,,68,https://d18vdu4p71yql0.cloudfront.net/libraries/arasaac/communication board_1.png.varianted-skin.png,NARBE Words,#ff5ce1,https://d18vdu4p71yql0.cloudfront.net/libraries/noun-project/Book-thin_864_584233.svg
Core,1,not now,not now,,#5c9aff,,69,https://d18vdu4p71yql0.cloudfront.net/libraries/arasaac/communication board_1.png.varianted-skin.png,NARBE Words,#ff5ce1,https://d18vdu4p71yql0.cloudfront.net/libraries/noun-project/Book-thin_864_584233.svg
Core,1,I don't know,I don't know,https://d18vdu4p71yql0.cloudfront.net/libraries/arasaac/I don't know.png,#5c9aff,,70,https://d18vdu4p71yql0.cloudfront.net/libraries/arasaac/communication board_1.png.varianted-skin.png,NARBE Words,#ff5ce1,https://d18vdu4p71yql0.cloudfront.net/libraries/noun-project/Book-thin_864_584233.svg
Core,1,I understand,I understand,,#5c9aff,,71,https://d18vdu4p71yql0.cloudfront.net/libraries/arasaac/communication board_1.png.varianted-skin.png,NARBE Words,#ff5ce1,https://d18vdu4p71yql0.cloudfront.net/libraries/noun-project/Book-thin_864_584233.svg
Core,1,I don't understand,I don't understand,,#5c9aff,,72,https://d18vdu4p71yql0.cloudfront.net/libraries/arasaac/communication board_1.png.varianted-skin.png,NARBE Words,#ff5ce1,https://d18vdu4p71yql0.cloudfront.net/libraries/noun-project/Book-thin_864_584233.svg
Core,1,that's right,that's right,,#5c9aff,,73,https://d18vdu4p71yql0.cloudfront.net/libraries/arasaac/communication board_1.png.varianted-skin.png,NARBE Words,#ff5ce1,https://d18vdu4p71yql0.cloudfront.net/libraries/noun-project/Book-thin_864_584233.svg
Core,1,that's wrong,that's wrong,,#5c9aff,,74,https://d18vdu4p71yql0.cloudfront.net/libraries/arasaac/communication board_1.png.varianted-skin.png,NARBE Words,#ff5ce1,https://d18vdu4p71yql0.cloudfront.net/libraries/noun-project/Book-thin_864_584233.svg
Core,1,my turn,my turn,https://d18vdu4p71yql0.cloudfront.net/libraries/arasaac/My turn.png,#5c9aff,,75,https://d18vdu4p71yql0.cloudfront.net/libraries/arasaac/communication board_1.png.varianted-skin.png,NARBE Words,#ff5ce1,https://d18vdu4p71yql0.cloudfront.net/libraries/noun-project/Book-thin_864_584233.svg
Core,1,your turn,your turn,https://d18vdu4p71yql0.cloudfront.net/libraries/tawasol/Your turn_2.png,#5c9aff,,76,https://d18vdu4p71yql0.cloudfront.net/libraries/arasaac/communication board_1.png.varianted-skin.png,NARBE Words,#ff5ce1,https://d18vdu4p71yql0.cloudfront.net/libraries/noun-project/Book-thin_864_584233.svg
Core,1,such,such,https://d18vdu4p71yql0.cloudfront.net/libraries/arasaac/such.png,#5c9aff,,77,https://d18vdu4p71yql0.cloudfront.net/libraries/arasaac/communication board_1.png.varianted-skin.png,NARBE Words,#ff5ce1,https://d18vdu4p71yql0.cloudfront.net/libraries/noun-project/Book-thin_864_584233.svg
Pronouns,2,I,I,https://d18vdu4p71yql0.cloudfront.net/libraries/arasaac/I.png.varianted-skin.png,#8b5cf6,,1,https://d18vdu4p71yql0.cloudfront.net/libraries/arasaac/us_2.png,NARBE Words,#ff5ce1,https://d18vdu4p71yql0.cloudfront.net/libraries/noun-project/Book-thin_864_584233.svg
Pronouns,2,you,you,https://d18vdu4p71yql0.cloudfront.net/libraries/arasaac/you.png.varianted-skin.png,#8b5cf6,,2,https://d18vdu4p71yql0.cloudfront.net/libraries/arasaac/us_2.png,NARBE Words,#ff5ce1,https://d18vdu4p71yql0.cloudfront.net/libraries/noun-project/Book-thin_864_584233.svg
Pronouns,2,he,he,https://d18vdu4p71yql0.cloudfront.net/libraries/arasaac/he.png.varianted-skin.png,#8b5cf6,,3,https://d18vdu4p71yql0.cloudfront.net/libraries/arasaac/us_2.png,NARBE Words,#ff5ce1,https://d18vdu4p71yql0.cloudfront.net/libraries/noun-project/Book-thin_864_584233.svg
Pronouns,2,she,she,https://d18vdu4p71yql0.cloudfront.net/libraries/arasaac/she.png.varianted-skin.png,#8b5cf6,,4,https://d18vdu4p71yql0.cloudfront.net/libraries/arasaac/us_2.png,NARBE Words,#ff5ce1,https://d18vdu4p71yql0.cloudfront.net/libraries/noun-project/Book-thin_864_584233.svg
Pronouns,2,we,we,https://d18vdu4p71yql0.cloudfront.net/libraries/arasaac/we.png.varianted-skin.png,#8b5cf6,,5,https://d18vdu4p71yql0.cloudfront.net/libraries/arasaac/us_2.png,NARBE Words,#ff5ce1,https://d18vdu4p71yql0.cloudfront.net/libraries/noun-project/Book-thin_864_584233.svg
Pronouns,2,they,they,https://d18vdu4p71yql0.cloudfront.net/libraries/arasaac/they.png.varianted-skin.png,#8b5cf6,,6,https://d18vdu4p71yql0.cloudfront.net/libraries/arasaac/us_2.png,NARBE Words,#ff5ce1,https://d18vdu4p71yql0.cloudfront.net/libraries/noun-project/Book-thin_864_584233.svg
Pronouns,2,me,me,https://d18vdu4p71yql0.cloudfront.net/libraries/arasaac/me.png,#8b5cf6,,7,https://d18vdu4p71yql0.cloudfront.net/libraries/arasaac/us_2.png,NARBE Words,#ff5ce1,https://d18vdu4p71yql0.cloudfront.net/libraries/noun-project/Book-thin_864_584233.svg
Pronouns,2,him,him,https://d18vdu4p71yql0.cloudfront.net/libraries/arasaac/with him.png,#8b5cf6,,8,https://d18vdu4p71yql0.cloudfront.net/libraries/arasaac/us_2.png,NARBE Words,#ff5ce1,https://d18vdu4p71yql0.cloudfront.net/libraries/noun-project/Book-thin_864_584233.svg
Pronouns,2,her,her,https://d18vdu4p71yql0.cloudfront.net/libraries/arasaac/she.png.varianted-skin.png,#8b5cf6,,9,https://d18vdu4p71yql0.cloudfront.net/libraries/arasaac/us_2.png,NARBE Words,#ff5ce1,https://d18vdu4p71yql0.cloudfront.net/libraries/noun-project/Book-thin_864_584233.svg
Pronouns,2,us,us,https://d18vdu4p71yql0.cloudfront.net/libraries/arasaac/us_1.png.varianted-skin.png,#8b5cf6,,10,https://d18vdu4p71yql0.cloudfront.net/libraries/arasaac/us_2.png,NARBE Words,#ff5ce1,https://d18vdu4p71yql0.cloudfront.net/libraries/noun-project/Book-thin_864_584233.svg
Pronouns,2,them,them,https://d18vdu4p71yql0.cloudfront.net/libraries/arasaac/them.png.varianted-skin.png,#8b5cf6,,11,https://d18vdu4p71yql0.cloudfront.net/libraries/arasaac/us_2.png,NARBE Words,#ff5ce1,https://d18vdu4p71yql0.cloudfront.net/libraries/noun-project/Book-thin_864_584233.svg
Pronouns,2,it,it,https://d18vdu4p71yql0.cloudfront.net/libraries/arasaac/it.png,#8b5cf6,,12,https://d18vdu4p71yql0.cloudfront.net/libraries/arasaac/us_2.png,NARBE Words,#ff5ce1,https://d18vdu4p71yql0.cloudfront.net/libraries/noun-project/Book-thin_864_584233.svg
Pronouns,2,my,my,https://d18vdu4p71yql0.cloudfront.net/libraries/arasaac/my (plural).png,#8b5cf6,,13,https://d18vdu4p71yql0.cloudfront.net/libraries/arasaac/us_2.png,NARBE Words,#ff5ce1,https://d18vdu4p71yql0.cloudfront.net/libraries/noun-project/Book-thin_864_584233.svg
Pronouns,2,your,your,https://d18vdu4p71yql0.cloudfront.net/libraries/arasaac/your.png,#8b5cf6,,14,https://d18vdu4p71yql0.cloudfront.net/libraries/arasaac/us_2.png,NARBE Words,#ff5ce1,https://d18vdu4p71yql0.cloudfront.net/libraries/noun-project/Book-thin_864_584233.svg
Pronouns,2,his,his,https://d18vdu4p71yql0.cloudfront.net/libraries/arasaac/he.png.varianted-skin.png,#8b5cf6,,15,https://d18vdu4p71yql0.cloudfront.net/libraries/arasaac/us_2.png,NARBE Words,#ff5ce1,https://d18vdu4p71yql0.cloudfront.net/libraries/noun-project/Book-thin_864_584233.svg
Pronouns,2,our,our,https://d18vdu4p71yql0.cloudfront.net/libraries/arasaac/our.png,#8b5cf6,,16,https://d18vdu4p71yql0.cloudfront.net/libraries/arasaac/us_2.png,NARBE Words,#ff5ce1,https://d18vdu4p71yql0.cloudfront.net/libraries/noun-project/Book-thin_864_584233.svg
Pronouns,2,their,their,https://d18vdu4p71yql0.cloudfront.net/libraries/arasaac/their_1.png,#8b5cf6,,17,https://d18vdu4p71yql0.cloudfront.net/libraries/arasaac/us_2.png,NARBE Words,#ff5ce1,https://d18vdu4p71yql0.cloudfront.net/libraries/noun-project/Book-thin_864_584233.svg
Pronouns,2,mine,mine,https://d18vdu4p71yql0.cloudfront.net/libraries/arasaac/mine.png,#8b5cf6,,18,https://d18vdu4p71yql0.cloudfront.net/libraries/arasaac/us_2.png,NARBE Words,#ff5ce1,https://d18vdu4p71yql0.cloudfront.net/libraries/noun-project/Book-thin_864_584233.svg
Pronouns,2,yours,yours,https://d18vdu4p71yql0.cloudfront.net/libraries/arasaac/yours.png,#8b5cf6,,19,https://d18vdu4p71yql0.cloudfront.net/libraries/arasaac/us_2.png,NARBE Words,#ff5ce1,https://d18vdu4p71yql0.cloudfront.net/libraries/noun-project/Book-thin_864_584233.svg
Pronouns,2,ours,ours,https://d18vdu4p71yql0.cloudfront.net/libraries/arasaac/ours.png,#8b5cf6,,20,https://d18vdu4p71yql0.cloudfront.net/libraries/arasaac/us_2.png,NARBE Words,#ff5ce1,https://d18vdu4p71yql0.cloudfront.net/libraries/noun-project/Book-thin_864_584233.svg
Pronouns,2,theirs,theirs,https://d18vdu4p71yql0.cloudfront.net/libraries/arasaac/theirs.png,#8b5cf6,,21,https://d18vdu4p71yql0.cloudfront.net/libraries/arasaac/us_2.png,NARBE Words,#ff5ce1,https://d18vdu4p71yql0.cloudfront.net/libraries/noun-project/Book-thin_864_584233.svg
Pronouns,2,myself,myself,https://d18vdu4p71yql0.cloudfront.net/libraries/arasaac/hands to your shoulders_7.png.varianted-skin.png,#8b5cf6,,22,https://d18vdu4p71yql0.cloudfront.net/libraries/arasaac/us_2.png,NARBE Words,#ff5ce1,https://d18vdu4p71yql0.cloudfront.net/libraries/noun-project/Book-thin_864_584233.svg
Pronouns,2,yourself,yourself,https://d18vdu4p71yql0.cloudfront.net/libraries/noun-project/point_965_g.svg,#8b5cf6,,23,https://d18vdu4p71yql0.cloudfront.net/libraries/arasaac/us_2.png,NARBE Words,#ff5ce1,https://d18vdu4p71yql0.cloudfront.net/libraries/noun-project/Book-thin_864_584233.svg
Pronouns,2,himself,himself,https://d18vdu4p71yql0.cloudfront.net/libraries/arasaac/he.png.varianted-skin.png,#8b5cf6,,24,https://d18vdu4p71yql0.cloudfront.net/libraries/arasaac/us_2.png,NARBE Words,#ff5ce1,https://d18vdu4p71yql0.cloudfront.net/libraries/noun-project/Book-thin_864_584233.svg
Pronouns,2,herself,herself,https://d18vdu4p71yql0.cloudfront.net/libraries/arasaac/to her.png,#8b5cf6,,25,https://d18vdu4p71yql0.cloudfront.net/libraries/arasaac/us_2.png,NARBE Words,#ff5ce1,https://d18vdu4p71yql0.cloudfront.net/libraries/noun-project/Book-thin_864_584233.svg
Pronouns,2,ourselves,ourselves,https://d18vdu4p71yql0.cloudfront.net/libraries/arasaac/ostrich.png,#8b5cf6,,26,https://d18vdu4p71yql0.cloudfront.net/libraries/arasaac/us_2.png,NARBE Words,#ff5ce1,https://d18vdu4p71yql0.cloudfront.net/libraries/noun-project/Book-thin_864_584233.svg
Pronouns,2,themselves,themselves,https://d18vdu4p71yql0.cloudfront.net/libraries/arasaac/them_2.png,#8b5cf6,,27,https://d18vdu4p71yql0.cloudfront.net/libraries/arasaac/us_2.png,NARBE Words,#ff5ce1,https://d18vdu4p71yql0.cloudfront.net/libraries/noun-project/Book-thin_864_584233.svg
Pronouns,2,its,its,,#8b5cf6,,28,https://d18vdu4p71yql0.cloudfront.net/libraries/arasaac/us_2.png,NARBE Words,#ff5ce1,https://d18vdu4p71yql0.cloudfront.net/libraries/noun-project/Book-thin_864_584233.svg
Pronouns,2,itself,itself,,#8b5cf6,,29,https://d18vdu4p71yql0.cloudfront.net/libraries/arasaac/us_2.png,NARBE Words,#ff5ce1,https://d18vdu4p71yql0.cloudfront.net/libraries/noun-project/Book-thin_864_584233.svg
Pronouns,2,oneself,oneself,,#8b5cf6,,30,https://d18vdu4p71yql0.cloudfront.net/libraries/arasaac/us_2.png,NARBE Words,#ff5ce1,https://d18vdu4p71yql0.cloudfront.net/libraries/noun-project/Book-thin_864_584233.svg
Pronouns,2,yourselves,yourselves,,#8b5cf6,,31,https://d18vdu4p71yql0.cloudfront.net/libraries/arasaac/us_2.png,NARBE Words,#ff5ce1,https://d18vdu4p71yql0.cloudfront.net/libraries/noun-project/Book-thin_864_584233.svg
Pronouns,2,one another,one another,,#8b5cf6,,32,https://d18vdu4p71yql0.cloudfront.net/libraries/arasaac/us_2.png,NARBE Words,#ff5ce1,https://d18vdu4p71yql0.cloudfront.net/libraries/noun-project/Book-thin_864_584233.svg
Pronouns,2,each other,each other,,#8b5cf6,,33,https://d18vdu4p71yql0.cloudfront.net/libraries/arasaac/us_2.png,NARBE Words,#ff5ce1,https://d18vdu4p71yql0.cloudfront.net/libraries/noun-project/Book-thin_864_584233.svg
Articles,3,a,a,https://d18vdu4p71yql0.cloudfront.net/libraries/arasaac/a.png,#06b6d4,,1,https://d18vdu4p71yql0.cloudfront.net/libraries/icomoon/article.svg,NARBE Words,#ff5ce1,https://d18vdu4p71yql0.cloudfront.net/libraries/noun-project/Book-thin_864_584233.svg
Articles,3,an,an,https://d18vdu4p71yql0.cloudfront.net/libraries/arasaac/(an)other.png,#06b6d4,,2,https://d18vdu4p71yql0.cloudfront.net/libraries/icomoon/article.svg,NARBE Words,#ff5ce1,https://d18vdu4p71yql0.cloudfront.net/libraries/noun-project/Book-thin_864_584233.svg
Articles,3,the,the,https://d18vdu4p71yql0.cloudfront.net/libraries/arasaac/the same.png,#06b6d4,,3,https://d18vdu4p71yql0.cloudfront.net/libraries/icomoon/article.svg,NARBE Words,#ff5ce1,https://d18vdu4p71yql0.cloudfront.net/libraries/noun-project/Book-thin_864_584233.svg
Verbs,4,am,am,https://d18vdu4p71yql0.cloudfront.net/libraries/arasaac/I am fine.png,#22c55e,,1,https://d18vdu4p71yql0.cloudfront.net/libraries/arasaac/verbs.png.varianted-skin.png,NARBE Words,#ff5ce1,https://d18vdu4p71yql0.cloudfront.net/libraries/noun-project/Book-thin_864_584233.svg
Verbs,4,is,is,https://d18vdu4p71yql0.cloudfront.net/libraries/arasaac/is.png.varianted-skin.png,#22c55e,,2,https://d18vdu4p71yql0.cloudfront.net/libraries/arasaac/verbs.png.varianted-skin.png,NARBE Words,#ff5ce1,https://d18vdu4p71yql0.cloudfront.net/libraries/noun-project/Book-thin_864_584233.svg
Verbs,4,are,are,https://d18vdu4p71yql0.cloudfront.net/libraries/twemoji/1f646-varxxxUNI-200d-2640-fe0f.svg,#22c55e,,3,https://d18vdu4p71yql0.cloudfront.net/libraries/arasaac/verbs.png.varianted-skin.png,NARBE Words,#ff5ce1,https://d18vdu4p71yql0.cloudfront.net/libraries/noun-project/Book-thin_864_584233.svg
Verbs,4,was,was,https://d18vdu4p71yql0.cloudfront.net/libraries/arasaac/yesterday.png,#22c55e,,4,https://d18vdu4p71yql0.cloudfront.net/libraries/arasaac/verbs.png.varianted-skin.png,NARBE Words,#ff5ce1,https://d18vdu4p71yql0.cloudfront.net/libraries/noun-project/Book-thin_864_584233.svg
Verbs,4,were,were,https://d18vdu4p71yql0.cloudfront.net/libraries/mulberry/past.svg,#22c55e,,5,https://d18vdu4p71yql0.cloudfront.net/libraries/arasaac/verbs.png.varianted-skin.png,NARBE Words,#ff5ce1,https://d18vdu4p71yql0.cloudfront.net/libraries/noun-project/Book-thin_864_584233.svg
Verbs,4,be,be,https://d18vdu4p71yql0.cloudfront.net/libraries/arasaac/be.png,#22c55e,,6,https://d18vdu4p71yql0.cloudfront.net/libraries/arasaac/verbs.png.varianted-skin.png,NARBE Words,#ff5ce1,https://d18vdu4p71yql0.cloudfront.net/libraries/noun-project/Book-thin_864_584233.svg
Verbs,4,being,being,https://d18vdu4p71yql0.cloudfront.net/libraries/arasaac/to be reflected.png.varianted-skin.png,#22c55e,,7,https://d18vdu4p71yql0.cloudfront.net/libraries/arasaac/verbs.png.varianted-skin.png,NARBE Words,#ff5ce1,https://d18vdu4p71yql0.cloudfront.net/libraries/noun-project/Book-thin_864_584233.svg
Verbs,4,been,been,https://d18vdu4p71yql0.cloudfront.net/libraries/arasaac/to lose weight.png,#22c55e,,8,https://d18vdu4p71yql0.cloudfront.net/libraries/arasaac/verbs.png.varianted-skin.png,NARBE Words,#ff5ce1,https://d18vdu4p71yql0.cloudfront.net/libraries/noun-project/Book-thin_864_584233.svg
Verbs,4,have,have,https://d18vdu4p71yql0.cloudfront.net/libraries/arasaac/to have_4.png.varianted-skin.png,#22c55e,,9,https://d18vdu4p71yql0.cloudfront.net/libraries/arasaac/verbs.png.varianted-skin.png,NARBE Words,#ff5ce1,https://d18vdu4p71yql0.cloudfront.net/libraries/noun-project/Book-thin_864_584233.svg
Verbs,4,has,has,https://d18vdu4p71yql0.cloudfront.net/libraries/arasaac/to have_4.png.varianted-skin.png,#22c55e,,10,https://d18vdu4p71yql0.cloudfront.net/libraries/arasaac/verbs.png.varianted-skin.png,NARBE Words,#ff5ce1,https://d18vdu4p71yql0.cloudfront.net/libraries/noun-project/Book-thin_864_584233.svg
Verbs,4,had,had,https://d18vdu4p71yql0.cloudfront.net/libraries/noun-project/cookie_220_648641.svg,#22c55e,,11,https://d18vdu4p71yql0.cloudfront.net/libraries/arasaac/verbs.png.varianted-skin.png,NARBE Words,#ff5ce1,https://d18vdu4p71yql0.cloudfront.net/libraries/noun-project/Book-thin_864_584233.svg
Verbs,4,do,do,https://d18vdu4p71yql0.cloudfront.net/libraries/arasaac/to do exercise_2.png.varianted-skin.png,#22c55e,,12,https://d18vdu4p71yql0.cloudfront.net/libraries/arasaac/verbs.png.varianted-skin.png,NARBE Words,#ff5ce1,https://d18vdu4p71yql0.cloudfront.net/libraries/noun-project/Book-thin_864_584233.svg
Verbs,4,does,does,https://d18vdu4p71yql0.cloudfront.net/libraries/arasaac/scientists.png.varianted-skin.png,#22c55e,,13,https://d18vdu4p71yql0.cloudfront.net/libraries/arasaac/verbs.png.varianted-skin.png,NARBE Words,#ff5ce1,https://d18vdu4p71yql0.cloudfront.net/libraries/noun-project/Book-thin_864_584233.svg
Verbs,4,did,did,https://d18vdu4p71yql0.cloudfront.net/libraries/arasaac/to do exercise_27.png.varianted-skin.png,#22c55e,,14,https://d18vdu4p71yql0.cloudfront.net/libraries/arasaac/verbs.png.varianted-skin.png,NARBE Words,#ff5ce1,https://d18vdu4p71yql0.cloudfront.net/libraries/noun-project/Book-thin_864_584233.svg
Verbs,4,want,want,https://d18vdu4p71yql0.cloudfront.net/libraries/arasaac/to want.png.varianted-skin.png,#22c55e,,15,https://d18vdu4p71yql0.cloudfront.net/libraries/arasaac/verbs.png.varianted-skin.png,NARBE Words,#ff5ce1,https://d18vdu4p71yql0.cloudfront.net/libraries/noun-project/Book-thin_864_584233.svg
Verbs,4,need,need,https://d18vdu4p71yql0.cloudfront.net/libraries/arasaac/I need help.png,#22c55e,,16,https://d18vdu4p71yql0.cloudfront.net/libraries/arasaac/verbs.png.varianted-skin.png,NARBE Words,#ff5ce1,https://d18vdu4p71yql0.cloudfront.net/libraries/noun-project/Book-thin_864_584233.svg
Verbs,4,like,like,https://d18vdu4p71yql0.cloudfront.net/libraries/noun-project/like_9767_dd14ee88-7789-43b7-958d-c8d44a3e1458.svg,#22c55e,,17,https://d18vdu4p71yql0.cloudfront.net/libraries/arasaac/verbs.png.varianted-skin.png,NARBE Words,#ff5ce1,https://d18vdu4p71yql0.cloudfront.net/libraries/noun-project/Book-thin_864_584233.svg
Verbs,4,dislike,dislike,https://d18vdu4p71yql0.cloudfront.net/libraries/arasaac/dislike.png.varianted-skin.png,#22c55e,,18,https://d18vdu4p71yql0.cloudfront.net/libraries/arasaac/verbs.png.varianted-skin.png,NARBE Words,#ff5ce1,https://d18vdu4p71yql0.cloudfront.net/libraries/noun-project/Book-thin_864_584233.svg
Verbs,4,love,love,https://d18vdu4p71yql0.cloudfront.net/libraries/arasaac/love.png.varianted-skin.png,#22c55e,,19,https://d18vdu4p71yql0.cloudfront.net/libraries/arasaac/verbs.png.varianted-skin.png,NARBE Words,#ff5ce1,https://d18vdu4p71yql0.cloudfront.net/libraries/noun-project/Book-thin_864_584233.svg
Verbs,4,hate,hate,https://d18vdu4p71yql0.cloudfront.net/libraries/noun-project/Hate-724f26f04e.svg,#22c55e,,20,https://d18vdu4p71yql0.cloudfront.net/libraries/arasaac/verbs.png.varianted-skin.png,NARBE Words,#ff5ce1,https://d18vdu4p71yql0.cloudfront.net/libraries/noun-project/Book-thin_864_584233.svg
Verbs,4,see,see,https://d18vdu4p71yql0.cloudfront.net/libraries/arasaac/to see_4.png.varianted-skin.png,#22c55e,,21,https://d18vdu4p71yql0.cloudfront.net/libraries/arasaac/verbs.png.varianted-skin.png,NARBE Words,#ff5ce1,https://d18vdu4p71yql0.cloudfront.net/libraries/noun-project/Book-thin_864_584233.svg
Verbs,4,look,look,https://d18vdu4p71yql0.cloudfront.net/libraries/arasaac/to look_1.png.varianted-skin.png,#22c55e,,22,https://d18vdu4p71yql0.cloudfront.net/libraries/arasaac/verbs.png.varianted-skin.png,NARBE Words,#ff5ce1,https://d18vdu4p71yql0.cloudfront.net/libraries/noun-project/Book-thin_864_584233.svg
Verbs,4,watch,watch,https://d18vdu4p71yql0.cloudfront.net/libraries/mulberry/watch.svg.varianted-skin.svg,#22c55e,,23,https://d18vdu4p71yql0.cloudfront.net/libraries/arasaac/verbs.png.varianted-skin.png,NARBE Words,#ff5ce1,https://d18vdu4p71yql0.cloudfront.net/libraries/noun-project/Book-thin_864_584233.svg
Verbs,4,listen,listen,https://d18vdu4p71yql0.cloudfront.net/libraries/noun-project/Listen_667_g.svg,#22c55e,,24,https://d18vdu4p71yql0.cloudfront.net/libraries/arasaac/verbs.png.varianted-skin.png,NARBE Words,#ff5ce1,https://d18vdu4p71yql0.cloudfront.net/libraries/noun-project/Book-thin_864_584233.svg
Verbs,4,say,say,https://d18vdu4p71yql0.cloudfront.net/libraries/arasaac/to say_1.png.varianted-skin.png,#22c55e,,25,https://d18vdu4p71yql0.cloudfront.net/libraries/arasaac/verbs.png.varianted-skin.png,NARBE Words,#ff5ce1,https://d18vdu4p71yql0.cloudfront.net/libraries/noun-project/Book-thin_864_584233.svg
Verbs,4,tell,tell,https://d18vdu4p71yql0.cloudfront.net/libraries/arasaac/tell.png.varianted-skin.png,#22c55e,,26,https://d18vdu4p71yql0.cloudfront.net/libraries/arasaac/verbs.png.varianted-skin.png,NARBE Words,#ff5ce1,https://d18vdu4p71yql0.cloudfront.net/libraries/noun-project/Book-thin_864_584233.svg
Verbs,4,ask,ask,https://d18vdu4p71yql0.cloudfront.net/libraries/arasaac/ask_2.png.varianted-skin.png,#22c55e,,27,https://d18vdu4p71yql0.cloudfront.net/libraries/arasaac/verbs.png.varianted-skin.png,NARBE Words,#ff5ce1,https://d18vdu4p71yql0.cloudfront.net/libraries/noun-project/Book-thin_864_584233.svg
Verbs,4,answer,answer,https://d18vdu4p71yql0.cloudfront.net/libraries/arasaac/to answer.png.varianted-skin.png,#22c55e,,28,https://d18vdu4p71yql0.cloudfront.net/libraries/arasaac/verbs.png.varianted-skin.png,NARBE Words,#ff5ce1,https://d18vdu4p71yql0.cloudfront.net/libraries/noun-project/Book-thin_864_584233.svg
Verbs,4,call,call,https://d18vdu4p71yql0.cloudfront.net/libraries/arasaac/call.png.varianted-skin.png,#22c55e,,29,https://d18vdu4p71yql0.cloudfront.net/libraries/arasaac/verbs.png.varianted-skin.png,NARBE Words,#ff5ce1,https://d18vdu4p71yql0.cloudfront.net/libraries/noun-project/Book-thin_864_584233.svg
Verbs,4,know,know,https://d18vdu4p71yql0.cloudfront.net/libraries/arasaac/to know.png,#22c55e,,30,https://d18vdu4p71yql0.cloudfront.net/libraries/arasaac/verbs.png.varianted-skin.png,NARBE Words,#ff5ce1,https://d18vdu4p71yql0.cloudfront.net/libraries/noun-project/Book-thin_864_584233.svg
Verbs,4,think,think,https://d18vdu4p71yql0.cloudfront.net/libraries/noun-project/think_118_g.svg,#22c55e,,31,https://d18vdu4p71yql0.cloudfront.net/libraries/arasaac/verbs.png.varianted-skin.png,NARBE Words,#ff5ce1,https://d18vdu4p71yql0.cloudfront.net/libraries/noun-project/Book-thin_864_584233.svg
Verbs,4,feel,feel,https://d18vdu4p71yql0.cloudfront.net/libraries/arasaac/to feel dizzy.png.varianted-skin.png,#22c55e,,32,https://d18vdu4p71yql0.cloudfront.net/libraries/arasaac/verbs.png.varianted-skin.png,NARBE Words,#ff5ce1,https://d18vdu4p71yql0.cloudfront.net/libraries/noun-project/Book-thin_864_584233.svg
Verbs,4,try,try,https://d18vdu4p71yql0.cloudfront.net/libraries/arasaac/to try.png.varianted-skin.png,#22c55e,,33,https://d18vdu4p71yql0.cloudfront.net/libraries/arasaac/verbs.png.varianted-skin.png,NARBE Words,#ff5ce1,https://d18vdu4p71yql0.cloudfront.net/libraries/noun-project/Book-thin_864_584233.svg
Verbs,4,learn,learn,https://d18vdu4p71yql0.cloudfront.net/libraries/arasaac/learn.png,#22c55e,,34,https://d18vdu4p71yql0.cloudfront.net/libraries/arasaac/verbs.png.varianted-skin.png,NARBE Words,#ff5ce1,https://d18vdu4p71yql0.cloudfront.net/libraries/noun-project/Book-thin_864_584233.svg
Verbs,4,read,read,https://d18vdu4p71yql0.cloudfront.net/libraries/noun-project/read_808_g.svg,#22c55e,,35,https://d18vdu4p71yql0.cloudfront.net/libraries/arasaac/verbs.png.varianted-skin.png,NARBE Words,#ff5ce1,https://d18vdu4p71yql0.cloudfront.net/libraries/noun-project/Book-thin_864_584233.svg
Verbs,4,write,write,https://d18vdu4p71yql0.cloudfront.net/libraries/arasaac/write.png.varianted-skin.png,#22c55e,,36,https://d18vdu4p71yql0.cloudfront.net/libraries/arasaac/verbs.png.varianted-skin.png,NARBE Words,#ff5ce1,https://d18vdu4p71yql0.cloudfront.net/libraries/noun-project/Book-thin_864_584233.svg
Verbs,4,make,make,https://d18vdu4p71yql0.cloudfront.net/libraries/arasaac/make - do - write.png.varianted-skin.png,#22c55e,,37,https://d18vdu4p71yql0.cloudfront.net/libraries/arasaac/verbs.png.varianted-skin.png,NARBE Words,#ff5ce1,https://d18vdu4p71yql0.cloudfront.net/libraries/noun-project/Book-thin_864_584233.svg
Verbs,4,get,get,https://d18vdu4p71yql0.cloudfront.net/libraries/arasaac/to receive.png.varianted-skin.png,#22c55e,,38,https://d18vdu4p71yql0.cloudfront.net/libraries/arasaac/verbs.png.varianted-skin.png,NARBE Words,#ff5ce1,https://d18vdu4p71yql0.cloudfront.net/libraries/noun-project/Book-thin_864_584233.svg
Verbs,4,give,give,https://d18vdu4p71yql0.cloudfront.net/libraries/arasaac/to give a present_1.png.varianted-skin.png,#22c55e,,39,https://d18vdu4p71yql0.cloudfront.net/libraries/arasaac/verbs.png.varianted-skin.png,NARBE Words,#ff5ce1,https://d18vdu4p71yql0.cloudfront.net/libraries/noun-project/Book-thin_864_584233.svg
Verbs,4,take,take,https://d18vdu4p71yql0.cloudfront.net/libraries/arasaac/take.png.varianted-skin.png,#22c55e,,40,https://d18vdu4p71yql0.cloudfront.net/libraries/arasaac/verbs.png.varianted-skin.png,NARBE Words,#ff5ce1,https://d18vdu4p71yql0.cloudfront.net/libraries/noun-project/Book-thin_864_584233.svg
Verbs,4,put,put,https://d18vdu4p71yql0.cloudfront.net/libraries/arasaac/put.png.varianted-skin.png,#22c55e,,41,https://d18vdu4p71yql0.cloudfront.net/libraries/arasaac/verbs.png.varianted-skin.png,NARBE Words,#ff5ce1,https://d18vdu4p71yql0.cloudfront.net/libraries/noun-project/Book-thin_864_584233.svg
Verbs,4,show,show,https://d18vdu4p71yql0.cloudfront.net/libraries/arasaac/show.png.varianted-skin.png,#22c55e,,42,https://d18vdu4p71yql0.cloudfront.net/libraries/arasaac/verbs.png.varianted-skin.png,NARBE Words,#ff5ce1,https://d18vdu4p71yql0.cloudfront.net/libraries/noun-project/Book-thin_864_584233.svg
Verbs,4,find,find,https://d18vdu4p71yql0.cloudfront.net/libraries/noun-project/Magnifying-Glass_918_708000.svg,#22c55e,,43,https://d18vdu4p71yql0.cloudfront.net/libraries/arasaac/verbs.png.varianted-skin.png,NARBE Words,#ff5ce1,https://d18vdu4p71yql0.cloudfront.net/libraries/noun-project/Book-thin_864_584233.svg
Verbs,4,use,use,https://d18vdu4p71yql0.cloudfront.net/libraries/arasaac/use.png.varianted-skin.png,#22c55e,,44,https://d18vdu4p71yql0.cloudfront.net/libraries/arasaac/verbs.png.varianted-skin.png,NARBE Words,#ff5ce1,https://d18vdu4p71yql0.cloudfront.net/libraries/noun-project/Book-thin_864_584233.svg
Verbs,4,open,open,https://d18vdu4p71yql0.cloudfront.net/libraries/arasaac/open.png,#22c55e,,45,https://d18vdu4p71yql0.cloudfront.net/libraries/arasaac/verbs.png.varianted-skin.png,NARBE Words,#ff5ce1,https://d18vdu4p71yql0.cloudfront.net/libraries/noun-project/Book-thin_864_584233.svg
Verbs,4,close,close,https://d18vdu4p71yql0.cloudfront.net/libraries/noun-project/Close_164_755939.svg,#22c55e,,46,https://d18vdu4p71yql0.cloudfront.net/libraries/arasaac/verbs.png.varianted-skin.png,NARBE Words,#ff5ce1,https://d18vdu4p71yql0.cloudfront.net/libraries/noun-project/Book-thin_864_584233.svg
Verbs,4,start,start,https://d18vdu4p71yql0.cloudfront.net/libraries/arasaac/start.png,#22c55e,,47,https://d18vdu4p71yql0.cloudfront.net/libraries/arasaac/verbs.png.varianted-skin.png,NARBE Words,#ff5ce1,https://d18vdu4p71yql0.cloudfront.net/libraries/noun-project/Book-thin_864_584233.svg
Verbs,4,move,move,https://d18vdu4p71yql0.cloudfront.net/libraries/noun-project/Move_844_339298.svg,#22c55e,,48,https://d18vdu4p71yql0.cloudfront.net/libraries/arasaac/verbs.png.varianted-skin.png,NARBE Words,#ff5ce1,https://d18vdu4p71yql0.cloudfront.net/libraries/noun-project/Book-thin_864_584233.svg
Verbs,4,sit,sit,https://d18vdu4p71yql0.cloudfront.net/libraries/arasaac/to sit on a bench_1.png,#22c55e,,49,https://d18vdu4p71yql0.cloudfront.net/libraries/arasaac/verbs.png.varianted-skin.png,NARBE Words,#ff5ce1,https://d18vdu4p71yql0.cloudfront.net/libraries/noun-project/Book-thin_864_584233.svg
Verbs,4,stand,stand,https://d18vdu4p71yql0.cloudfront.net/libraries/arasaac/to stand.png.varianted-skin.png,#22c55e,,50,https://d18vdu4p71yql0.cloudfront.net/libraries/arasaac/verbs.png.varianted-skin.png,NARBE Words,#ff5ce1,https://d18vdu4p71yql0.cloudfront.net/libraries/noun-project/Book-thin_864_584233.svg
Verbs,4,turn,turn,https://d18vdu4p71yql0.cloudfront.net/libraries/arasaac/turn.png.varianted-skin.png,#22c55e,,51,https://d18vdu4p71yql0.cloudfront.net/libraries/arasaac/verbs.png.varianted-skin.png,NARBE Words,#ff5ce1,https://d18vdu4p71yql0.cloudfront.net/libraries/noun-project/Book-thin_864_584233.svg
Verbs,4,come,come,https://d18vdu4p71yql0.cloudfront.net/libraries/arasaac/to come near_1.png.varianted-skin.png,#22c55e,,52,https://d18vdu4p71yql0.cloudfront.net/libraries/arasaac/verbs.png.varianted-skin.png,NARBE Words,#ff5ce1,https://d18vdu4p71yql0.cloudfront.net/libraries/noun-project/Book-thin_864_584233.svg
Verbs,4,leave,leave,https://d18vdu4p71yql0.cloudfront.net/libraries/arasaac/to exit_2.png.varianted-skin.png,#22c55e,,53,https://d18vdu4p71yql0.cloudfront.net/libraries/arasaac/verbs.png.varianted-skin.png,NARBE Words,#ff5ce1,https://d18vdu4p71yql0.cloudfront.net/libraries/noun-project/Book-thin_864_584233.svg
Verbs,4,wait,wait,https://d18vdu4p71yql0.cloudfront.net/libraries/arasaac/wait.png,#22c55e,,54,https://d18vdu4p71yql0.cloudfront.net/libraries/arasaac/verbs.png.varianted-skin.png,NARBE Words,#ff5ce1,https://d18vdu4p71yql0.cloudfront.net/libraries/noun-project/Book-thin_864_584233.svg
Verbs,4,change,change,https://d18vdu4p71yql0.cloudfront.net/libraries/arasaac/change.png.varianted-skin.png,#22c55e,,55,https://d18vdu4p71yql0.cloudfront.net/libraries/arasaac/verbs.png.varianted-skin.png,NARBE Words,#ff5ce1,https://d18vdu4p71yql0.cloudfront.net/libraries/noun-project/Book-thin_864_584233.svg
Verbs,4,play,play,https://d18vdu4p71yql0.cloudfront.net/libraries/arasaac/to play volleyball.png.varianted-skin.png,#22c55e,,56,https://d18vdu4p71yql0.cloudfront.net/libraries/arasaac/verbs.png.varianted-skin.png,NARBE Words,#ff5ce1,https://d18vdu4p71yql0.cloudfront.net/libraries/noun-project/Book-thin_864_584233.svg
Verbs,4,work,work,https://d18vdu4p71yql0.cloudfront.net/libraries/arasaac/to work.png,#22c55e,,57,https://d18vdu4p71yql0.cloudfront.net/libraries/arasaac/verbs.png.varianted-skin.png,NARBE Words,#ff5ce1,https://d18vdu4p71yql0.cloudfront.net/libraries/noun-project/Book-thin_864_584233.svg
Verbs,4,eat,eat,https://d18vdu4p71yql0.cloudfront.net/libraries/arasaac/to eat_1.png.varianted-skin.png,#22c55e,,58,https://d18vdu4p71yql0.cloudfront.net/libraries/arasaac/verbs.png.varianted-skin.png,NARBE Words,#ff5ce1,https://d18vdu4p71yql0.cloudfront.net/libraries/noun-project/Book-thin_864_584233.svg
Verbs,4,drink,drink,https://d18vdu4p71yql0.cloudfront.net/libraries/arasaac/to drink.png.varianted-skin.png,#22c55e,,59,https://d18vdu4p71yql0.cloudfront.net/libraries/arasaac/verbs.png.varianted-skin.png,NARBE Words,#ff5ce1,https://d18vdu4p71yql0.cloudfront.net/libraries/noun-project/Book-thin_864_584233.svg
Verbs,4,sleep,sleep,https://d18vdu4p71yql0.cloudfront.net/libraries/arasaac/to sleep_2.png.varianted-skin.png,#22c55e,,60,https://d18vdu4p71yql0.cloudfront.net/libraries/arasaac/verbs.png.varianted-skin.png,NARBE Words,#ff5ce1,https://d18vdu4p71yql0.cloudfront.net/libraries/noun-project/Book-thin_864_584233.svg
Verbs,4,breathe,breathe,https://d18vdu4p71yql0.cloudfront.net/libraries/arasaac/breathe in.png.varianted-skin.png,#22c55e,,61,https://d18vdu4p71yql0.cloudfront.net/libraries/arasaac/verbs.png.varianted-skin.png,NARBE Words,#ff5ce1,https://d18vdu4p71yql0.cloudfront.net/libraries/noun-project/Book-thin_864_584233.svg
Verbs,4,can,can,https://d18vdu4p71yql0.cloudfront.net/libraries/noun-project/can_369_566571.svg,#22c55e,,62,https://d18vdu4p71yql0.cloudfront.net/libraries/arasaac/verbs.png.varianted-skin.png,NARBE Words,#ff5ce1,https://d18vdu4p71yql0.cloudfront.net/libraries/noun-project/Book-thin_864_584233.svg
Verbs,4,could,could,https://d18vdu4p71yql0.cloudfront.net/libraries/noun-project/Weight Lifting-652791b3f9.svg,#22c55e,,63,https://d18vdu4p71yql0.cloudfront.net/libraries/arasaac/verbs.png.varianted-skin.png,NARBE Words,#ff5ce1,https://d18vdu4p71yql0.cloudfront.net/libraries/noun-project/Book-thin_864_584233.svg
Verbs,4,will,will,https://d18vdu4p71yql0.cloudfront.net/libraries/arasaac/future.png,#22c55e,,64,https://d18vdu4p71yql0.cloudfront.net/libraries/arasaac/verbs.png.varianted-skin.png,NARBE Words,#ff5ce1,https://d18vdu4p71yql0.cloudfront.net/libraries/noun-project/Book-thin_864_584233.svg
Verbs,4,would,would,https://d18vdu4p71yql0.cloudfront.net/libraries/noun-project/hands_377_g.svg,#22c55e,,65,https://d18vdu4p71yql0.cloudfront.net/libraries/arasaac/verbs.png.varianted-skin.png,NARBE Words,#ff5ce1,https://d18vdu4p71yql0.cloudfront.net/libraries/noun-project/Book-thin_864_584233.svg
Verbs,4,should,should,https://d18vdu4p71yql0.cloudfront.net/libraries/arasaac/Important_2.png,#22c55e,,66,https://d18vdu4p71yql0.cloudfront.net/libraries/arasaac/verbs.png.varianted-skin.png,NARBE Words,#ff5ce1,https://d18vdu4p71yql0.cloudfront.net/libraries/noun-project/Book-thin_864_584233.svg
Verbs,4,must,must,https://d18vdu4p71yql0.cloudfront.net/libraries/arasaac/obligation.png.varianted-skin.png,#22c55e,,67,https://d18vdu4p71yql0.cloudfront.net/libraries/arasaac/verbs.png.varianted-skin.png,NARBE Words,#ff5ce1,https://d18vdu4p71yql0.cloudfront.net/libraries/noun-project/Book-thin_864_584233.svg
Verbs,4,may,may,https://d18vdu4p71yql0.cloudfront.net/libraries/twemoji/1f937-var1f3fbUNI.svg,#22c55e,,68,https://d18vdu4p71yql0.cloudfront.net/libraries/arasaac/verbs.png.varianted-skin.png,NARBE Words,#ff5ce1,https://d18vdu4p71yql0.cloudfront.net/libraries/noun-project/Book-thin_864_584233.svg
Verbs,4,might,might,https://d18vdu4p71yql0.cloudfront.net/libraries/twemoji/1f937-var1f3fbUNI.svg,#22c55e,,69,https://d18vdu4p71yql0.cloudfront.net/libraries/arasaac/verbs.png.varianted-skin.png,NARBE Words,#ff5ce1,https://d18vdu4p71yql0.cloudfront.net/libraries/noun-project/Book-thin_864_584233.svg
Verbs,4,enjoy,enjoy,https://d18vdu4p71yql0.cloudfront.net/libraries/sclera/enjoy.png,#22c55e,,70,https://d18vdu4p71yql0.cloudfront.net/libraries/arasaac/verbs.png.varianted-skin.png,NARBE Words,#ff5ce1,https://d18vdu4p71yql0.cloudfront.net/libraries/noun-project/Book-thin_864_584233.svg
Verbs,4,prefer,prefer,https://d18vdu4p71yql0.cloudfront.net/libraries/arasaac/to prefer.png,#22c55e,,71,https://d18vdu4p71yql0.cloudfront.net/libraries/arasaac/verbs.png.varianted-skin.png,NARBE Words,#ff5ce1,https://d18vdu4p71yql0.cloudfront.net/libraries/noun-project/Book-thin_864_584233.svg
Verbs,4,remember,remember,https://d18vdu4p71yql0.cloudfront.net/libraries/arasaac/to remember.png.varianted-skin.png,#22c55e,,72,https://d18vdu4p71yql0.cloudfront.net/libraries/arasaac/verbs.png.varianted-skin.png,NARBE Words,#ff5ce1,https://d18vdu4p71yql0.cloudfront.net/libraries/noun-project/Book-thin_864_584233.svg
Verbs,4,forget,forget,https://d18vdu4p71yql0.cloudfront.net/libraries/noun-project/Forget-8ac80c1acd.svg,#22c55e,,73,https://d18vdu4p71yql0.cloudfront.net/libraries/arasaac/verbs.png.varianted-skin.png,NARBE Words,#ff5ce1,https://d18vdu4p71yql0.cloudfront.net/libraries/noun-project/Book-thin_864_584233.svg
Verbs,4,understand,understand,https://d18vdu4p71yql0.cloudfront.net/libraries/noun-project/understand_28_g.svg,#22c55e,,74,https://d18vdu4p71yql0.cloudfront.net/libraries/arasaac/verbs.png.varianted-skin.png,NARBE Words,#ff5ce1,https://d18vdu4p71yql0.cloudfront.net/libraries/noun-project/Book-thin_864_584233.svg
Verbs,4,explain,explain,https://d18vdu4p71yql0.cloudfront.net/libraries/sclera/explain.png,#22c55e,,75,https://d18vdu4p71yql0.cloudfront.net/libraries/arasaac/verbs.png.varianted-skin.png,NARBE Words,#ff5ce1,https://d18vdu4p71yql0.cloudfront.net/libraries/noun-project/Book-thin_864_584233.svg
Verbs,4,repeat,repeat,https://d18vdu4p71yql0.cloudfront.net/libraries/noun-project/Repeat-a1aac40990.svg,#22c55e,,76,https://d18vdu4p71yql0.cloudfront.net/libraries/arasaac/verbs.png.varianted-skin.png,NARBE Words,#ff5ce1,https://d18vdu4p71yql0.cloudfront.net/libraries/noun-project/Book-thin_864_584233.svg
Verbs,4,spell,spell,https://d18vdu4p71yql0.cloudfront.net/libraries/arasaac/alphabet.png,#22c55e,,77,https://d18vdu4p71yql0.cloudfront.net/libraries/arasaac/verbs.png.varianted-skin.png,NARBE Words,#ff5ce1,https://d18vdu4p71yql0.cloudfront.net/libraries/noun-project/Book-thin_864_584233.svg
Verbs,4,mean,mean,,#22c55e,,78,https://d18vdu4p71yql0.cloudfront.net/libraries/arasaac/verbs.png.varianted-skin.png,NARBE Words,#ff5ce1,https://d18vdu4p71yql0.cloudfront.net/libraries/noun-project/Book-thin_864_584233.svg
Verbs,4,choose,choose,https://d18vdu4p71yql0.cloudfront.net/libraries/arasaac/choose.png,#22c55e,,79,https://d18vdu4p71yql0.cloudfront.net/libraries/arasaac/verbs.png.varianted-skin.png,NARBE Words,#ff5ce1,https://d18vdu4p71yql0.cloudfront.net/libraries/noun-project/Book-thin_864_584233.svg
Verbs,4,decide,decide,https://d18vdu4p71yql0.cloudfront.net/libraries/sclera/decide.png,#22c55e,,80,https://d18vdu4p71yql0.cloudfront.net/libraries/arasaac/verbs.png.varianted-skin.png,NARBE Words,#ff5ce1,https://d18vdu4p71yql0.cloudfront.net/libraries/noun-project/Book-thin_864_584233.svg
Verbs,4,agree,agree,https://d18vdu4p71yql0.cloudfront.net/libraries/arasaac/Yes!.png.varianted-skin.png,#22c55e,,81,https://d18vdu4p71yql0.cloudfront.net/libraries/arasaac/verbs.png.varianted-skin.png,NARBE Words,#ff5ce1,https://d18vdu4p71yql0.cloudfront.net/libraries/noun-project/Book-thin_864_584233.svg
Verbs,4,disagree,disagree,https://d18vdu4p71yql0.cloudfront.net/libraries/arasaac/we don't agree.png,#22c55e,,82,https://d18vdu4p71yql0.cloudfront.net/libraries/arasaac/verbs.png.varianted-skin.png,NARBE Words,#ff5ce1,https://d18vdu4p71yql0.cloudfront.net/libraries/noun-project/Book-thin_864_584233.svg
Verbs,4,accept,accept,https://d18vdu4p71yql0.cloudfront.net/libraries/arasaac/to accept.png.varianted-skin.png,#22c55e,,83,https://d18vdu4p71yql0.cloudfront.net/libraries/arasaac/verbs.png.varianted-skin.png,NARBE Words,#ff5ce1,https://d18vdu4p71yql0.cloudfront.net/libraries/noun-project/Book-thin_864_584233.svg
Verbs,4,refuse,refuse,https://d18vdu4p71yql0.cloudfront.net/libraries/sclera/refuse.png,#22c55e,,84,https://d18vdu4p71yql0.cloudfront.net/libraries/arasaac/verbs.png.varianted-skin.png,NARBE Words,#ff5ce1,https://d18vdu4p71yql0.cloudfront.net/libraries/noun-project/Book-thin_864_584233.svg
Verbs,4,finish,finish,https://d18vdu4p71yql0.cloudfront.net/libraries/arasaac/finish.png.varianted-skin.png,#22c55e,,85,https://d18vdu4p71yql0.cloudfront.net/libraries/arasaac/verbs.png.varianted-skin.png,NARBE Words,#ff5ce1,https://d18vdu4p71yql0.cloudfront.net/libraries/noun-project/Book-thin_864_584233.svg
Verbs,4,continue,continue,https://d18vdu4p71yql0.cloudfront.net/libraries/arasaac/to continue.png,#22c55e,,86,https://d18vdu4p71yql0.cloudfront.net/libraries/arasaac/verbs.png.varianted-skin.png,NARBE Words,#ff5ce1,https://d18vdu4p71yql0.cloudfront.net/libraries/noun-project/Book-thin_864_584233.svg
Verbs,4,pause,pause,https://d18vdu4p71yql0.cloudfront.net/libraries/arasaac/break.png.varianted-skin.png,#22c55e,,87,https://d18vdu4p71yql0.cloudfront.net/libraries/arasaac/verbs.png.varianted-skin.png,NARBE Words,#ff5ce1,https://d18vdu4p71yql0.cloudfront.net/libraries/noun-project/Book-thin_864_584233.svg
Verbs,4,return,return,https://d18vdu4p71yql0.cloudfront.net/libraries/arasaac/return.png.varianted-skin.png,#22c55e,,88,https://d18vdu4p71yql0.cloudfront.net/libraries/arasaac/verbs.png.varianted-skin.png,NARBE Words,#ff5ce1,https://d18vdu4p71yql0.cloudfront.net/libraries/noun-project/Book-thin_864_584233.svg
Verbs,4,stay,stay,https://d18vdu4p71yql0.cloudfront.net/libraries/arasaac/to stay.png,#22c55e,,89,https://d18vdu4p71yql0.cloudfront.net/libraries/arasaac/verbs.png.varianted-skin.png,NARBE Words,#ff5ce1,https://d18vdu4p71yql0.cloudfront.net/libraries/noun-project/Book-thin_864_584233.svg
Verbs,4,reach,reach,https://d18vdu4p71yql0.cloudfront.net/libraries/sclera/reach.png,#22c55e,,90,https://d18vdu4p71yql0.cloudfront.net/libraries/arasaac/verbs.png.varianted-skin.png,NARBE Words,#ff5ce1,https://d18vdu4p71yql0.cloudfront.net/libraries/noun-project/Book-thin_864_584233.svg
Verbs,4,hold,hold,https://d18vdu4p71yql0.cloudfront.net/libraries/arasaac/hold.png.varianted-skin.png,#22c55e,,91,https://d18vdu4p71yql0.cloudfront.net/libraries/arasaac/verbs.png.varianted-skin.png,NARBE Words,#ff5ce1,https://d18vdu4p71yql0.cloudfront.net/libraries/noun-project/Book-thin_864_584233.svg
Verbs,4,carry,carry,,#22c55e,,92,https://d18vdu4p71yql0.cloudfront.net/libraries/arasaac/verbs.png.varianted-skin.png,NARBE Words,#ff5ce1,https://d18vdu4p71yql0.cloudfront.net/libraries/noun-project/Book-thin_864_584233.svg
Verbs,4,push,push,https://d18vdu4p71yql0.cloudfront.net/libraries/arasaac/push.png.varianted-skin.png,#22c55e,,93,https://d18vdu4p71yql0.cloudfront.net/libraries/arasaac/verbs.png.varianted-skin.png,NARBE Words,#ff5ce1,https://d18vdu4p71yql0.cloudfront.net/libraries/noun-project/Book-thin_864_584233.svg
Verbs,4,pull,pull,https://d18vdu4p71yql0.cloudfront.net/libraries/arasaac/to pull_4.png,#22c55e,,94,https://d18vdu4p71yql0.cloudfront.net/libraries/arasaac/verbs.png.varianted-skin.png,NARBE Words,#ff5ce1,https://d18vdu4p71yql0.cloudfront.net/libraries/noun-project/Book-thin_864_584233.svg
Verbs,4,lift,lift,https://d18vdu4p71yql0.cloudfront.net/libraries/arasaac/lift.png,#22c55e,,95,https://d18vdu4p71yql0.cloudfront.net/libraries/arasaac/verbs.png.varianted-skin.png,NARBE Words,#ff5ce1,https://d18vdu4p71yql0.cloudfront.net/libraries/noun-project/Book-thin_864_584233.svg
Verbs,4,lower,lower,https://d18vdu4p71yql0.cloudfront.net/libraries/arasaac/lower.png,#22c55e,,96,https://d18vdu4p71yql0.cloudfront.net/libraries/arasaac/verbs.png.varianted-skin.png,NARBE Words,#ff5ce1,https://d18vdu4p71yql0.cloudfront.net/libraries/noun-project/Book-thin_864_584233.svg
Verbs,4,raise,raise,https://d18vdu4p71yql0.cloudfront.net/libraries/arasaac/to raise.png.varianted-skin.png,#22c55e,,97,https://d18vdu4p71yql0.cloudfront.net/libraries/arasaac/verbs.png.varianted-skin.png,NARBE Words,#ff5ce1,https://d18vdu4p71yql0.cloudfront.net/libraries/noun-project/Book-thin_864_584233.svg
Verbs,4,bend,bend,https://d18vdu4p71yql0.cloudfront.net/libraries/noun-project/bend_373_546569.svg,#22c55e,,98,https://d18vdu4p71yql0.cloudfront.net/libraries/arasaac/verbs.png.varianted-skin.png,NARBE Words,#ff5ce1,https://d18vdu4p71yql0.cloudfront.net/libraries/noun-project/Book-thin_864_584233.svg
Verbs,4,relax,relax,https://d18vdu4p71yql0.cloudfront.net/libraries/noun-project/relax_365_g.svg,#22c55e,,99,https://d18vdu4p71yql0.cloudfront.net/libraries/arasaac/verbs.png.varianted-skin.png,NARBE Words,#ff5ce1,https://d18vdu4p71yql0.cloudfront.net/libraries/noun-project/Book-thin_864_584233.svg
Verbs,4,wash,wash,https://d18vdu4p71yql0.cloudfront.net/libraries/sclera/wash.png,#22c55e,,100,https://d18vdu4p71yql0.cloudfront.net/libraries/arasaac/verbs.png.varianted-skin.png,NARBE Words,#ff5ce1,https://d18vdu4p71yql0.cloudfront.net/libraries/noun-project/Book-thin_864_584233.svg
Verbs,4,brush,brush,https://d18vdu4p71yql0.cloudfront.net/libraries/arasaac/brush.png.varianted-skin.png,#22c55e,,101,https://d18vdu4p71yql0.cloudfront.net/libraries/arasaac/verbs.png.varianted-skin.png,NARBE Words,#ff5ce1,https://d18vdu4p71yql0.cloudfront.net/libraries/noun-project/Book-thin_864_584233.svg
Verbs,4,bathe,bathe,https://d18vdu4p71yql0.cloudfront.net/libraries/tawasol/Bathe.png,#22c55e,,102,https://d18vdu4p71yql0.cloudfront.net/libraries/arasaac/verbs.png.varianted-skin.png,NARBE Words,#ff5ce1,https://d18vdu4p71yql0.cloudfront.net/libraries/noun-project/Book-thin_864_584233.svg
Verbs,4,shower,shower,https://d18vdu4p71yql0.cloudfront.net/libraries/arasaac/shower.png,#22c55e,,103,https://d18vdu4p71yql0.cloudfront.net/libraries/arasaac/verbs.png.varianted-skin.png,NARBE Words,#ff5ce1,https://d18vdu4p71yql0.cloudfront.net/libraries/noun-project/Book-thin_864_584233.svg
Verbs,4,dress,dress,https://d18vdu4p71yql0.cloudfront.net/libraries/arasaac/dress.png,#22c55e,,104,https://d18vdu4p71yql0.cloudfront.net/libraries/arasaac/verbs.png.varianted-skin.png,NARBE Words,#ff5ce1,https://d18vdu4p71yql0.cloudfront.net/libraries/noun-project/Book-thin_864_584233.svg
Verbs,4,undress,undress,https://d18vdu4p71yql0.cloudfront.net/libraries/arasaac/to undress_1.png,#22c55e,,105,https://d18vdu4p71yql0.cloudfront.net/libraries/arasaac/verbs.png.varianted-skin.png,NARBE Words,#ff5ce1,https://d18vdu4p71yql0.cloudfront.net/libraries/noun-project/Book-thin_864_584233.svg
Verbs,4,wear,wear,https://d18vdu4p71yql0.cloudfront.net/libraries/arasaac/wear.png,#22c55e,,106,https://d18vdu4p71yql0.cloudfront.net/libraries/arasaac/verbs.png.varianted-skin.png,NARBE Words,#ff5ce1,https://d18vdu4p71yql0.cloudfront.net/libraries/noun-project/Book-thin_864_584233.svg
Verbs,4,remove,remove,https://d18vdu4p71yql0.cloudfront.net/libraries/noun-project/Remove_372_g.svg,#22c55e,,107,https://d18vdu4p71yql0.cloudfront.net/libraries/arasaac/verbs.png.varianted-skin.png,NARBE Words,#ff5ce1,https://d18vdu4p71yql0.cloudfront.net/libraries/noun-project/Book-thin_864_584233.svg
Verbs,4,fix,fix,https://d18vdu4p71yql0.cloudfront.net/libraries/arasaac/to fix.png,#22c55e,,108,https://d18vdu4p71yql0.cloudfront.net/libraries/arasaac/verbs.png.varianted-skin.png,NARBE Words,#ff5ce1,https://d18vdu4p71yql0.cloudfront.net/libraries/noun-project/Book-thin_864_584233.svg
Verbs,4,repair,repair,https://d18vdu4p71yql0.cloudfront.net/libraries/arasaac/repair.png,#22c55e,,109,https://d18vdu4p71yql0.cloudfront.net/libraries/arasaac/verbs.png.varianted-skin.png,NARBE Words,#ff5ce1,https://d18vdu4p71yql0.cloudfront.net/libraries/noun-project/Book-thin_864_584233.svg
Verbs,4,charge,charge,https://d18vdu4p71yql0.cloudfront.net/libraries/mulberry/charge.svg,#22c55e,,110,https://d18vdu4p71yql0.cloudfront.net/libraries/arasaac/verbs.png.varianted-skin.png,NARBE Words,#ff5ce1,https://d18vdu4p71yql0.cloudfront.net/libraries/noun-project/Book-thin_864_584233.svg
Verbs,4,cook,cook,https://d18vdu4p71yql0.cloudfront.net/libraries/arasaac/cook.png.varianted-skin.png,#22c55e,,111,https://d18vdu4p71yql0.cloudfront.net/libraries/arasaac/verbs.png.varianted-skin.png,NARBE Words,#ff5ce1,https://d18vdu4p71yql0.cloudfront.net/libraries/noun-project/Book-thin_864_584233.svg
Verbs,4,bake,bake,https://d18vdu4p71yql0.cloudfront.net/libraries/sclera/bake.png,#22c55e,,112,https://d18vdu4p71yql0.cloudfront.net/libraries/arasaac/verbs.png.varianted-skin.png,NARBE Words,#ff5ce1,https://d18vdu4p71yql0.cloudfront.net/libraries/noun-project/Book-thin_864_584233.svg
Verbs,4,cut,cut,https://d18vdu4p71yql0.cloudfront.net/libraries/arasaac/cut.png.varianted-skin.png,#22c55e,,113,https://d18vdu4p71yql0.cloudfront.net/libraries/arasaac/verbs.png.varianted-skin.png,NARBE Words,#ff5ce1,https://d18vdu4p71yql0.cloudfront.net/libraries/noun-project/Book-thin_864_584233.svg
Verbs,4,chew,chew,,#22c55e,,114,https://d18vdu4p71yql0.cloudfront.net/libraries/arasaac/verbs.png.varianted-skin.png,NARBE Words,#ff5ce1,https://d18vdu4p71yql0.cloudfront.net/libraries/noun-project/Book-thin_864_584233.svg
Verbs,4,swallow,swallow,https://d18vdu4p71yql0.cloudfront.net/libraries/arasaac/swallow.png,#22c55e,,115,https://d18vdu4p71yql0.cloudfront.net/libraries/arasaac/verbs.png.varianted-skin.png,NARBE Words,#ff5ce1,https://d18vdu4p71yql0.cloudfront.net/libraries/noun-project/Book-thin_864_584233.svg
Verbs,4,cough,cough,https://d18vdu4p71yql0.cloudfront.net/libraries/arasaac/cough.png.varianted-skin.png,#22c55e,,116,https://d18vdu4p71yql0.cloudfront.net/libraries/arasaac/verbs.png.varianted-skin.png,NARBE Words,#ff5ce1,https://d18vdu4p71yql0.cloudfront.net/libraries/noun-project/Book-thin_864_584233.svg
Verbs,4,sneeze,sneeze,https://d18vdu4p71yql0.cloudfront.net/libraries/noun-project/Sneeze_340_g.svg,#22c55e,,117,https://d18vdu4p71yql0.cloudfront.net/libraries/arasaac/verbs.png.varianted-skin.png,NARBE Words,#ff5ce1,https://d18vdu4p71yql0.cloudfront.net/libraries/noun-project/Book-thin_864_584233.svg
Verbs,4,smile,smile,https://d18vdu4p71yql0.cloudfront.net/libraries/arasaac/smile.png,#22c55e,,118,https://d18vdu4p71yql0.cloudfront.net/libraries/arasaac/verbs.png.varianted-skin.png,NARBE Words,#ff5ce1,https://d18vdu4p71yql0.cloudfront.net/libraries/noun-project/Book-thin_864_584233.svg
Verbs,4,laugh,laugh,https://d18vdu4p71yql0.cloudfront.net/libraries/arasaac/laugh.png,#22c55e,,119,https://d18vdu4p71yql0.cloudfront.net/libraries/arasaac/verbs.png.varianted-skin.png,NARBE Words,#ff5ce1,https://d18vdu4p71yql0.cloudfront.net/libraries/noun-project/Book-thin_864_584233.svg
Verbs,4,cry,cry,https://d18vdu4p71yql0.cloudfront.net/libraries/sclera/cry.png,#22c55e,,120,https://d18vdu4p71yql0.cloudfront.net/libraries/arasaac/verbs.png.varianted-skin.png,NARBE Words,#ff5ce1,https://d18vdu4p71yql0.cloudfront.net/libraries/noun-project/Book-thin_864_584233.svg
Verbs,4,hug,hug,https://d18vdu4p71yql0.cloudfront.net/libraries/sclera/hug.png,#22c55e,,121,https://d18vdu4p71yql0.cloudfront.net/libraries/arasaac/verbs.png.varianted-skin.png,NARBE Words,#ff5ce1,https://d18vdu4p71yql0.cloudfront.net/libraries/noun-project/Book-thin_864_584233.svg
Verbs,4,kiss,kiss,https://d18vdu4p71yql0.cloudfront.net/libraries/arasaac/kiss.png.varianted-skin.png,#22c55e,,122,https://d18vdu4p71yql0.cloudfront.net/libraries/arasaac/verbs.png.varianted-skin.png,NARBE Words,#ff5ce1,https://d18vdu4p71yql0.cloudfront.net/libraries/noun-project/Book-thin_864_584233.svg
Verbs,4,drive,drive,https://d18vdu4p71yql0.cloudfront.net/libraries/noun-project/drive_18_677708.svg,#22c55e,,123,https://d18vdu4p71yql0.cloudfront.net/libraries/arasaac/verbs.png.varianted-skin.png,NARBE Words,#ff5ce1,https://d18vdu4p71yql0.cloudfront.net/libraries/noun-project/Book-thin_864_584233.svg
Verbs,4,ride,ride,https://d18vdu4p71yql0.cloudfront.net/libraries/arasaac/to ride_1.png,#22c55e,,124,https://d18vdu4p71yql0.cloudfront.net/libraries/arasaac/verbs.png.varianted-skin.png,NARBE Words,#ff5ce1,https://d18vdu4p71yql0.cloudfront.net/libraries/noun-project/Book-thin_864_584233.svg
Verbs,4,visit,visit,https://d18vdu4p71yql0.cloudfront.net/libraries/arasaac/visit.png,#22c55e,,125,https://d18vdu4p71yql0.cloudfront.net/libraries/arasaac/verbs.png.varianted-skin.png,NARBE Words,#ff5ce1,https://d18vdu4p71yql0.cloudfront.net/libraries/noun-project/Book-thin_864_584233.svg
Verbs,4,travel,travel,https://d18vdu4p71yql0.cloudfront.net/libraries/arasaac/travel.png.varianted-skin.png,#22c55e,,126,https://d18vdu4p71yql0.cloudfront.net/libraries/arasaac/verbs.png.varianted-skin.png,NARBE Words,#ff5ce1,https://d18vdu4p71yql0.cloudfront.net/libraries/noun-project/Book-thin_864_584233.svg
Verbs,4,buy,buy,https://d18vdu4p71yql0.cloudfront.net/libraries/tawasol/Buy.png,#22c55e,,127,https://d18vdu4p71yql0.cloudfront.net/libraries/arasaac/verbs.png.varianted-skin.png,NARBE Words,#ff5ce1,https://d18vdu4p71yql0.cloudfront.net/libraries/noun-project/Book-thin_864_584233.svg
Verbs,4,pay,pay,https://d18vdu4p71yql0.cloudfront.net/libraries/arasaac/pay.png.varianted-skin.png,#22c55e,,128,https://d18vdu4p71yql0.cloudfront.net/libraries/arasaac/verbs.png.varianted-skin.png,NARBE Words,#ff5ce1,https://d18vdu4p71yql0.cloudfront.net/libraries/noun-project/Book-thin_864_584233.svg
Verbs,4,spend,spend,,#22c55e,,129,https://d18vdu4p71yql0.cloudfront.net/libraries/arasaac/verbs.png.varianted-skin.png,NARBE Words,#ff5ce1,https://d18vdu4p71yql0.cloudfront.net/libraries/noun-project/Book-thin_864_584233.svg
Verbs,4,share,share,https://d18vdu4p71yql0.cloudfront.net/libraries/noun-project/Share_36_g.svg,#22c55e,,130,https://d18vdu4p71yql0.cloudfront.net/libraries/arasaac/verbs.png.varianted-skin.png,NARBE Words,#ff5ce1,https://d18vdu4p71yql0.cloudfront.net/libraries/noun-project/Book-thin_864_584233.svg
Verbs,4,join,join,https://d18vdu4p71yql0.cloudfront.net/libraries/arasaac/to join.png.varianted-skin.png,#22c55e,,131,https://d18vdu4p71yql0.cloudfront.net/libraries/arasaac/verbs.png.varianted-skin.png,NARBE Words,#ff5ce1,https://d18vdu4p71yql0.cloudfront.net/libraries/noun-project/Book-thin_864_584233.svg
Verbs,4,dance,dance,https://d18vdu4p71yql0.cloudfront.net/libraries/arasaac/dance.png.varianted-skin.png,#22c55e,,132,https://d18vdu4p71yql0.cloudfront.net/libraries/arasaac/verbs.png.varianted-skin.png,NARBE Words,#ff5ce1,https://d18vdu4p71yql0.cloudfront.net/libraries/noun-project/Book-thin_864_584233.svg
Verbs,4,sing,sing,https://d18vdu4p71yql0.cloudfront.net/libraries/sclera/sing.png,#22c55e,,133,https://d18vdu4p71yql0.cloudfront.net/libraries/arasaac/verbs.png.varianted-skin.png,NARBE Words,#ff5ce1,https://d18vdu4p71yql0.cloudfront.net/libraries/noun-project/Book-thin_864_584233.svg
Verbs,4,draw,draw,https://d18vdu4p71yql0.cloudfront.net/libraries/sclera/draw.png,#22c55e,,134,https://d18vdu4p71yql0.cloudfront.net/libraries/arasaac/verbs.png.varianted-skin.png,NARBE Words,#ff5ce1,https://d18vdu4p71yql0.cloudfront.net/libraries/noun-project/Book-thin_864_584233.svg
Verbs,4,paint,paint,https://d18vdu4p71yql0.cloudfront.net/libraries/arasaac/paint.png.varianted-skin.png,#22c55e,,135,https://d18vdu4p71yql0.cloudfront.net/libraries/arasaac/verbs.png.varianted-skin.png,NARBE Words,#ff5ce1,https://d18vdu4p71yql0.cloudfront.net/libraries/noun-project/Book-thin_864_584233.svg
Verbs,4,count,count,https://d18vdu4p71yql0.cloudfront.net/libraries/sclera/count.png,#22c55e,,136,https://d18vdu4p71yql0.cloudfront.net/libraries/arasaac/verbs.png.varianted-skin.png,NARBE Words,#ff5ce1,https://d18vdu4p71yql0.cloudfront.net/libraries/noun-project/Book-thin_864_584233.svg
Verbs,4,smell,smell,https://d18vdu4p71yql0.cloudfront.net/libraries/arasaac/smell.png.varianted-skin.png,#22c55e,,137,https://d18vdu4p71yql0.cloudfront.net/libraries/arasaac/verbs.png.varianted-skin.png,NARBE Words,#ff5ce1,https://d18vdu4p71yql0.cloudfront.net/libraries/noun-project/Book-thin_864_584233.svg
Verbs,4,taste,taste,https://d18vdu4p71yql0.cloudfront.net/libraries/arasaac/button.png,#22c55e,,138,https://d18vdu4p71yql0.cloudfront.net/libraries/arasaac/verbs.png.varianted-skin.png,NARBE Words,#ff5ce1,https://d18vdu4p71yql0.cloudfront.net/libraries/noun-project/Book-thin_864_584233.svg
Verbs,4,touch,touch,https://d18vdu4p71yql0.cloudfront.net/libraries/arasaac/touch.png.varianted-skin.png,#22c55e,,139,https://d18vdu4p71yql0.cloudfront.net/libraries/arasaac/verbs.png.varianted-skin.png,NARBE Words,#ff5ce1,https://d18vdu4p71yql0.cloudfront.net/libraries/noun-project/Book-thin_864_584233.svg
Verbs,4,itch,itch,https://d18vdu4p71yql0.cloudfront.net/libraries/mulberry/itch.svg.varianted-skin.svg,#22c55e,,140,https://d18vdu4p71yql0.cloudfront.net/libraries/arasaac/verbs.png.varianted-skin.png,NARBE Words,#ff5ce1,https://d18vdu4p71yql0.cloudfront.net/libraries/noun-project/Book-thin_864_584233.svg
Verbs,4,bleed,bleed,https://d18vdu4p71yql0.cloudfront.net/libraries/arasaac/blood.png.varianted-skin.png,#22c55e,,141,https://d18vdu4p71yql0.cloudfront.net/libraries/arasaac/verbs.png.varianted-skin.png,NARBE Words,#ff5ce1,https://d18vdu4p71yql0.cloudfront.net/libraries/noun-project/Book-thin_864_584233.svg
Verbs,4,talk,talk,https://d18vdu4p71yql0.cloudfront.net/libraries/arasaac/talk.png.varianted-skin.png,#22c55e,,142,https://d18vdu4p71yql0.cloudfront.net/libraries/arasaac/verbs.png.varianted-skin.png,NARBE Words,#ff5ce1,https://d18vdu4p71yql0.cloudfront.net/libraries/noun-project/Book-thin_864_584233.svg
Verbs,4,check,check,https://d18vdu4p71yql0.cloudfront.net/libraries/arasaac/check.png,#22c55e,,143,https://d18vdu4p71yql0.cloudfront.net/libraries/arasaac/verbs.png.varianted-skin.png,NARBE Words,#ff5ce1,https://d18vdu4p71yql0.cloudfront.net/libraries/noun-project/Book-thin_864_584233.svg
Verbs,4,cancel,cancel,https://d18vdu4p71yql0.cloudfront.net/libraries/arasaac/to cancel_1.png,#22c55e,,144,https://d18vdu4p71yql0.cloudfront.net/libraries/arasaac/verbs.png.varianted-skin.png,NARBE Words,#ff5ce1,https://d18vdu4p71yql0.cloudfront.net/libraries/noun-project/Book-thin_864_584233.svg
Verbs,4,save,save,https://d18vdu4p71yql0.cloudfront.net/libraries/arasaac/save.png.varianted-skin.png,#22c55e,,145,https://d18vdu4p71yql0.cloudfront.net/libraries/arasaac/verbs.png.varianted-skin.png,NARBE Words,#ff5ce1,https://d18vdu4p71yql0.cloudfront.net/libraries/noun-project/Book-thin_864_584233.svg
Verbs,4,delete,delete,https://d18vdu4p71yql0.cloudfront.net/libraries/noun-project/Delete-06ee6930dc.svg,#22c55e,,146,https://d18vdu4p71yql0.cloudfront.net/libraries/arasaac/verbs.png.varianted-skin.png,NARBE Words,#ff5ce1,https://d18vdu4p71yql0.cloudfront.net/libraries/noun-project/Book-thin_864_584233.svg
Verbs,4,select,select,https://d18vdu4p71yql0.cloudfront.net/libraries/arasaac/select.png,#22c55e,,147,https://d18vdu4p71yql0.cloudfront.net/libraries/arasaac/verbs.png.varianted-skin.png,NARBE Words,#ff5ce1,https://d18vdu4p71yql0.cloudfront.net/libraries/noun-project/Book-thin_864_584233.svg
Verbs,4,connect,connect,https://d18vdu4p71yql0.cloudfront.net/libraries/arasaac/connect.png.varianted-skin.png,#22c55e,,148,https://d18vdu4p71yql0.cloudfront.net/libraries/arasaac/verbs.png.varianted-skin.png,NARBE Words,#ff5ce1,https://d18vdu4p71yql0.cloudfront.net/libraries/noun-project/Book-thin_864_584233.svg
Verbs,4,disconnect,disconnect,,#22c55e,,149,https://d18vdu4p71yql0.cloudfront.net/libraries/arasaac/verbs.png.varianted-skin.png,NARBE Words,#ff5ce1,https://d18vdu4p71yql0.cloudfront.net/libraries/noun-project/Book-thin_864_584233.svg
Verbs,4,shall,shall,,#22c55e,,150,https://d18vdu4p71yql0.cloudfront.net/libraries/arasaac/verbs.png.varianted-skin.png,NARBE Words,#ff5ce1,https://d18vdu4p71yql0.cloudfront.net/libraries/noun-project/Book-thin_864_584233.svg
Verbs,4,ought,ought,,#22c55e,,151,https://d18vdu4p71yql0.cloudfront.net/libraries/arasaac/verbs.png.varianted-skin.png,NARBE Words,#ff5ce1,https://d18vdu4p71yql0.cloudfront.net/libraries/noun-project/Book-thin_864_584233.svg
Verbs,4,seem,seem,,#22c55e,,152,https://d18vdu4p71yql0.cloudfront.net/libraries/arasaac/verbs.png.varianted-skin.png,NARBE Words,#ff5ce1,https://d18vdu4p71yql0.cloudfront.net/libraries/noun-project/Book-thin_864_584233.svg
Verbs,4,become,become,,#22c55e,,153,https://d18vdu4p71yql0.cloudfront.net/libraries/arasaac/verbs.png.varianted-skin.png,NARBE Words,#ff5ce1,https://d18vdu4p71yql0.cloudfront.net/libraries/noun-project/Book-thin_864_584233.svg
Verbs,4,happen,happen,https://d18vdu4p71yql0.cloudfront.net/libraries/tawasol/to happen.png,#22c55e,,154,https://d18vdu4p71yql0.cloudfront.net/libraries/arasaac/verbs.png.varianted-skin.png,NARBE Words,#ff5ce1,https://d18vdu4p71yql0.cloudfront.net/libraries/noun-project/Book-thin_864_584233.svg
Verbs,4,let,let,https://d18vdu4p71yql0.cloudfront.net/libraries/arasaac/easy.png.varianted-skin.png,#22c55e,,155,https://d18vdu4p71yql0.cloudfront.net/libraries/arasaac/verbs.png.varianted-skin.png,NARBE Words,#ff5ce1,https://d18vdu4p71yql0.cloudfront.net/libraries/noun-project/Book-thin_864_584233.svg
Verbs,4,keep,keep,https://d18vdu4p71yql0.cloudfront.net/libraries/arasaac/to keep.png.varianted-skin.png,#22c55e,,156,https://d18vdu4p71yql0.cloudfront.net/libraries/arasaac/verbs.png.varianted-skin.png,NARBE Words,#ff5ce1,https://d18vdu4p71yql0.cloudfront.net/libraries/noun-project/Book-thin_864_584233.svg
Verbs,4,bring,bring,https://d18vdu4p71yql0.cloudfront.net/libraries/arasaac/to bring.png.varianted-skin.png,#22c55e,,157,https://d18vdu4p71yql0.cloudfront.net/libraries/arasaac/verbs.png.varianted-skin.png,NARBE Words,#ff5ce1,https://d18vdu4p71yql0.cloudfront.net/libraries/noun-project/Book-thin_864_584233.svg
Verbs,4,send,send,https://d18vdu4p71yql0.cloudfront.net/libraries/noun-project/send_772_g.svg,#22c55e,,158,https://d18vdu4p71yql0.cloudfront.net/libraries/arasaac/verbs.png.varianted-skin.png,NARBE Words,#ff5ce1,https://d18vdu4p71yql0.cloudfront.net/libraries/noun-project/Book-thin_864_584233.svg
Verbs,4,receive,receive,https://d18vdu4p71yql0.cloudfront.net/libraries/noun-project/receive_494_g.svg,#22c55e,,159,https://d18vdu4p71yql0.cloudfront.net/libraries/arasaac/verbs.png.varianted-skin.png,NARBE Words,#ff5ce1,https://d18vdu4p71yql0.cloudfront.net/libraries/noun-project/Book-thin_864_584233.svg
Verbs,4,hear,hear,https://d18vdu4p71yql0.cloudfront.net/libraries/sclera/hear.png,#22c55e,,160,https://d18vdu4p71yql0.cloudfront.net/libraries/arasaac/verbs.png.varianted-skin.png,NARBE Words,#ff5ce1,https://d18vdu4p71yql0.cloudfront.net/libraries/noun-project/Book-thin_864_584233.svg
Verbs,4,believe,believe,,#22c55e,,161,https://d18vdu4p71yql0.cloudfront.net/libraries/arasaac/verbs.png.varianted-skin.png,NARBE Words,#ff5ce1,https://d18vdu4p71yql0.cloudfront.net/libraries/noun-project/Book-thin_864_584233.svg
Verbs,4,hope,hope,,#22c55e,,162,https://d18vdu4p71yql0.cloudfront.net/libraries/arasaac/verbs.png.varianted-skin.png,NARBE Words,#ff5ce1,https://d18vdu4p71yql0.cloudfront.net/libraries/noun-project/Book-thin_864_584233.svg
Verbs,4,wish,wish,https://d18vdu4p71yql0.cloudfront.net/libraries/arasaac/to wish.png.varianted-skin.png,#22c55e,,163,https://d18vdu4p71yql0.cloudfront.net/libraries/arasaac/verbs.png.varianted-skin.png,NARBE Words,#ff5ce1,https://d18vdu4p71yql0.cloudfront.net/libraries/noun-project/Book-thin_864_584233.svg
Verbs,4,guess,guess,https://d18vdu4p71yql0.cloudfront.net/libraries/arasaac/to guess.png.varianted-skin.png,#22c55e,,164,https://d18vdu4p71yql0.cloudfront.net/libraries/arasaac/verbs.png.varianted-skin.png,NARBE Words,#ff5ce1,https://d18vdu4p71yql0.cloudfront.net/libraries/noun-project/Book-thin_864_584233.svg
Verbs,4,wonder,wonder,https://d18vdu4p71yql0.cloudfront.net/libraries/arasaac/miracle.png.varianted-skin.png,#22c55e,,165,https://d18vdu4p71yql0.cloudfront.net/libraries/arasaac/verbs.png.varianted-skin.png,NARBE Words,#ff5ce1,https://d18vdu4p71yql0.cloudfront.net/libraries/noun-project/Book-thin_864_584233.svg
Verbs,4,notice,notice,,#22c55e,,166,https://d18vdu4p71yql0.cloudfront.net/libraries/arasaac/verbs.png.varianted-skin.png,NARBE Words,#ff5ce1,https://d18vdu4p71yql0.cloudfront.net/libraries/noun-project/Book-thin_864_584233.svg
Verbs,4,recognize,recognize,https://d18vdu4p71yql0.cloudfront.net/libraries/noun-project/recognize_707_g.svg,#22c55e,,167,https://d18vdu4p71yql0.cloudfront.net/libraries/arasaac/verbs.png.varianted-skin.png,NARBE Words,#ff5ce1,https://d18vdu4p71yql0.cloudfront.net/libraries/noun-project/Book-thin_864_584233.svg
Verbs,4,imagine,imagine,,#22c55e,,168,https://d18vdu4p71yql0.cloudfront.net/libraries/arasaac/verbs.png.varianted-skin.png,NARBE Words,#ff5ce1,https://d18vdu4p71yql0.cloudfront.net/libraries/noun-project/Book-thin_864_584233.svg
Verbs,4,expect,expect,,#22c55e,,169,https://d18vdu4p71yql0.cloudfront.net/libraries/arasaac/verbs.png.varianted-skin.png,NARBE Words,#ff5ce1,https://d18vdu4p71yql0.cloudfront.net/libraries/noun-project/Book-thin_864_584233.svg
Verbs,4,suppose,suppose,,#22c55e,,170,https://d18vdu4p71yql0.cloudfront.net/libraries/arasaac/verbs.png.varianted-skin.png,NARBE Words,#ff5ce1,https://d18vdu4p71yql0.cloudfront.net/libraries/noun-project/Book-thin_864_584233.svg
Verbs,4,realize,realize,https://d18vdu4p71yql0.cloudfront.net/libraries/arasaac/to realize.png.varianted-skin.png,#22c55e,,171,https://d18vdu4p71yql0.cloudfront.net/libraries/arasaac/verbs.png.varianted-skin.png,NARBE Words,#ff5ce1,https://d18vdu4p71yql0.cloudfront.net/libraries/noun-project/Book-thin_864_584233.svg
Verbs,4,trust,trust,,#22c55e,,172,https://d18vdu4p71yql0.cloudfront.net/libraries/arasaac/verbs.png.varianted-skin.png,NARBE Words,#ff5ce1,https://d18vdu4p71yql0.cloudfront.net/libraries/noun-project/Book-thin_864_584233.svg
Verbs,4,doubt,doubt,https://d18vdu4p71yql0.cloudfront.net/libraries/arasaac/doubt.png.varianted-skin.png,#22c55e,,173,https://d18vdu4p71yql0.cloudfront.net/libraries/arasaac/verbs.png.varianted-skin.png,NARBE Words,#ff5ce1,https://d18vdu4p71yql0.cloudfront.net/libraries/noun-project/Book-thin_864_584233.svg
Verbs,4,promise,promise,,#22c55e,,174,https://d18vdu4p71yql0.cloudfront.net/libraries/arasaac/verbs.png.varianted-skin.png,NARBE Words,#ff5ce1,https://d18vdu4p71yql0.cloudfront.net/libraries/noun-project/Book-thin_864_584233.svg
Verbs,4,care,care,https://d18vdu4p71yql0.cloudfront.net/libraries/arasaac/care.png.varianted-skin.png,#22c55e,,175,https://d18vdu4p71yql0.cloudfront.net/libraries/arasaac/verbs.png.varianted-skin.png,NARBE Words,#ff5ce1,https://d18vdu4p71yql0.cloudfront.net/libraries/noun-project/Book-thin_864_584233.svg
Verbs,4,matter,matter,https://d18vdu4p71yql0.cloudfront.net/libraries/arasaac/matter.png,#22c55e,,176,https://d18vdu4p71yql0.cloudfront.net/libraries/arasaac/verbs.png.varianted-skin.png,NARBE Words,#ff5ce1,https://d18vdu4p71yql0.cloudfront.net/libraries/noun-project/Book-thin_864_584233.svg
Verbs,4,worry,worry,,#22c55e,,177,https://d18vdu4p71yql0.cloudfront.net/libraries/arasaac/verbs.png.varianted-skin.png,NARBE Words,#ff5ce1,https://d18vdu4p71yql0.cloudfront.net/libraries/noun-project/Book-thin_864_584233.svg
Verbs,4,miss,miss,https://d18vdu4p71yql0.cloudfront.net/libraries/noun-project/miss_243_g.svg,#22c55e,,178,https://d18vdu4p71yql0.cloudfront.net/libraries/arasaac/verbs.png.varianted-skin.png,NARBE Words,#ff5ce1,https://d18vdu4p71yql0.cloudfront.net/libraries/noun-project/Book-thin_864_584233.svg
Verbs,4,mind,mind,https://d18vdu4p71yql0.cloudfront.net/libraries/noun-project/mind_966_g.svg,#22c55e,,179,https://d18vdu4p71yql0.cloudfront.net/libraries/arasaac/verbs.png.varianted-skin.png,NARBE Words,#ff5ce1,https://d18vdu4p71yql0.cloudfront.net/libraries/noun-project/Book-thin_864_584233.svg
Verbs,4,allow,allow,https://d18vdu4p71yql0.cloudfront.net/libraries/noun-project/allow_524_g.svg,#22c55e,,180,https://d18vdu4p71yql0.cloudfront.net/libraries/arasaac/verbs.png.varianted-skin.png,NARBE Words,#ff5ce1,https://d18vdu4p71yql0.cloudfront.net/libraries/noun-project/Book-thin_864_584233.svg
Verbs,4,offer,offer,https://d18vdu4p71yql0.cloudfront.net/libraries/arasaac/offer.png.varianted-skin.png,#22c55e,,181,https://d18vdu4p71yql0.cloudfront.net/libraries/arasaac/verbs.png.varianted-skin.png,NARBE Words,#ff5ce1,https://d18vdu4p71yql0.cloudfront.net/libraries/noun-project/Book-thin_864_584233.svg
Verbs,4,invite,invite,https://d18vdu4p71yql0.cloudfront.net/libraries/arasaac/to invite.png.varianted-skin.png,#22c55e,,182,https://d18vdu4p71yql0.cloudfront.net/libraries/arasaac/verbs.png.varianted-skin.png,NARBE Words,#ff5ce1,https://d18vdu4p71yql0.cloudfront.net/libraries/noun-project/Book-thin_864_584233.svg
Verbs,4,thank,thank,https://d18vdu4p71yql0.cloudfront.net/libraries/sclera/thank.png,#22c55e,,183,https://d18vdu4p71yql0.cloudfront.net/libraries/arasaac/verbs.png.varianted-skin.png,NARBE Words,#ff5ce1,https://d18vdu4p71yql0.cloudfront.net/libraries/noun-project/Book-thin_864_584233.svg
Verbs,4,greet,greet,https://d18vdu4p71yql0.cloudfront.net/libraries/arasaac/greet.png.varianted-skin.png,#22c55e,,184,https://d18vdu4p71yql0.cloudfront.net/libraries/arasaac/verbs.png.varianted-skin.png,NARBE Words,#ff5ce1,https://d18vdu4p71yql0.cloudfront.net/libraries/noun-project/Book-thin_864_584233.svg
Verbs,4,introduce,introduce,,#22c55e,,185,https://d18vdu4p71yql0.cloudfront.net/libraries/arasaac/verbs.png.varianted-skin.png,NARBE Words,#ff5ce1,https://d18vdu4p71yql0.cloudfront.net/libraries/noun-project/Book-thin_864_584233.svg
Verbs,4,apologize,apologize,,#22c55e,,186,https://d18vdu4p71yql0.cloudfront.net/libraries/arasaac/verbs.png.varianted-skin.png,NARBE Words,#ff5ce1,https://d18vdu4p71yql0.cloudfront.net/libraries/noun-project/Book-thin_864_584233.svg
Verbs,4,forgive,forgive,https://d18vdu4p71yql0.cloudfront.net/libraries/arasaac/to forgive.png,#22c55e,,187,https://d18vdu4p71yql0.cloudfront.net/libraries/arasaac/verbs.png.varianted-skin.png,NARBE Words,#ff5ce1,https://d18vdu4p71yql0.cloudfront.net/libraries/noun-project/Book-thin_864_584233.svg
Verbs,4,suggest,suggest,https://d18vdu4p71yql0.cloudfront.net/libraries/arasaac/to suggest.png.varianted-skin.png,#22c55e,,188,https://d18vdu4p71yql0.cloudfront.net/libraries/arasaac/verbs.png.varianted-skin.png,NARBE Words,#ff5ce1,https://d18vdu4p71yql0.cloudfront.net/libraries/noun-project/Book-thin_864_584233.svg
Verbs,4,discuss,discuss,https://d18vdu4p71yql0.cloudfront.net/libraries/tawasol/Discuss.png,#22c55e,,189,https://d18vdu4p71yql0.cloudfront.net/libraries/arasaac/verbs.png.varianted-skin.png,NARBE Words,#ff5ce1,https://d18vdu4p71yql0.cloudfront.net/libraries/noun-project/Book-thin_864_584233.svg
Verbs,4,describe,describe,,#22c55e,,190,https://d18vdu4p71yql0.cloudfront.net/libraries/arasaac/verbs.png.varianted-skin.png,NARBE Words,#ff5ce1,https://d18vdu4p71yql0.cloudfront.net/libraries/noun-project/Book-thin_864_584233.svg
Verbs,4,compare,compare,https://d18vdu4p71yql0.cloudfront.net/libraries/sclera/compare.png,#22c55e,,191,https://d18vdu4p71yql0.cloudfront.net/libraries/arasaac/verbs.png.varianted-skin.png,NARBE Words,#ff5ce1,https://d18vdu4p71yql0.cloudfront.net/libraries/noun-project/Book-thin_864_584233.svg
Verbs,4,mention,mention,,#22c55e,,192,https://d18vdu4p71yql0.cloudfront.net/libraries/arasaac/verbs.png.varianted-skin.png,NARBE Words,#ff5ce1,https://d18vdu4p71yql0.cloudfront.net/libraries/noun-project/Book-thin_864_584233.svg
Verbs,4,include,include,https://d18vdu4p71yql0.cloudfront.net/libraries/noun-project/Include_671_g.svg,#22c55e,,193,https://d18vdu4p71yql0.cloudfront.net/libraries/arasaac/verbs.png.varianted-skin.png,NARBE Words,#ff5ce1,https://d18vdu4p71yql0.cloudfront.net/libraries/noun-project/Book-thin_864_584233.svg
Verbs,4,add,add,https://d18vdu4p71yql0.cloudfront.net/libraries/arasaac/add.png,#22c55e,,194,https://d18vdu4p71yql0.cloudfront.net/libraries/arasaac/verbs.png.varianted-skin.png,NARBE Words,#ff5ce1,https://d18vdu4p71yql0.cloudfront.net/libraries/noun-project/Book-thin_864_584233.svg
Verbs,4,subtract,subtract,https://d18vdu4p71yql0.cloudfront.net/libraries/arasaac/subtract.png,#22c55e,,195,https://d18vdu4p71yql0.cloudfront.net/libraries/arasaac/verbs.png.varianted-skin.png,NARBE Words,#ff5ce1,https://d18vdu4p71yql0.cloudfront.net/libraries/noun-project/Book-thin_864_584233.svg
Verbs,4,measure,measure,https://d18vdu4p71yql0.cloudfront.net/libraries/arasaac/measure.png.varianted-skin.png,#22c55e,,196,https://d18vdu4p71yql0.cloudfront.net/libraries/arasaac/verbs.png.varianted-skin.png,NARBE Words,#ff5ce1,https://d18vdu4p71yql0.cloudfront.net/libraries/noun-project/Book-thin_864_584233.svg
Verbs,4,weigh,weigh,https://d18vdu4p71yql0.cloudfront.net/libraries/sclera/weigh.png,#22c55e,,197,https://d18vdu4p71yql0.cloudfront.net/libraries/arasaac/verbs.png.varianted-skin.png,NARBE Words,#ff5ce1,https://d18vdu4p71yql0.cloudfront.net/libraries/noun-project/Book-thin_864_584233.svg
Verbs,4,fill,fill,https://d18vdu4p71yql0.cloudfront.net/libraries/arasaac/to fill_1.png.varianted-skin.png,#22c55e,,198,https://d18vdu4p71yql0.cloudfront.net/libraries/arasaac/verbs.png.varianted-skin.png,NARBE Words,#ff5ce1,https://d18vdu4p71yql0.cloudfront.net/libraries/noun-project/Book-thin_864_584233.svg
Verbs,4,pour,pour,https://d18vdu4p71yql0.cloudfront.net/libraries/arasaac/pour.png.varianted-skin.png,#22c55e,,199,https://d18vdu4p71yql0.cloudfront.net/libraries/arasaac/verbs.png.varianted-skin.png,NARBE Words,#ff5ce1,https://d18vdu4p71yql0.cloudfront.net/libraries/noun-project/Book-thin_864_584233.svg
Verbs,4,spill,spill,https://d18vdu4p71yql0.cloudfront.net/libraries/arasaac/games.png.varianted-skin.png,#22c55e,,200,https://d18vdu4p71yql0.cloudfront.net/libraries/arasaac/verbs.png.varianted-skin.png,NARBE Words,#ff5ce1,https://d18vdu4p71yql0.cloudfront.net/libraries/noun-project/Book-thin_864_584233.svg
Verbs,4,mix,mix,https://d18vdu4p71yql0.cloudfront.net/libraries/sclera/mix.png,#22c55e,,201,https://d18vdu4p71yql0.cloudfront.net/libraries/arasaac/verbs.png.varianted-skin.png,NARBE Words,#ff5ce1,https://d18vdu4p71yql0.cloudfront.net/libraries/noun-project/Book-thin_864_584233.svg
Verbs,4,stir,stir,https://d18vdu4p71yql0.cloudfront.net/libraries/arasaac/stir.png.varianted-skin.png,#22c55e,,202,https://d18vdu4p71yql0.cloudfront.net/libraries/arasaac/verbs.png.varianted-skin.png,NARBE Words,#ff5ce1,https://d18vdu4p71yql0.cloudfront.net/libraries/noun-project/Book-thin_864_584233.svg
Verbs,4,peel,peel,https://d18vdu4p71yql0.cloudfront.net/libraries/arasaac/peel.png.varianted-skin.png,#22c55e,,203,https://d18vdu4p71yql0.cloudfront.net/libraries/arasaac/verbs.png.varianted-skin.png,NARBE Words,#ff5ce1,https://d18vdu4p71yql0.cloudfront.net/libraries/noun-project/Book-thin_864_584233.svg
Verbs,4,spread,spread,https://d18vdu4p71yql0.cloudfront.net/libraries/arasaac/spread.png.varianted-skin.png,#22c55e,,204,https://d18vdu4p71yql0.cloudfront.net/libraries/arasaac/verbs.png.varianted-skin.png,NARBE Words,#ff5ce1,https://d18vdu4p71yql0.cloudfront.net/libraries/noun-project/Book-thin_864_584233.svg
Verbs,4,serve,serve,https://d18vdu4p71yql0.cloudfront.net/libraries/arasaac/serve.png.varianted-skin.png,#22c55e,,205,https://d18vdu4p71yql0.cloudfront.net/libraries/arasaac/verbs.png.varianted-skin.png,NARBE Words,#ff5ce1,https://d18vdu4p71yql0.cloudfront.net/libraries/noun-project/Book-thin_864_584233.svg
Verbs,4,feed,feed,https://d18vdu4p71yql0.cloudfront.net/libraries/icomoon/feed3.svg,#22c55e,,206,https://d18vdu4p71yql0.cloudfront.net/libraries/arasaac/verbs.png.varianted-skin.png,NARBE Words,#ff5ce1,https://d18vdu4p71yql0.cloudfront.net/libraries/noun-project/Book-thin_864_584233.svg
Verbs,4,order,order,https://d18vdu4p71yql0.cloudfront.net/libraries/arasaac/order.png.varianted-skin.png,#22c55e,,207,https://d18vdu4p71yql0.cloudfront.net/libraries/arasaac/verbs.png.varianted-skin.png,NARBE Words,#ff5ce1,https://d18vdu4p71yql0.cloudfront.net/libraries/noun-project/Book-thin_864_584233.svg
Verbs,4,pack,pack,https://d18vdu4p71yql0.cloudfront.net/libraries/arasaac/pack.png,#22c55e,,208,https://d18vdu4p71yql0.cloudfront.net/libraries/arasaac/verbs.png.varianted-skin.png,NARBE Words,#ff5ce1,https://d18vdu4p71yql0.cloudfront.net/libraries/noun-project/Book-thin_864_584233.svg
Verbs,4,unpack,unpack,,#22c55e,,209,https://d18vdu4p71yql0.cloudfront.net/libraries/arasaac/verbs.png.varianted-skin.png,NARBE Words,#ff5ce1,https://d18vdu4p71yql0.cloudfront.net/libraries/noun-project/Book-thin_864_584233.svg
Verbs,4,wrap,wrap,,#22c55e,,210,https://d18vdu4p71yql0.cloudfront.net/libraries/arasaac/verbs.png.varianted-skin.png,NARBE Words,#ff5ce1,https://d18vdu4p71yql0.cloudfront.net/libraries/noun-project/Book-thin_864_584233.svg
Verbs,4,fold,fold,https://d18vdu4p71yql0.cloudfront.net/libraries/arasaac/fold.png.varianted-skin.png,#22c55e,,211,https://d18vdu4p71yql0.cloudfront.net/libraries/arasaac/verbs.png.varianted-skin.png,NARBE Words,#ff5ce1,https://d18vdu4p71yql0.cloudfront.net/libraries/noun-project/Book-thin_864_584233.svg
Verbs,4,hang,hang,https://d18vdu4p71yql0.cloudfront.net/libraries/arasaac/hang.png.varianted-skin.png,#22c55e,,212,https://d18vdu4p71yql0.cloudfront.net/libraries/arasaac/verbs.png.varianted-skin.png,NARBE Words,#ff5ce1,https://d18vdu4p71yql0.cloudfront.net/libraries/noun-project/Book-thin_864_584233.svg
Verbs,4,wipe,wipe,https://d18vdu4p71yql0.cloudfront.net/libraries/arasaac/to wipe.png.varianted-skin.png,#22c55e,,213,https://d18vdu4p71yql0.cloudfront.net/libraries/arasaac/verbs.png.varianted-skin.png,NARBE Words,#ff5ce1,https://d18vdu4p71yql0.cloudfront.net/libraries/noun-project/Book-thin_864_584233.svg
Verbs,4,sweep,sweep,https://d18vdu4p71yql0.cloudfront.net/libraries/sclera/sweep.png,#22c55e,,214,https://d18vdu4p71yql0.cloudfront.net/libraries/arasaac/verbs.png.varianted-skin.png,NARBE Words,#ff5ce1,https://d18vdu4p71yql0.cloudfront.net/libraries/noun-project/Book-thin_864_584233.svg
Verbs,4,mop,mop,https://d18vdu4p71yql0.cloudfront.net/libraries/arasaac/mop.png,#22c55e,,215,https://d18vdu4p71yql0.cloudfront.net/libraries/arasaac/verbs.png.varianted-skin.png,NARBE Words,#ff5ce1,https://d18vdu4p71yql0.cloudfront.net/libraries/noun-project/Book-thin_864_584233.svg
Verbs,4,vacuum,vacuum,https://d18vdu4p71yql0.cloudfront.net/libraries/arasaac/vacuum.png,#22c55e,,216,https://d18vdu4p71yql0.cloudfront.net/libraries/arasaac/verbs.png.varianted-skin.png,NARBE Words,#ff5ce1,https://d18vdu4p71yql0.cloudfront.net/libraries/noun-project/Book-thin_864_584233.svg
Verbs,4,rinse,rinse,https://d18vdu4p71yql0.cloudfront.net/libraries/arasaac/rinse.png.varianted-skin.png,#22c55e,,217,https://d18vdu4p71yql0.cloudfront.net/libraries/arasaac/verbs.png.varianted-skin.png,NARBE Words,#ff5ce1,https://d18vdu4p71yql0.cloudfront.net/libraries/noun-project/Book-thin_864_584233.svg
Verbs,4,soak,soak,https://d18vdu4p71yql0.cloudfront.net/libraries/arasaac/soak.png.varianted-skin.png,#22c55e,,218,https://d18vdu4p71yql0.cloudfront.net/libraries/arasaac/verbs.png.varianted-skin.png,NARBE Words,#ff5ce1,https://d18vdu4p71yql0.cloudfront.net/libraries/noun-project/Book-thin_864_584233.svg
Verbs,4,scrub,scrub,https://d18vdu4p71yql0.cloudfront.net/libraries/sclera/scrub.png,#22c55e,,219,https://d18vdu4p71yql0.cloudfront.net/libraries/arasaac/verbs.png.varianted-skin.png,NARBE Words,#ff5ce1,https://d18vdu4p71yql0.cloudfront.net/libraries/noun-project/Book-thin_864_584233.svg
Verbs,4,flush,flush,,#22c55e,,220,https://d18vdu4p71yql0.cloudfront.net/libraries/arasaac/verbs.png.varianted-skin.png,NARBE Words,#ff5ce1,https://d18vdu4p71yql0.cloudfront.net/libraries/noun-project/Book-thin_864_584233.svg
Verbs,4,lock,lock,https://d18vdu4p71yql0.cloudfront.net/libraries/arasaac/lock.png,#22c55e,,221,https://d18vdu4p71yql0.cloudfront.net/libraries/arasaac/verbs.png.varianted-skin.png,NARBE Words,#ff5ce1,https://d18vdu4p71yql0.cloudfront.net/libraries/noun-project/Book-thin_864_584233.svg
Verbs,4,unlock,unlock,https://d18vdu4p71yql0.cloudfront.net/libraries/noun-project/Unlock_630_g.svg,#22c55e,,222,https://d18vdu4p71yql0.cloudfront.net/libraries/arasaac/verbs.png.varianted-skin.png,NARBE Words,#ff5ce1,https://d18vdu4p71yql0.cloudfront.net/libraries/noun-project/Book-thin_864_584233.svg
Verbs,4,knock,knock,,#22c55e,,223,https://d18vdu4p71yql0.cloudfront.net/libraries/arasaac/verbs.png.varianted-skin.png,NARBE Words,#ff5ce1,https://d18vdu4p71yql0.cloudfront.net/libraries/noun-project/Book-thin_864_584233.svg
Verbs,4,ring,ring,https://d18vdu4p71yql0.cloudfront.net/libraries/arasaac/ring.png,#22c55e,,224,https://d18vdu4p71yql0.cloudfront.net/libraries/arasaac/verbs.png.varianted-skin.png,NARBE Words,#ff5ce1,https://d18vdu4p71yql0.cloudfront.net/libraries/noun-project/Book-thin_864_584233.svg
Verbs,4,press,press,https://d18vdu4p71yql0.cloudfront.net/libraries/arasaac/press.png,#22c55e,,225,https://d18vdu4p71yql0.cloudfront.net/libraries/arasaac/verbs.png.varianted-skin.png,NARBE Words,#ff5ce1,https://d18vdu4p71yql0.cloudfront.net/libraries/noun-project/Book-thin_864_584233.svg
Verbs,4,tap,tap,https://d18vdu4p71yql0.cloudfront.net/libraries/arasaac/tap.png,#22c55e,,226,https://d18vdu4p71yql0.cloudfront.net/libraries/arasaac/verbs.png.varianted-skin.png,NARBE Words,#ff5ce1,https://d18vdu4p71yql0.cloudfront.net/libraries/noun-project/Book-thin_864_584233.svg
Verbs,4,type,type,https://d18vdu4p71yql0.cloudfront.net/libraries/icon_archive/Type.png,#22c55e,,227,https://d18vdu4p71yql0.cloudfront.net/libraries/arasaac/verbs.png.varianted-skin.png,NARBE Words,#ff5ce1,https://d18vdu4p71yql0.cloudfront.net/libraries/noun-project/Book-thin_864_584233.svg
Verbs,4,print,print,https://d18vdu4p71yql0.cloudfront.net/libraries/mulberry/print.svg,#22c55e,,228,https://d18vdu4p71yql0.cloudfront.net/libraries/arasaac/verbs.png.varianted-skin.png,NARBE Words,#ff5ce1,https://d18vdu4p71yql0.cloudfront.net/libraries/noun-project/Book-thin_864_584233.svg
Verbs,4,copy,copy,https://d18vdu4p71yql0.cloudfront.net/libraries/arasaac/copy.png.varianted-skin.png,#22c55e,,229,https://d18vdu4p71yql0.cloudfront.net/libraries/arasaac/verbs.png.varianted-skin.png,NARBE Words,#ff5ce1,https://d18vdu4p71yql0.cloudfront.net/libraries/noun-project/Book-thin_864_584233.svg
Verbs,4,paste,paste,https://d18vdu4p71yql0.cloudfront.net/libraries/mulberry/paste.svg,#22c55e,,230,https://d18vdu4p71yql0.cloudfront.net/libraries/arasaac/verbs.png.varianted-skin.png,NARBE Words,#ff5ce1,https://d18vdu4p71yql0.cloudfront.net/libraries/noun-project/Book-thin_864_584233.svg
Verbs,4,scroll,scroll,https://d18vdu4p71yql0.cloudfront.net/libraries/language-craft/scroll.png,#22c55e,,231,https://d18vdu4p71yql0.cloudfront.net/libraries/arasaac/verbs.png.varianted-skin.png,NARBE Words,#ff5ce1,https://d18vdu4p71yql0.cloudfront.net/libraries/noun-project/Book-thin_864_584233.svg
Verbs,4,zoom,zoom,https://d18vdu4p71yql0.cloudfront.net/libraries/noun-project/Zoom-244827ad0a.svg,#22c55e,,232,https://d18vdu4p71yql0.cloudfront.net/libraries/arasaac/verbs.png.varianted-skin.png,NARBE Words,#ff5ce1,https://d18vdu4p71yql0.cloudfront.net/libraries/noun-project/Book-thin_864_584233.svg
Verbs,4,record,record,https://d18vdu4p71yql0.cloudfront.net/libraries/noun-project/Record-bd89ad4dcb.svg,#22c55e,,233,https://d18vdu4p71yql0.cloudfront.net/libraries/arasaac/verbs.png.varianted-skin.png,NARBE Words,#ff5ce1,https://d18vdu4p71yql0.cloudfront.net/libraries/noun-project/Book-thin_864_584233.svg
Verbs,4,replay,replay,,#22c55e,,234,https://d18vdu4p71yql0.cloudfront.net/libraries/arasaac/verbs.png.varianted-skin.png,NARBE Words,#ff5ce1,https://d18vdu4p71yql0.cloudfront.net/libraries/noun-project/Book-thin_864_584233.svg
Verbs,4,mute,mute,https://d18vdu4p71yql0.cloudfront.net/libraries/arasaac/mute.png.varianted-skin.png,#22c55e,,235,https://d18vdu4p71yql0.cloudfront.net/libraries/arasaac/verbs.png.varianted-skin.png,NARBE Words,#ff5ce1,https://d18vdu4p71yql0.cloudfront.net/libraries/noun-project/Book-thin_864_584233.svg
Verbs,4,unmute,unmute,,#22c55e,,236,https://d18vdu4p71yql0.cloudfront.net/libraries/arasaac/verbs.png.varianted-skin.png,NARBE Words,#ff5ce1,https://d18vdu4p71yql0.cloudfront.net/libraries/noun-project/Book-thin_864_584233.svg
Verbs,4,install,install,https://d18vdu4p71yql0.cloudfront.net/libraries/icomoon/install.svg,#22c55e,,237,https://d18vdu4p71yql0.cloudfront.net/libraries/arasaac/verbs.png.varianted-skin.png,NARBE Words,#ff5ce1,https://d18vdu4p71yql0.cloudfront.net/libraries/noun-project/Book-thin_864_584233.svg
Verbs,4,update,update,,#22c55e,,238,https://d18vdu4p71yql0.cloudfront.net/libraries/arasaac/verbs.png.varianted-skin.png,NARBE Words,#ff5ce1,https://d18vdu4p71yql0.cloudfront.net/libraries/noun-project/Book-thin_864_584233.svg
Verbs,4,restart,restart,,#22c55e,,239,https://d18vdu4p71yql0.cloudfront.net/libraries/arasaac/verbs.png.varianted-skin.png,NARBE Words,#ff5ce1,https://d18vdu4p71yql0.cloudfront.net/libraries/noun-project/Book-thin_864_584233.svg
Verbs,4,log in,log in,https://d18vdu4p71yql0.cloudfront.net/libraries/sclera/log in.png,#22c55e,,240,https://d18vdu4p71yql0.cloudfront.net/libraries/arasaac/verbs.png.varianted-skin.png,NARBE Words,#ff5ce1,https://d18vdu4p71yql0.cloudfront.net/libraries/noun-project/Book-thin_864_584233.svg
Verbs,4,log out,log out,https://d18vdu4p71yql0.cloudfront.net/libraries/sclera/log out.png,#22c55e,,241,https://d18vdu4p71yql0.cloudfront.net/libraries/arasaac/verbs.png.varianted-skin.png,NARBE Words,#ff5ce1,https://d18vdu4p71yql0.cloudfront.net/libraries/noun-project/Book-thin_864_584233.svg
Verbs,4,plug in,plug in,,#22c55e,,242,https://d18vdu4p71yql0.cloudfront.net/libraries/arasaac/verbs.png.varianted-skin.png,NARBE Words,#ff5ce1,https://d18vdu4p71yql0.cloudfront.net/libraries/noun-project/Book-thin_864_584233.svg
Verbs,4,unplug,unplug,https://d18vdu4p71yql0.cloudfront.net/libraries/arasaac/to unplug.png.varianted-skin.png,#22c55e,,243,https://d18vdu4p71yql0.cloudfront.net/libraries/arasaac/verbs.png.varianted-skin.png,NARBE Words,#ff5ce1,https://d18vdu4p71yql0.cloudfront.net/libraries/noun-project/Book-thin_864_584233.svg
Verbs,4,turn on,turn on,https://d18vdu4p71yql0.cloudfront.net/libraries/arasaac/to turn on.png.varianted-skin.png,#22c55e,,244,https://d18vdu4p71yql0.cloudfront.net/libraries/arasaac/verbs.png.varianted-skin.png,NARBE Words,#ff5ce1,https://d18vdu4p71yql0.cloudfront.net/libraries/noun-project/Book-thin_864_584233.svg
Verbs,4,turn off,turn off,https://d18vdu4p71yql0.cloudfront.net/libraries/arasaac/to turn off_1.png.varianted-skin.png,#22c55e,,245,https://d18vdu4p71yql0.cloudfront.net/libraries/arasaac/verbs.png.varianted-skin.png,NARBE Words,#ff5ce1,https://d18vdu4p71yql0.cloudfront.net/libraries/noun-project/Book-thin_864_584233.svg
Verbs,4,turn up,turn up,https://d18vdu4p71yql0.cloudfront.net/libraries/arasaac/to turn up.png.varianted-skin.png,#22c55e,,246,https://d18vdu4p71yql0.cloudfront.net/libraries/arasaac/verbs.png.varianted-skin.png,NARBE Words,#ff5ce1,https://d18vdu4p71yql0.cloudfront.net/libraries/noun-project/Book-thin_864_584233.svg
Verbs,4,turn down,turn down,,#22c55e,,247,https://d18vdu4p71yql0.cloudfront.net/libraries/arasaac/verbs.png.varianted-skin.png,NARBE Words,#ff5ce1,https://d18vdu4p71yql0.cloudfront.net/libraries/noun-project/Book-thin_864_584233.svg
Verbs,4,pick,pick,https://d18vdu4p71yql0.cloudfront.net/libraries/twemoji/26cf.svg,#22c55e,,248,https://d18vdu4p71yql0.cloudfront.net/libraries/arasaac/verbs.png.varianted-skin.png,NARBE Words,#ff5ce1,https://d18vdu4p71yql0.cloudfront.net/libraries/noun-project/Book-thin_864_584233.svg
Verbs,4,pick up,pick up,https://d18vdu4p71yql0.cloudfront.net/libraries/sclera/pick up.png,#22c55e,,249,https://d18vdu4p71yql0.cloudfront.net/libraries/arasaac/verbs.png.varianted-skin.png,NARBE Words,#ff5ce1,https://d18vdu4p71yql0.cloudfront.net/libraries/noun-project/Book-thin_864_584233.svg
Verbs,4,put down,put down,https://d18vdu4p71yql0.cloudfront.net/libraries/sclera/put down.png,#22c55e,,250,https://d18vdu4p71yql0.cloudfront.net/libraries/arasaac/verbs.png.varianted-skin.png,NARBE Words,#ff5ce1,https://d18vdu4p71yql0.cloudfront.net/libraries/noun-project/Book-thin_864_584233.svg
Verbs,4,drop,drop,https://d18vdu4p71yql0.cloudfront.net/libraries/arasaac/drop.png,#22c55e,,251,https://d18vdu4p71yql0.cloudfront.net/libraries/arasaac/verbs.png.varianted-skin.png,NARBE Words,#ff5ce1,https://d18vdu4p71yql0.cloudfront.net/libraries/noun-project/Book-thin_864_584233.svg
Verbs,4,throw,throw,https://d18vdu4p71yql0.cloudfront.net/libraries/arasaac/throw.png.varianted-skin.png,#22c55e,,252,https://d18vdu4p71yql0.cloudfront.net/libraries/arasaac/verbs.png.varianted-skin.png,NARBE Words,#ff5ce1,https://d18vdu4p71yql0.cloudfront.net/libraries/noun-project/Book-thin_864_584233.svg
Verbs,4,catch,catch,https://d18vdu4p71yql0.cloudfront.net/libraries/arasaac/to catch_2.png.varianted-skin.png,#22c55e,,253,https://d18vdu4p71yql0.cloudfront.net/libraries/arasaac/verbs.png.varianted-skin.png,NARBE Words,#ff5ce1,https://d18vdu4p71yql0.cloudfront.net/libraries/noun-project/Book-thin_864_584233.svg
Verbs,4,kick,kick,https://d18vdu4p71yql0.cloudfront.net/libraries/arasaac/kick.png.varianted-skin.png,#22c55e,,254,https://d18vdu4p71yql0.cloudfront.net/libraries/arasaac/verbs.png.varianted-skin.png,NARBE Words,#ff5ce1,https://d18vdu4p71yql0.cloudfront.net/libraries/noun-project/Book-thin_864_584233.svg
Verbs,4,hit,hit,https://d18vdu4p71yql0.cloudfront.net/libraries/arasaac/hit.png,#22c55e,,255,https://d18vdu4p71yql0.cloudfront.net/libraries/arasaac/verbs.png.varianted-skin.png,NARBE Words,#ff5ce1,https://d18vdu4p71yql0.cloudfront.net/libraries/noun-project/Book-thin_864_584233.svg
Verbs,4,roll,roll,https://d18vdu4p71yql0.cloudfront.net/libraries/arasaac/roll.png,#22c55e,,256,https://d18vdu4p71yql0.cloudfront.net/libraries/arasaac/verbs.png.varianted-skin.png,NARBE Words,#ff5ce1,https://d18vdu4p71yql0.cloudfront.net/libraries/noun-project/Book-thin_864_584233.svg
Verbs,4,bounce,bounce,https://d18vdu4p71yql0.cloudfront.net/libraries/arasaac/to bounce.png.varianted-skin.png,#22c55e,,257,https://d18vdu4p71yql0.cloudfront.net/libraries/arasaac/verbs.png.varianted-skin.png,NARBE Words,#ff5ce1,https://d18vdu4p71yql0.cloudfront.net/libraries/noun-project/Book-thin_864_584233.svg
Verbs,4,shake,shake,https://d18vdu4p71yql0.cloudfront.net/libraries/arasaac/shake.png.varianted-skin.png,#22c55e,,258,https://d18vdu4p71yql0.cloudfront.net/libraries/arasaac/verbs.png.varianted-skin.png,NARBE Words,#ff5ce1,https://d18vdu4p71yql0.cloudfront.net/libraries/noun-project/Book-thin_864_584233.svg
Verbs,4,clap,clap,https://d18vdu4p71yql0.cloudfront.net/libraries/arasaac/clapperboard.png,#22c55e,,259,https://d18vdu4p71yql0.cloudfront.net/libraries/arasaac/verbs.png.varianted-skin.png,NARBE Words,#ff5ce1,https://d18vdu4p71yql0.cloudfront.net/libraries/noun-project/Book-thin_864_584233.svg
Verbs,4,wave,wave,https://d18vdu4p71yql0.cloudfront.net/libraries/arasaac/wave.png,#22c55e,,260,https://d18vdu4p71yql0.cloudfront.net/libraries/arasaac/verbs.png.varianted-skin.png,NARBE Words,#ff5ce1,https://d18vdu4p71yql0.cloudfront.net/libraries/noun-project/Book-thin_864_584233.svg
Verbs,4,point,point,https://d18vdu4p71yql0.cloudfront.net/libraries/arasaac/point.png.varianted-skin.png,#22c55e,,261,https://d18vdu4p71yql0.cloudfront.net/libraries/arasaac/verbs.png.varianted-skin.png,NARBE Words,#ff5ce1,https://d18vdu4p71yql0.cloudfront.net/libraries/noun-project/Book-thin_864_584233.svg
Verbs,4,nod,nod,,#22c55e,,262,https://d18vdu4p71yql0.cloudfront.net/libraries/arasaac/verbs.png.varianted-skin.png,NARBE Words,#ff5ce1,https://d18vdu4p71yql0.cloudfront.net/libraries/noun-project/Book-thin_864_584233.svg
Verbs,4,blink,blink,,#22c55e,,263,https://d18vdu4p71yql0.cloudfront.net/libraries/arasaac/verbs.png.varianted-skin.png,NARBE Words,#ff5ce1,https://d18vdu4p71yql0.cloudfront.net/libraries/noun-project/Book-thin_864_584233.svg
Verbs,4,wink,wink,https://d18vdu4p71yql0.cloudfront.net/libraries/arasaac/wink.png,#22c55e,,264,https://d18vdu4p71yql0.cloudfront.net/libraries/arasaac/verbs.png.varianted-skin.png,NARBE Words,#ff5ce1,https://d18vdu4p71yql0.cloudfront.net/libraries/noun-project/Book-thin_864_584233.svg
Verbs,4,grin,grin,https://d18vdu4p71yql0.cloudfront.net/libraries/icomoon/grin.svg,#22c55e,,265,https://d18vdu4p71yql0.cloudfront.net/libraries/arasaac/verbs.png.varianted-skin.png,NARBE Words,#ff5ce1,https://d18vdu4p71yql0.cloudfront.net/libraries/noun-project/Book-thin_864_584233.svg
Verbs,4,whisper,whisper,https://d18vdu4p71yql0.cloudfront.net/libraries/arasaac/whisper.png.varianted-skin.png,#22c55e,,266,https://d18vdu4p71yql0.cloudfront.net/libraries/arasaac/verbs.png.varianted-skin.png,NARBE Words,#ff5ce1,https://d18vdu4p71yql0.cloudfront.net/libraries/noun-project/Book-thin_864_584233.svg
Verbs,4,shout,shout,https://d18vdu4p71yql0.cloudfront.net/libraries/arasaac/shout.png,#22c55e,,267,https://d18vdu4p71yql0.cloudfront.net/libraries/arasaac/verbs.png.varianted-skin.png,NARBE Words,#ff5ce1,https://d18vdu4p71yql0.cloudfront.net/libraries/noun-project/Book-thin_864_584233.svg
Verbs,4,yell,yell,,#22c55e,,268,https://d18vdu4p71yql0.cloudfront.net/libraries/arasaac/verbs.png.varianted-skin.png,NARBE Words,#ff5ce1,https://d18vdu4p71yql0.cloudfront.net/libraries/noun-project/Book-thin_864_584233.svg
Verbs,4,scream,scream,https://d18vdu4p71yql0.cloudfront.net/libraries/sclera/scream.png,#22c55e,,269,https://d18vdu4p71yql0.cloudfront.net/libraries/arasaac/verbs.png.varianted-skin.png,NARBE Words,#ff5ce1,https://d18vdu4p71yql0.cloudfront.net/libraries/noun-project/Book-thin_864_584233.svg
Verbs,4,hum,hum,,#22c55e,,270,https://d18vdu4p71yql0.cloudfront.net/libraries/arasaac/verbs.png.varianted-skin.png,NARBE Words,#ff5ce1,https://d18vdu4p71yql0.cloudfront.net/libraries/noun-project/Book-thin_864_584233.svg
Verbs,4,blow,blow,https://d18vdu4p71yql0.cloudfront.net/libraries/arasaac/to blow_2.png.varianted-skin.png,#22c55e,,271,https://d18vdu4p71yql0.cloudfront.net/libraries/arasaac/verbs.png.varianted-skin.png,NARBE Words,#ff5ce1,https://d18vdu4p71yql0.cloudfront.net/libraries/noun-project/Book-thin_864_584233.svg
Verbs,4,suck,suck,https://d18vdu4p71yql0.cloudfront.net/libraries/arasaac/suck.png.varianted-skin.png,#22c55e,,272,https://d18vdu4p71yql0.cloudfront.net/libraries/arasaac/verbs.png.varianted-skin.png,NARBE Words,#ff5ce1,https://d18vdu4p71yql0.cloudfront.net/libraries/noun-project/Book-thin_864_584233.svg
Verbs,4,spit,spit,https://d18vdu4p71yql0.cloudfront.net/libraries/sclera/spit.png,#22c55e,,273,https://d18vdu4p71yql0.cloudfront.net/libraries/arasaac/verbs.png.varianted-skin.png,NARBE Words,#ff5ce1,https://d18vdu4p71yql0.cloudfront.net/libraries/noun-project/Book-thin_864_584233.svg
Verbs,4,yawn,yawn,https://d18vdu4p71yql0.cloudfront.net/libraries/arasaac/yawn.png,#22c55e,,274,https://d18vdu4p71yql0.cloudfront.net/libraries/arasaac/verbs.png.varianted-skin.png,NARBE Words,#ff5ce1,https://d18vdu4p71yql0.cloudfront.net/libraries/noun-project/Book-thin_864_584233.svg
Verbs,4,snore,snore,https://d18vdu4p71yql0.cloudfront.net/libraries/arasaac/to snore.png.varianted-skin.png,#22c55e,,275,https://d18vdu4p71yql0.cloudfront.net/libraries/arasaac/verbs.png.varianted-skin.png,NARBE Words,#ff5ce1,https://d18vdu4p71yql0.cloudfront.net/libraries/noun-project/Book-thin_864_584233.svg
Verbs,4,sweat,sweat,https://d18vdu4p71yql0.cloudfront.net/libraries/sclera/sweat.png,#22c55e,,276,https://d18vdu4p71yql0.cloudfront.net/libraries/arasaac/verbs.png.varianted-skin.png,NARBE Words,#ff5ce1,https://d18vdu4p71yql0.cloudfront.net/libraries/noun-project/Book-thin_864_584233.svg
Verbs,4,vomit,vomit,https://d18vdu4p71yql0.cloudfront.net/libraries/arasaac/vomit.png.varianted-skin.png,#22c55e,,277,https://d18vdu4p71yql0.cloudfront.net/libraries/arasaac/verbs.png.varianted-skin.png,NARBE Words,#ff5ce1,https://d18vdu4p71yql0.cloudfront.net/libraries/noun-project/Book-thin_864_584233.svg
Verbs,4,pee,pee,https://d18vdu4p71yql0.cloudfront.net/libraries/arasaac/pee.png,#22c55e,,278,https://d18vdu4p71yql0.cloudfront.net/libraries/arasaac/verbs.png.varianted-skin.png,NARBE Words,#ff5ce1,https://d18vdu4p71yql0.cloudfront.net/libraries/noun-project/Book-thin_864_584233.svg
Verbs,4,poop,poop,https://d18vdu4p71yql0.cloudfront.net/libraries/arasaac/poop.png,#22c55e,,279,https://d18vdu4p71yql0.cloudfront.net/libraries/arasaac/verbs.png.varianted-skin.png,NARBE Words,#ff5ce1,https://d18vdu4p71yql0.cloudfront.net/libraries/noun-project/Book-thin_864_584233.svg
Verbs,4,lie down,lie down,https://d18vdu4p71yql0.cloudfront.net/libraries/arasaac/lie down.png.varianted-skin.png,#22c55e,,280,https://d18vdu4p71yql0.cloudfront.net/libraries/arasaac/verbs.png.varianted-skin.png,NARBE Words,#ff5ce1,https://d18vdu4p71yql0.cloudfront.net/libraries/noun-project/Book-thin_864_584233.svg
Verbs,4,get up,get up,https://d18vdu4p71yql0.cloudfront.net/libraries/arasaac/get up.png.varianted-skin.png,#22c55e,,281,https://d18vdu4p71yql0.cloudfront.net/libraries/arasaac/verbs.png.varianted-skin.png,NARBE Words,#ff5ce1,https://d18vdu4p71yql0.cloudfront.net/libraries/noun-project/Book-thin_864_584233.svg
Verbs,4,wake up,wake up,https://d18vdu4p71yql0.cloudfront.net/libraries/arasaac/wake up.png.varianted-skin.png,#22c55e,,282,https://d18vdu4p71yql0.cloudfront.net/libraries/arasaac/verbs.png.varianted-skin.png,NARBE Words,#ff5ce1,https://d18vdu4p71yql0.cloudfront.net/libraries/noun-project/Book-thin_864_584233.svg
Verbs,4,fall,fall,https://d18vdu4p71yql0.cloudfront.net/libraries/arasaac/fall.png.varianted-skin.png,#22c55e,,283,https://d18vdu4p71yql0.cloudfront.net/libraries/arasaac/verbs.png.varianted-skin.png,NARBE Words,#ff5ce1,https://d18vdu4p71yql0.cloudfront.net/libraries/noun-project/Book-thin_864_584233.svg
Verbs,4,slip,slip,https://d18vdu4p71yql0.cloudfront.net/libraries/arasaac/slip.png.varianted-skin.png,#22c55e,,284,https://d18vdu4p71yql0.cloudfront.net/libraries/arasaac/verbs.png.varianted-skin.png,NARBE Words,#ff5ce1,https://d18vdu4p71yql0.cloudfront.net/libraries/noun-project/Book-thin_864_584233.svg
Verbs,4,jump,jump,https://d18vdu4p71yql0.cloudfront.net/libraries/arasaac/jump.png.varianted-skin.png,#22c55e,,285,https://d18vdu4p71yql0.cloudfront.net/libraries/arasaac/verbs.png.varianted-skin.png,NARBE Words,#ff5ce1,https://d18vdu4p71yql0.cloudfront.net/libraries/noun-project/Book-thin_864_584233.svg
Verbs,4,climb,climb,https://d18vdu4p71yql0.cloudfront.net/libraries/arasaac/to climb.png.varianted-skin.png,#22c55e,,286,https://d18vdu4p71yql0.cloudfront.net/libraries/arasaac/verbs.png.varianted-skin.png,NARBE Words,#ff5ce1,https://d18vdu4p71yql0.cloudfront.net/libraries/noun-project/Book-thin_864_584233.svg
Verbs,4,crawl,crawl,https://d18vdu4p71yql0.cloudfront.net/libraries/arasaac/crawl.png.varianted-skin.png,#22c55e,,287,https://d18vdu4p71yql0.cloudfront.net/libraries/arasaac/verbs.png.varianted-skin.png,NARBE Words,#ff5ce1,https://d18vdu4p71yql0.cloudfront.net/libraries/noun-project/Book-thin_864_584233.svg
Verbs,4,lean,lean,,#22c55e,,288,https://d18vdu4p71yql0.cloudfront.net/libraries/arasaac/verbs.png.varianted-skin.png,NARBE Words,#ff5ce1,https://d18vdu4p71yql0.cloudfront.net/libraries/noun-project/Book-thin_864_584233.svg
Verbs,4,balance,balance,https://d18vdu4p71yql0.cloudfront.net/libraries/arasaac/balance.png.varianted-skin.png,#22c55e,,289,https://d18vdu4p71yql0.cloudfront.net/libraries/arasaac/verbs.png.varianted-skin.png,NARBE Words,#ff5ce1,https://d18vdu4p71yql0.cloudfront.net/libraries/noun-project/Book-thin_864_584233.svg
Verbs,4,kneel,kneel,https://d18vdu4p71yql0.cloudfront.net/libraries/sclera/kneel.png,#22c55e,,290,https://d18vdu4p71yql0.cloudfront.net/libraries/arasaac/verbs.png.varianted-skin.png,NARBE Words,#ff5ce1,https://d18vdu4p71yql0.cloudfront.net/libraries/noun-project/Book-thin_864_584233.svg
Verbs,4,squat,squat,,#22c55e,,291,https://d18vdu4p71yql0.cloudfront.net/libraries/arasaac/verbs.png.varianted-skin.png,NARBE Words,#ff5ce1,https://d18vdu4p71yql0.cloudfront.net/libraries/noun-project/Book-thin_864_584233.svg
Verbs,4,swing,swing,https://d18vdu4p71yql0.cloudfront.net/libraries/arasaac/swing.png,#22c55e,,292,https://d18vdu4p71yql0.cloudfront.net/libraries/arasaac/verbs.png.varianted-skin.png,NARBE Words,#ff5ce1,https://d18vdu4p71yql0.cloudfront.net/libraries/noun-project/Book-thin_864_584233.svg
Verbs,4,slide,slide,https://d18vdu4p71yql0.cloudfront.net/libraries/mulberry/slide.svg,#22c55e,,293,https://d18vdu4p71yql0.cloudfront.net/libraries/arasaac/verbs.png.varianted-skin.png,NARBE Words,#ff5ce1,https://d18vdu4p71yql0.cloudfront.net/libraries/noun-project/Book-thin_864_584233.svg
Verbs,4,float,float,https://d18vdu4p71yql0.cloudfront.net/libraries/arasaac/float.png,#22c55e,,294,https://d18vdu4p71yql0.cloudfront.net/libraries/arasaac/verbs.png.varianted-skin.png,NARBE Words,#ff5ce1,https://d18vdu4p71yql0.cloudfront.net/libraries/noun-project/Book-thin_864_584233.svg
Verbs,4,dive,dive,https://d18vdu4p71yql0.cloudfront.net/libraries/sclera/dive.png,#22c55e,,295,https://d18vdu4p71yql0.cloudfront.net/libraries/arasaac/verbs.png.varianted-skin.png,NARBE Words,#ff5ce1,https://d18vdu4p71yql0.cloudfront.net/libraries/noun-project/Book-thin_864_584233.svg
Verbs,4,skate,skate,https://d18vdu4p71yql0.cloudfront.net/libraries/arasaac/skate.png,#22c55e,,296,https://d18vdu4p71yql0.cloudfront.net/libraries/arasaac/verbs.png.varianted-skin.png,NARBE Words,#ff5ce1,https://d18vdu4p71yql0.cloudfront.net/libraries/noun-project/Book-thin_864_584233.svg
Verbs,4,ski,ski,https://d18vdu4p71yql0.cloudfront.net/libraries/arasaac/ski.png,#22c55e,,297,https://d18vdu4p71yql0.cloudfront.net/libraries/arasaac/verbs.png.varianted-skin.png,NARBE Words,#ff5ce1,https://d18vdu4p71yql0.cloudfront.net/libraries/noun-project/Book-thin_864_584233.svg
Verbs,4,pedal,pedal,https://d18vdu4p71yql0.cloudfront.net/libraries/arasaac/pedal.png,#22c55e,,298,https://d18vdu4p71yql0.cloudfront.net/libraries/arasaac/verbs.png.varianted-skin.png,NARBE Words,#ff5ce1,https://d18vdu4p71yql0.cloudfront.net/libraries/noun-project/Book-thin_864_584233.svg
Verbs,4,steer,steer,,#22c55e,,299,https://d18vdu4p71yql0.cloudfront.net/libraries/arasaac/verbs.png.varianted-skin.png,NARBE Words,#ff5ce1,https://d18vdu4p71yql0.cloudfront.net/libraries/noun-project/Book-thin_864_584233.svg
Verbs,4,cross,cross,https://d18vdu4p71yql0.cloudfront.net/libraries/arasaac/cross.png.varianted-skin.png,#22c55e,,300,https://d18vdu4p71yql0.cloudfront.net/libraries/arasaac/verbs.png.varianted-skin.png,NARBE Words,#ff5ce1,https://d18vdu4p71yql0.cloudfront.net/libraries/noun-project/Book-thin_864_584233.svg
Verbs,4,follow,follow,https://d18vdu4p71yql0.cloudfront.net/libraries/arasaac/to follow_2.png.varianted-skin.png,#22c55e,,301,https://d18vdu4p71yql0.cloudfront.net/libraries/arasaac/verbs.png.varianted-skin.png,NARBE Words,#ff5ce1,https://d18vdu4p71yql0.cloudfront.net/libraries/noun-project/Book-thin_864_584233.svg
Verbs,4,lead,lead,https://d18vdu4p71yql0.cloudfront.net/libraries/arasaac/lead.png.varianted-skin.png,#22c55e,,302,https://d18vdu4p71yql0.cloudfront.net/libraries/arasaac/verbs.png.varianted-skin.png,NARBE Words,#ff5ce1,https://d18vdu4p71yql0.cloudfront.net/libraries/noun-project/Book-thin_864_584233.svg
Verbs,4,pass,pass,https://d18vdu4p71yql0.cloudfront.net/libraries/arasaac/passport.png,#22c55e,,303,https://d18vdu4p71yql0.cloudfront.net/libraries/arasaac/verbs.png.varianted-skin.png,NARBE Words,#ff5ce1,https://d18vdu4p71yql0.cloudfront.net/libraries/noun-project/Book-thin_864_584233.svg
Verbs,4,meet,meet,https://d18vdu4p71yql0.cloudfront.net/libraries/arasaac/meet.png,#22c55e,,304,https://d18vdu4p71yql0.cloudfront.net/libraries/arasaac/verbs.png.varianted-skin.png,NARBE Words,#ff5ce1,https://d18vdu4p71yql0.cloudfront.net/libraries/noun-project/Book-thin_864_584233.svg
Verbs,4,arrive,arrive,https://d18vdu4p71yql0.cloudfront.net/libraries/tawasol/arrive.jpg,#22c55e,,305,https://d18vdu4p71yql0.cloudfront.net/libraries/arasaac/verbs.png.varianted-skin.png,NARBE Words,#ff5ce1,https://d18vdu4p71yql0.cloudfront.net/libraries/noun-project/Book-thin_864_584233.svg
Verbs,4,depart,depart,,#22c55e,,306,https://d18vdu4p71yql0.cloudfront.net/libraries/arasaac/verbs.png.varianted-skin.png,NARBE Words,#ff5ce1,https://d18vdu4p71yql0.cloudfront.net/libraries/noun-project/Book-thin_864_584233.svg
Verbs,4,enter,enter,https://d18vdu4p71yql0.cloudfront.net/libraries/icomoon/enter.svg,#22c55e,,307,https://d18vdu4p71yql0.cloudfront.net/libraries/arasaac/verbs.png.varianted-skin.png,NARBE Words,#ff5ce1,https://d18vdu4p71yql0.cloudfront.net/libraries/noun-project/Book-thin_864_584233.svg
Verbs,4,escape,escape,https://d18vdu4p71yql0.cloudfront.net/libraries/arasaac/exclamation sign.png,#22c55e,,308,https://d18vdu4p71yql0.cloudfront.net/libraries/arasaac/verbs.png.varianted-skin.png,NARBE Words,#ff5ce1,https://d18vdu4p71yql0.cloudfront.net/libraries/noun-project/Book-thin_864_584233.svg
Verbs,4,hide,hide,https://d18vdu4p71yql0.cloudfront.net/libraries/arasaac/hide.png.varianted-skin.png,#22c55e,,309,https://d18vdu4p71yql0.cloudfront.net/libraries/arasaac/verbs.png.varianted-skin.png,NARBE Words,#ff5ce1,https://d18vdu4p71yql0.cloudfront.net/libraries/noun-project/Book-thin_864_584233.svg
Verbs,4,seek,seek,,#22c55e,,310,https://d18vdu4p71yql0.cloudfront.net/libraries/arasaac/verbs.png.varianted-skin.png,NARBE Words,#ff5ce1,https://d18vdu4p71yql0.cloudfront.net/libraries/noun-project/Book-thin_864_584233.svg
Verbs,4,win,win,https://d18vdu4p71yql0.cloudfront.net/libraries/arasaac/win.png.varianted-skin.png,#22c55e,,311,https://d18vdu4p71yql0.cloudfront.net/libraries/arasaac/verbs.png.varianted-skin.png,NARBE Words,#ff5ce1,https://d18vdu4p71yql0.cloudfront.net/libraries/noun-project/Book-thin_864_584233.svg
Verbs,4,lose,lose,https://d18vdu4p71yql0.cloudfront.net/libraries/arasaac/lose.png.varianted-skin.png,#22c55e,,312,https://d18vdu4p71yql0.cloudfront.net/libraries/arasaac/verbs.png.varianted-skin.png,NARBE Words,#ff5ce1,https://d18vdu4p71yql0.cloudfront.net/libraries/noun-project/Book-thin_864_584233.svg
Verbs,4,fail,fail,https://d18vdu4p71yql0.cloudfront.net/libraries/arasaac/to fail.png.varianted-skin.png,#22c55e,,313,https://d18vdu4p71yql0.cloudfront.net/libraries/arasaac/verbs.png.varianted-skin.png,NARBE Words,#ff5ce1,https://d18vdu4p71yql0.cloudfront.net/libraries/noun-project/Book-thin_864_584233.svg
Verbs,4,succeed,succeed,,#22c55e,,314,https://d18vdu4p71yql0.cloudfront.net/libraries/arasaac/verbs.png.varianted-skin.png,NARBE Words,#ff5ce1,https://d18vdu4p71yql0.cloudfront.net/libraries/noun-project/Book-thin_864_584233.svg
Verbs,4,practice,practice,,#22c55e,,315,https://d18vdu4p71yql0.cloudfront.net/libraries/arasaac/verbs.png.varianted-skin.png,NARBE Words,#ff5ce1,https://d18vdu4p71yql0.cloudfront.net/libraries/noun-project/Book-thin_864_584233.svg
Verbs,4,plan,plan,https://d18vdu4p71yql0.cloudfront.net/libraries/arasaac/plane.png,#22c55e,,316,https://d18vdu4p71yql0.cloudfront.net/libraries/arasaac/verbs.png.varianted-skin.png,NARBE Words,#ff5ce1,https://d18vdu4p71yql0.cloudfront.net/libraries/noun-project/Book-thin_864_584233.svg
Verbs,4,prepare,prepare,https://d18vdu4p71yql0.cloudfront.net/libraries/arasaac/to prepare.png.varianted-skin.png,#22c55e,,317,https://d18vdu4p71yql0.cloudfront.net/libraries/arasaac/verbs.png.varianted-skin.png,NARBE Words,#ff5ce1,https://d18vdu4p71yql0.cloudfront.net/libraries/noun-project/Book-thin_864_584233.svg
Verbs,4,organize,organize,https://d18vdu4p71yql0.cloudfront.net/libraries/arasaac/organised.png,#22c55e,,318,https://d18vdu4p71yql0.cloudfront.net/libraries/arasaac/verbs.png.varianted-skin.png,NARBE Words,#ff5ce1,https://d18vdu4p71yql0.cloudfront.net/libraries/noun-project/Book-thin_864_584233.svg
Verbs,4,sort,sort,https://d18vdu4p71yql0.cloudfront.net/libraries/arasaac/black.png,#22c55e,,319,https://d18vdu4p71yql0.cloudfront.net/libraries/arasaac/verbs.png.varianted-skin.png,NARBE Words,#ff5ce1,https://d18vdu4p71yql0.cloudfront.net/libraries/noun-project/Book-thin_864_584233.svg
Verbs,4,collect,collect,,#22c55e,,320,https://d18vdu4p71yql0.cloudfront.net/libraries/arasaac/verbs.png.varianted-skin.png,NARBE Words,#ff5ce1,https://d18vdu4p71yql0.cloudfront.net/libraries/noun-project/Book-thin_864_584233.svg
Verbs,4,build,build,,#22c55e,,321,https://d18vdu4p71yql0.cloudfront.net/libraries/arasaac/verbs.png.varianted-skin.png,NARBE Words,#ff5ce1,https://d18vdu4p71yql0.cloudfront.net/libraries/noun-project/Book-thin_864_584233.svg
Verbs,4,create,create,https://d18vdu4p71yql0.cloudfront.net/libraries/arasaac/to create.png.varianted-skin.png,#22c55e,,322,https://d18vdu4p71yql0.cloudfront.net/libraries/arasaac/verbs.png.varianted-skin.png,NARBE Words,#ff5ce1,https://d18vdu4p71yql0.cloudfront.net/libraries/noun-project/Book-thin_864_584233.svg
Verbs,4,design,design,https://d18vdu4p71yql0.cloudfront.net/libraries/arasaac/to design.png.varianted-skin.png,#22c55e,,323,https://d18vdu4p71yql0.cloudfront.net/libraries/arasaac/verbs.png.varianted-skin.png,NARBE Words,#ff5ce1,https://d18vdu4p71yql0.cloudfront.net/libraries/noun-project/Book-thin_864_584233.svg
Verbs,4,decorate,decorate,https://d18vdu4p71yql0.cloudfront.net/libraries/arasaac/to decorate_2.png.varianted-skin.png,#22c55e,,324,https://d18vdu4p71yql0.cloudfront.net/libraries/arasaac/verbs.png.varianted-skin.png,NARBE Words,#ff5ce1,https://d18vdu4p71yql0.cloudfront.net/libraries/noun-project/Book-thin_864_584233.svg
Verbs,4,destroy,destroy,https://d18vdu4p71yql0.cloudfront.net/libraries/arasaac/to destroy.png.varianted-skin.png,#22c55e,,325,https://d18vdu4p71yql0.cloudfront.net/libraries/arasaac/verbs.png.varianted-skin.png,NARBE Words,#ff5ce1,https://d18vdu4p71yql0.cloudfront.net/libraries/noun-project/Book-thin_864_584233.svg
Verbs,4,protect,protect,https://d18vdu4p71yql0.cloudfront.net/libraries/arasaac/protect.png.varianted-skin.png,#22c55e,,326,https://d18vdu4p71yql0.cloudfront.net/libraries/arasaac/verbs.png.varianted-skin.png,NARBE Words,#ff5ce1,https://d18vdu4p71yql0.cloudfront.net/libraries/noun-project/Book-thin_864_584233.svg
Verbs,4,prevent,prevent,https://d18vdu4p71yql0.cloudfront.net/libraries/arasaac/to prevent.png.varianted-skin.png,#22c55e,,327,https://d18vdu4p71yql0.cloudfront.net/libraries/arasaac/verbs.png.varianted-skin.png,NARBE Words,#ff5ce1,https://d18vdu4p71yql0.cloudfront.net/libraries/noun-project/Book-thin_864_584233.svg
Verbs,4,avoid,avoid,https://d18vdu4p71yql0.cloudfront.net/libraries/arasaac/to avoid_2.png,#22c55e,,328,https://d18vdu4p71yql0.cloudfront.net/libraries/arasaac/verbs.png.varianted-skin.png,NARBE Words,#ff5ce1,https://d18vdu4p71yql0.cloudfront.net/libraries/noun-project/Book-thin_864_584233.svg
Verbs,4,solve,solve,,#22c55e,,329,https://d18vdu4p71yql0.cloudfront.net/libraries/arasaac/verbs.png.varianted-skin.png,NARBE Words,#ff5ce1,https://d18vdu4p71yql0.cloudfront.net/libraries/noun-project/Book-thin_864_584233.svg
Verbs,4,manage,manage,,#22c55e,,330,https://d18vdu4p71yql0.cloudfront.net/libraries/arasaac/verbs.png.varianted-skin.png,NARBE Words,#ff5ce1,https://d18vdu4p71yql0.cloudfront.net/libraries/noun-project/Book-thin_864_584233.svg
Verbs,4,handle,handle,https://d18vdu4p71yql0.cloudfront.net/libraries/arasaac/handle.png,#22c55e,,331,https://d18vdu4p71yql0.cloudfront.net/libraries/arasaac/verbs.png.varianted-skin.png,NARBE Words,#ff5ce1,https://d18vdu4p71yql0.cloudfront.net/libraries/noun-project/Book-thin_864_584233.svg
Verbs,4,control,control,https://d18vdu4p71yql0.cloudfront.net/libraries/arasaac/control.png,#22c55e,,332,https://d18vdu4p71yql0.cloudfront.net/libraries/arasaac/verbs.png.varianted-skin.png,NARBE Words,#ff5ce1,https://d18vdu4p71yql0.cloudfront.net/libraries/noun-project/Book-thin_864_584233.svg
Verbs,4,adjust,adjust,https://d18vdu4p71yql0.cloudfront.net/libraries/icomoon/adjust.svg,#22c55e,,333,https://d18vdu4p71yql0.cloudfront.net/libraries/arasaac/verbs.png.varianted-skin.png,NARBE Words,#ff5ce1,https://d18vdu4p71yql0.cloudfront.net/libraries/noun-project/Book-thin_864_584233.svg
Verbs,4,fit,fit,https://d18vdu4p71yql0.cloudfront.net/libraries/arasaac/to fit.png.varianted-skin.png,#22c55e,,334,https://d18vdu4p71yql0.cloudfront.net/libraries/arasaac/verbs.png.varianted-skin.png,NARBE Words,#ff5ce1,https://d18vdu4p71yql0.cloudfront.net/libraries/noun-project/Book-thin_864_584233.svg
Verbs,4,attach,attach,,#22c55e,,335,https://d18vdu4p71yql0.cloudfront.net/libraries/arasaac/verbs.png.varianted-skin.png,NARBE Words,#ff5ce1,https://d18vdu4p71yql0.cloudfront.net/libraries/noun-project/Book-thin_864_584233.svg
Verbs,4,detach,detach,,#22c55e,,336,https://d18vdu4p71yql0.cloudfront.net/libraries/arasaac/verbs.png.varianted-skin.png,NARBE Words,#ff5ce1,https://d18vdu4p71yql0.cloudfront.net/libraries/noun-project/Book-thin_864_584233.svg
Verbs,4,fasten,fasten,https://d18vdu4p71yql0.cloudfront.net/libraries/tawasol/fasting.jpg,#22c55e,,337,https://d18vdu4p71yql0.cloudfront.net/libraries/arasaac/verbs.png.varianted-skin.png,NARBE Words,#ff5ce1,https://d18vdu4p71yql0.cloudfront.net/libraries/noun-project/Book-thin_864_584233.svg
Verbs,4,unfasten,unfasten,,#22c55e,,338,https://d18vdu4p71yql0.cloudfront.net/libraries/arasaac/verbs.png.varianted-skin.png,NARBE Words,#ff5ce1,https://d18vdu4p71yql0.cloudfront.net/libraries/noun-project/Book-thin_864_584233.svg
Verbs,4,tie,tie,https://d18vdu4p71yql0.cloudfront.net/libraries/arasaac/tie.png,#22c55e,,339,https://d18vdu4p71yql0.cloudfront.net/libraries/arasaac/verbs.png.varianted-skin.png,NARBE Words,#ff5ce1,https://d18vdu4p71yql0.cloudfront.net/libraries/noun-project/Book-thin_864_584233.svg
Verbs,4,untie,untie,,#22c55e,,340,https://d18vdu4p71yql0.cloudfront.net/libraries/arasaac/verbs.png.varianted-skin.png,NARBE Words,#ff5ce1,https://d18vdu4p71yql0.cloudfront.net/libraries/noun-project/Book-thin_864_584233.svg
Verbs,4,zip,zip,https://d18vdu4p71yql0.cloudfront.net/libraries/mulberry/zip.svg,#22c55e,,341,https://d18vdu4p71yql0.cloudfront.net/libraries/arasaac/verbs.png.varianted-skin.png,NARBE Words,#ff5ce1,https://d18vdu4p71yql0.cloudfront.net/libraries/noun-project/Book-thin_864_584233.svg
Verbs,4,unzip,unzip,,#22c55e,,342,https://d18vdu4p71yql0.cloudfront.net/libraries/arasaac/verbs.png.varianted-skin.png,NARBE Words,#ff5ce1,https://d18vdu4p71yql0.cloudfront.net/libraries/noun-project/Book-thin_864_584233.svg
Verbs,4,shave,shave,https://d18vdu4p71yql0.cloudfront.net/libraries/arasaac/shave.png.varianted-skin.png,#22c55e,,343,https://d18vdu4p71yql0.cloudfront.net/libraries/arasaac/verbs.png.varianted-skin.png,NARBE Words,#ff5ce1,https://d18vdu4p71yql0.cloudfront.net/libraries/noun-project/Book-thin_864_584233.svg
Verbs,4,trim,trim,https://d18vdu4p71yql0.cloudfront.net/libraries/arasaac/trim.png.varianted-skin.png,#22c55e,,344,https://d18vdu4p71yql0.cloudfront.net/libraries/arasaac/verbs.png.varianted-skin.png,NARBE Words,#ff5ce1,https://d18vdu4p71yql0.cloudfront.net/libraries/noun-project/Book-thin_864_584233.svg
Verbs,4,vote,vote,https://d18vdu4p71yql0.cloudfront.net/libraries/arasaac/vote.png.varianted-skin.png,#22c55e,,345,https://d18vdu4p71yql0.cloudfront.net/libraries/arasaac/verbs.png.varianted-skin.png,NARBE Words,#ff5ce1,https://d18vdu4p71yql0.cloudfront.net/libraries/noun-project/Book-thin_864_584233.svg
Verbs,4,sign,sign,https://d18vdu4p71yql0.cloudfront.net/libraries/arasaac/sign.png,#22c55e,,346,https://d18vdu4p71yql0.cloudfront.net/libraries/arasaac/verbs.png.varianted-skin.png,NARBE Words,#ff5ce1,https://d18vdu4p71yql0.cloudfront.net/libraries/noun-project/Book-thin_864_584233.svg
Verbs,4,rent,rent,,#22c55e,,347,https://d18vdu4p71yql0.cloudfront.net/libraries/arasaac/verbs.png.varianted-skin.png,NARBE Words,#ff5ce1,https://d18vdu4p71yql0.cloudfront.net/libraries/noun-project/Book-thin_864_584233.svg
Verbs,4,borrow,borrow,,#22c55e,,348,https://d18vdu4p71yql0.cloudfront.net/libraries/arasaac/verbs.png.varianted-skin.png,NARBE Words,#ff5ce1,https://d18vdu4p71yql0.cloudfront.net/libraries/noun-project/Book-thin_864_584233.svg
Verbs,4,lend,lend,https://d18vdu4p71yql0.cloudfront.net/libraries/arasaac/loin.png,#22c55e,,349,https://d18vdu4p71yql0.cloudfront.net/libraries/arasaac/verbs.png.varianted-skin.png,NARBE Words,#ff5ce1,https://d18vdu4p71yql0.cloudfront.net/libraries/noun-project/Book-thin_864_584233.svg
Verbs,4,owe,owe,,#22c55e,,350,https://d18vdu4p71yql0.cloudfront.net/libraries/arasaac/verbs.png.varianted-skin.png,NARBE Words,#ff5ce1,https://d18vdu4p71yql0.cloudfront.net/libraries/noun-project/Book-thin_864_584233.svg
Verbs,4,earn,earn,,#22c55e,,351,https://d18vdu4p71yql0.cloudfront.net/libraries/arasaac/verbs.png.varianted-skin.png,NARBE Words,#ff5ce1,https://d18vdu4p71yql0.cloudfront.net/libraries/noun-project/Book-thin_864_584233.svg
Verbs,4,afford,afford,,#22c55e,,352,https://d18vdu4p71yql0.cloudfront.net/libraries/arasaac/verbs.png.varianted-skin.png,NARBE Words,#ff5ce1,https://d18vdu4p71yql0.cloudfront.net/libraries/noun-project/Book-thin_864_584233.svg
Verbs,4,exchange,exchange,https://d18vdu4p71yql0.cloudfront.net/libraries/arasaac/exchange.png.varianted-skin.png,#22c55e,,353,https://d18vdu4p71yql0.cloudfront.net/libraries/arasaac/verbs.png.varianted-skin.png,NARBE Words,#ff5ce1,https://d18vdu4p71yql0.cloudfront.net/libraries/noun-project/Book-thin_864_584233.svg
Verbs,4,deliver,deliver,,#22c55e,,354,https://d18vdu4p71yql0.cloudfront.net/libraries/arasaac/verbs.png.varianted-skin.png,NARBE Words,#ff5ce1,https://d18vdu4p71yql0.cloudfront.net/libraries/noun-project/Book-thin_864_584233.svg
Verbs,4,reschedule,reschedule,,#22c55e,,355,https://d18vdu4p71yql0.cloudfront.net/libraries/arasaac/verbs.png.varianted-skin.png,NARBE Words,#ff5ce1,https://d18vdu4p71yql0.cloudfront.net/libraries/noun-project/Book-thin_864_584233.svg
Verbs,4,celebrate,celebrate,https://d18vdu4p71yql0.cloudfront.net/libraries/arasaac/celebrate.png,#22c55e,,356,https://d18vdu4p71yql0.cloudfront.net/libraries/arasaac/verbs.png.varianted-skin.png,NARBE Words,#ff5ce1,https://d18vdu4p71yql0.cloudfront.net/libraries/noun-project/Book-thin_864_584233.svg
Verbs,4,reassure,reassure,,#22c55e,,357,https://d18vdu4p71yql0.cloudfront.net/libraries/arasaac/verbs.png.varianted-skin.png,NARBE Words,#ff5ce1,https://d18vdu4p71yql0.cloudfront.net/libraries/noun-project/Book-thin_864_584233.svg
Verbs,4,comfort,comfort,https://d18vdu4p71yql0.cloudfront.net/libraries/sclera/comfort.png,#22c55e,,358,https://d18vdu4p71yql0.cloudfront.net/libraries/arasaac/verbs.png.varianted-skin.png,NARBE Words,#ff5ce1,https://d18vdu4p71yql0.cloudfront.net/libraries/noun-project/Book-thin_864_584233.svg
Verbs,4,complain,complain,,#22c55e,,359,https://d18vdu4p71yql0.cloudfront.net/libraries/arasaac/verbs.png.varianted-skin.png,NARBE Words,#ff5ce1,https://d18vdu4p71yql0.cloudfront.net/libraries/noun-project/Book-thin_864_584233.svg
Verbs,4,report,report,https://d18vdu4p71yql0.cloudfront.net/libraries/noun-project/report_952_149943.svg,#22c55e,,360,https://d18vdu4p71yql0.cloudfront.net/libraries/arasaac/verbs.png.varianted-skin.png,NARBE Words,#ff5ce1,https://d18vdu4p71yql0.cloudfront.net/libraries/noun-project/Book-thin_864_584233.svg
Verbs,4,interrupt,interrupt,https://d18vdu4p71yql0.cloudfront.net/libraries/arasaac/interrupt.png,#22c55e,,361,https://d18vdu4p71yql0.cloudfront.net/libraries/arasaac/verbs.png.varianted-skin.png,NARBE Words,#ff5ce1,https://d18vdu4p71yql0.cloudfront.net/libraries/noun-project/Book-thin_864_584233.svg
Verbs,4,focus,focus,https://d18vdu4p71yql0.cloudfront.net/libraries/noun-project/focus_969_g.svg,#22c55e,,362,https://d18vdu4p71yql0.cloudfront.net/libraries/arasaac/verbs.png.varianted-skin.png,NARBE Words,#ff5ce1,https://d18vdu4p71yql0.cloudfront.net/libraries/noun-project/Book-thin_864_584233.svg
Verbs,4,concentrate,concentrate,,#22c55e,,363,https://d18vdu4p71yql0.cloudfront.net/libraries/arasaac/verbs.png.varianted-skin.png,NARBE Words,#ff5ce1,https://d18vdu4p71yql0.cloudfront.net/libraries/noun-project/Book-thin_864_584233.svg
Verbs,4,recover,recover,,#22c55e,,364,https://d18vdu4p71yql0.cloudfront.net/libraries/arasaac/verbs.png.varianted-skin.png,NARBE Words,#ff5ce1,https://d18vdu4p71yql0.cloudfront.net/libraries/noun-project/Book-thin_864_584233.svg
Verbs,4,begin,begin,https://d18vdu4p71yql0.cloudfront.net/libraries/arasaac/begin.png,#22c55e,,365,https://d18vdu4p71yql0.cloudfront.net/libraries/arasaac/verbs.png.varianted-skin.png,NARBE Words,#ff5ce1,https://d18vdu4p71yql0.cloudfront.net/libraries/noun-project/Book-thin_864_584233.svg
Verbs,4,live,live,https://d18vdu4p71yql0.cloudfront.net/libraries/arasaac/live.png.varianted-skin.png,#22c55e,,366,https://d18vdu4p71yql0.cloudfront.net/libraries/arasaac/verbs.png.varianted-skin.png,NARBE Words,#ff5ce1,https://d18vdu4p71yql0.cloudfront.net/libraries/noun-project/Book-thin_864_584233.svg
Verbs,4,die,die,https://d18vdu4p71yql0.cloudfront.net/libraries/arasaac/that ones.png,#22c55e,,367,https://d18vdu4p71yql0.cloudfront.net/libraries/arasaac/verbs.png.varianted-skin.png,NARBE Words,#ff5ce1,https://d18vdu4p71yql0.cloudfront.net/libraries/noun-project/Book-thin_864_584233.svg
Verbs,4,sell,sell,https://d18vdu4p71yql0.cloudfront.net/libraries/arasaac/to sell.png.varianted-skin.png,#22c55e,,368,https://d18vdu4p71yql0.cloudfront.net/libraries/arasaac/verbs.png.varianted-skin.png,NARBE Words,#ff5ce1,https://d18vdu4p71yql0.cloudfront.net/libraries/noun-project/Book-thin_864_584233.svg
Verbs,4,belong,belong,,#22c55e,,369,https://d18vdu4p71yql0.cloudfront.net/libraries/arasaac/verbs.png.varianted-skin.png,NARBE Words,#ff5ce1,https://d18vdu4p71yql0.cloudfront.net/libraries/noun-project/Book-thin_864_584233.svg
Verbs,4,exist,exist,,#22c55e,,370,https://d18vdu4p71yql0.cloudfront.net/libraries/arasaac/verbs.png.varianted-skin.png,NARBE Words,#ff5ce1,https://d18vdu4p71yql0.cloudfront.net/libraries/noun-project/Book-thin_864_584233.svg
Verbs,4,own,own,,#22c55e,,371,https://d18vdu4p71yql0.cloudfront.net/libraries/arasaac/verbs.png.varianted-skin.png,NARBE Words,#ff5ce1,https://d18vdu4p71yql0.cloudfront.net/libraries/noun-project/Book-thin_864_584233.svg
Verbs,4,employ,employ,,#22c55e,,372,https://d18vdu4p71yql0.cloudfront.net/libraries/arasaac/verbs.png.varianted-skin.png,NARBE Words,#ff5ce1,https://d18vdu4p71yql0.cloudfront.net/libraries/noun-project/Book-thin_864_584233.svg
Verbs,4,speak,speak,https://d18vdu4p71yql0.cloudfront.net/libraries/noun-project/speak_676_g.svg,#22c55e,,373,https://d18vdu4p71yql0.cloudfront.net/libraries/arasaac/verbs.png.varianted-skin.png,NARBE Words,#ff5ce1,https://d18vdu4p71yql0.cloudfront.net/libraries/noun-project/Book-thin_864_584233.svg
Verbs,4,teach,teach,,#22c55e,,374,https://d18vdu4p71yql0.cloudfront.net/libraries/arasaac/verbs.png.varianted-skin.png,NARBE Words,#ff5ce1,https://d18vdu4p71yql0.cloudfront.net/libraries/noun-project/Book-thin_864_584233.svg
Verbs,4,grow,grow,https://d18vdu4p71yql0.cloudfront.net/libraries/sclera/grow.png,#22c55e,,375,https://d18vdu4p71yql0.cloudfront.net/libraries/arasaac/verbs.png.varianted-skin.png,NARBE Words,#ff5ce1,https://d18vdu4p71yql0.cloudfront.net/libraries/noun-project/Book-thin_864_584233.svg
Verbs,4,rise,rise,https://d18vdu4p71yql0.cloudfront.net/libraries/arasaac/to rise.png,#22c55e,,376,https://d18vdu4p71yql0.cloudfront.net/libraries/arasaac/verbs.png.varianted-skin.png,NARBE Words,#ff5ce1,https://d18vdu4p71yql0.cloudfront.net/libraries/noun-project/Book-thin_864_584233.svg
Adjectives,5,good,good,https://d18vdu4p71yql0.cloudfront.net/libraries/arasaac/good.png.varianted-skin.png,#f59e0b,,1,https://d18vdu4p71yql0.cloudfront.net/libraries/twemoji/1f4ac.svg,NARBE Words,#ff5ce1,https://d18vdu4p71yql0.cloudfront.net/libraries/noun-project/Book-thin_864_584233.svg
Adjectives,5,bad,bad,https://d18vdu4p71yql0.cloudfront.net/libraries/arasaac/bad_1.png.varianted-skin.png,#f59e0b,,2,https://d18vdu4p71yql0.cloudfront.net/libraries/twemoji/1f4ac.svg,NARBE Words,#ff5ce1,https://d18vdu4p71yql0.cloudfront.net/libraries/noun-project/Book-thin_864_584233.svg
Adjectives,5,big,big,https://d18vdu4p71yql0.cloudfront.net/libraries/arasaac/big.png,#f59e0b,,3,https://d18vdu4p71yql0.cloudfront.net/libraries/twemoji/1f4ac.svg,NARBE Words,#ff5ce1,https://d18vdu4p71yql0.cloudfront.net/libraries/noun-project/Book-thin_864_584233.svg
Adjectives,5,small,small,https://d18vdu4p71yql0.cloudfront.net/libraries/arasaac/small.png,#f59e0b,,4,https://d18vdu4p71yql0.cloudfront.net/libraries/twemoji/1f4ac.svg,NARBE Words,#ff5ce1,https://d18vdu4p71yql0.cloudfront.net/libraries/noun-project/Book-thin_864_584233.svg
Adjectives,5,long,long,https://d18vdu4p71yql0.cloudfront.net/libraries/arasaac/long.png,#f59e0b,,5,https://d18vdu4p71yql0.cloudfront.net/libraries/twemoji/1f4ac.svg,NARBE Words,#ff5ce1,https://d18vdu4p71yql0.cloudfront.net/libraries/noun-project/Book-thin_864_584233.svg
Adjectives,5,short,short,https://d18vdu4p71yql0.cloudfront.net/libraries/arasaac/short.png.varianted-skin.png,#f59e0b,,6,https://d18vdu4p71yql0.cloudfront.net/libraries/twemoji/1f4ac.svg,NARBE Words,#ff5ce1,https://d18vdu4p71yql0.cloudfront.net/libraries/noun-project/Book-thin_864_584233.svg
Adjectives,5,new,new,https://d18vdu4p71yql0.cloudfront.net/libraries/arasaac/new.png,#f59e0b,,7,https://d18vdu4p71yql0.cloudfront.net/libraries/twemoji/1f4ac.svg,NARBE Words,#ff5ce1,https://d18vdu4p71yql0.cloudfront.net/libraries/noun-project/Book-thin_864_584233.svg
Adjectives,5,old,old,https://d18vdu4p71yql0.cloudfront.net/libraries/arasaac/old.png,#f59e0b,,8,https://d18vdu4p71yql0.cloudfront.net/libraries/twemoji/1f4ac.svg,NARBE Words,#ff5ce1,https://d18vdu4p71yql0.cloudfront.net/libraries/noun-project/Book-thin_864_584233.svg
Adjectives,5,same,same,https://d18vdu4p71yql0.cloudfront.net/libraries/mulberry/same.svg,#f59e0b,,9,https://d18vdu4p71yql0.cloudfront.net/libraries/twemoji/1f4ac.svg,NARBE Words,#ff5ce1,https://d18vdu4p71yql0.cloudfront.net/libraries/noun-project/Book-thin_864_584233.svg
Adjectives,5,different,different,https://d18vdu4p71yql0.cloudfront.net/libraries/arasaac/different.png,#f59e0b,,10,https://d18vdu4p71yql0.cloudfront.net/libraries/twemoji/1f4ac.svg,NARBE Words,#ff5ce1,https://d18vdu4p71yql0.cloudfront.net/libraries/noun-project/Book-thin_864_584233.svg
Adjectives,5,easy,easy,https://d18vdu4p71yql0.cloudfront.net/libraries/arasaac/easy.png.varianted-skin.png,#f59e0b,,11,https://d18vdu4p71yql0.cloudfront.net/libraries/twemoji/1f4ac.svg,NARBE Words,#ff5ce1,https://d18vdu4p71yql0.cloudfront.net/libraries/noun-project/Book-thin_864_584233.svg
Adjectives,5,hard,hard,https://d18vdu4p71yql0.cloudfront.net/libraries/arasaac/hard.png.varianted-skin.png,#f59e0b,,12,https://d18vdu4p71yql0.cloudfront.net/libraries/twemoji/1f4ac.svg,NARBE Words,#ff5ce1,https://d18vdu4p71yql0.cloudfront.net/libraries/noun-project/Book-thin_864_584233.svg
Adjectives,5,first,first,https://d18vdu4p71yql0.cloudfront.net/libraries/arasaac/first.png.varianted-skin.png,#f59e0b,,13,https://d18vdu4p71yql0.cloudfront.net/libraries/twemoji/1f4ac.svg,NARBE Words,#ff5ce1,https://d18vdu4p71yql0.cloudfront.net/libraries/noun-project/Book-thin_864_584233.svg
Adjectives,5,last,last,https://d18vdu4p71yql0.cloudfront.net/libraries/arasaac/last.png,#f59e0b,,14,https://d18vdu4p71yql0.cloudfront.net/libraries/twemoji/1f4ac.svg,NARBE Words,#ff5ce1,https://d18vdu4p71yql0.cloudfront.net/libraries/noun-project/Book-thin_864_584233.svg
Adjectives,5,next,next,https://d18vdu4p71yql0.cloudfront.net/libraries/arasaac/next.png,#f59e0b,,15,https://d18vdu4p71yql0.cloudfront.net/libraries/twemoji/1f4ac.svg,NARBE Words,#ff5ce1,https://d18vdu4p71yql0.cloudfront.net/libraries/noun-project/Book-thin_864_584233.svg
Adjectives,5,less,less,https://d18vdu4p71yql0.cloudfront.net/libraries/noun-project/less-than_977_g.svg,#f59e0b,,16,https://d18vdu4p71yql0.cloudfront.net/libraries/twemoji/1f4ac.svg,NARBE Words,#ff5ce1,https://d18vdu4p71yql0.cloudfront.net/libraries/noun-project/Book-thin_864_584233.svg
Adjectives,5,many,many,https://d18vdu4p71yql0.cloudfront.net/libraries/arasaac/many.png,#f59e0b,,17,https://d18vdu4p71yql0.cloudfront.net/libraries/twemoji/1f4ac.svg,NARBE Words,#ff5ce1,https://d18vdu4p71yql0.cloudfront.net/libraries/noun-project/Book-thin_864_584233.svg
Adjectives,5,few,few,https://d18vdu4p71yql0.cloudfront.net/libraries/arasaac/few.png,#f59e0b,,18,https://d18vdu4p71yql0.cloudfront.net/libraries/twemoji/1f4ac.svg,NARBE Words,#ff5ce1,https://d18vdu4p71yql0.cloudfront.net/libraries/noun-project/Book-thin_864_584233.svg
Adjectives,5,hot,hot,https://d18vdu4p71yql0.cloudfront.net/libraries/arasaac/hot.png.varianted-skin.png,#f59e0b,,19,https://d18vdu4p71yql0.cloudfront.net/libraries/twemoji/1f4ac.svg,NARBE Words,#ff5ce1,https://d18vdu4p71yql0.cloudfront.net/libraries/noun-project/Book-thin_864_584233.svg
Adjectives,5,cold,cold,https://d18vdu4p71yql0.cloudfront.net/libraries/arasaac/cold.png.varianted-skin.png,#f59e0b,,20,https://d18vdu4p71yql0.cloudfront.net/libraries/twemoji/1f4ac.svg,NARBE Words,#ff5ce1,https://d18vdu4p71yql0.cloudfront.net/libraries/noun-project/Book-thin_864_584233.svg
Adjectives,5,warm,warm,https://d18vdu4p71yql0.cloudfront.net/libraries/arasaac/warm.png,#f59e0b,,21,https://d18vdu4p71yql0.cloudfront.net/libraries/twemoji/1f4ac.svg,NARBE Words,#ff5ce1,https://d18vdu4p71yql0.cloudfront.net/libraries/noun-project/Book-thin_864_584233.svg
Adjectives,5,cool,cool,https://d18vdu4p71yql0.cloudfront.net/libraries/icomoon/cool.svg,#f59e0b,,22,https://d18vdu4p71yql0.cloudfront.net/libraries/twemoji/1f4ac.svg,NARBE Words,#ff5ce1,https://d18vdu4p71yql0.cloudfront.net/libraries/noun-project/Book-thin_864_584233.svg
Adjectives,5,fast,fast,https://d18vdu4p71yql0.cloudfront.net/libraries/noun-project/fast_47_g.svg,#f59e0b,,23,https://d18vdu4p71yql0.cloudfront.net/libraries/twemoji/1f4ac.svg,NARBE Words,#ff5ce1,https://d18vdu4p71yql0.cloudfront.net/libraries/noun-project/Book-thin_864_584233.svg
Adjectives,5,slow,slow,https://d18vdu4p71yql0.cloudfront.net/libraries/arasaac/slow.png,#f59e0b,,24,https://d18vdu4p71yql0.cloudfront.net/libraries/twemoji/1f4ac.svg,NARBE Words,#ff5ce1,https://d18vdu4p71yql0.cloudfront.net/libraries/noun-project/Book-thin_864_584233.svg
Adjectives,5,loud,loud,https://d18vdu4p71yql0.cloudfront.net/libraries/arasaac/loud.png.varianted-skin.png,#f59e0b,,25,https://d18vdu4p71yql0.cloudfront.net/libraries/twemoji/1f4ac.svg,NARBE Words,#ff5ce1,https://d18vdu4p71yql0.cloudfront.net/libraries/noun-project/Book-thin_864_584233.svg
Adjectives,5,quiet,quiet,https://d18vdu4p71yql0.cloudfront.net/libraries/noun-project/Quiet-Space_281_g.svg,#f59e0b,,26,https://d18vdu4p71yql0.cloudfront.net/libraries/twemoji/1f4ac.svg,NARBE Words,#ff5ce1,https://d18vdu4p71yql0.cloudfront.net/libraries/noun-project/Book-thin_864_584233.svg
Adjectives,5,light,light,https://d18vdu4p71yql0.cloudfront.net/libraries/arasaac/light.png,#f59e0b,,27,https://d18vdu4p71yql0.cloudfront.net/libraries/twemoji/1f4ac.svg,NARBE Words,#ff5ce1,https://d18vdu4p71yql0.cloudfront.net/libraries/noun-project/Book-thin_864_584233.svg
Adjectives,5,dark,dark,https://d18vdu4p71yql0.cloudfront.net/libraries/arasaac/dark_3.png,#f59e0b,,28,https://d18vdu4p71yql0.cloudfront.net/libraries/twemoji/1f4ac.svg,NARBE Words,#ff5ce1,https://d18vdu4p71yql0.cloudfront.net/libraries/noun-project/Book-thin_864_584233.svg
Adjectives,5,early,early,https://d18vdu4p71yql0.cloudfront.net/libraries/arasaac/to get up early_1.png.varianted-skin.png,#f59e0b,,29,https://d18vdu4p71yql0.cloudfront.net/libraries/twemoji/1f4ac.svg,NARBE Words,#ff5ce1,https://d18vdu4p71yql0.cloudfront.net/libraries/noun-project/Book-thin_864_584233.svg
Adjectives,5,late,late,https://d18vdu4p71yql0.cloudfront.net/libraries/arasaac/late.png,#f59e0b,,30,https://d18vdu4p71yql0.cloudfront.net/libraries/twemoji/1f4ac.svg,NARBE Words,#ff5ce1,https://d18vdu4p71yql0.cloudfront.net/libraries/noun-project/Book-thin_864_584233.svg
Adjectives,5,right,right,https://d18vdu4p71yql0.cloudfront.net/libraries/arasaac/right.png.varianted-skin.png,#f59e0b,,31,https://d18vdu4p71yql0.cloudfront.net/libraries/twemoji/1f4ac.svg,NARBE Words,#ff5ce1,https://d18vdu4p71yql0.cloudfront.net/libraries/noun-project/Book-thin_864_584233.svg
Adjectives,5,left,left,https://d18vdu4p71yql0.cloudfront.net/libraries/arasaac/left.png.varianted-skin.png,#f59e0b,,32,https://d18vdu4p71yql0.cloudfront.net/libraries/twemoji/1f4ac.svg,NARBE Words,#ff5ce1,https://d18vdu4p71yql0.cloudfront.net/libraries/noun-project/Book-thin_864_584233.svg
Adjectives,5,high,high,https://d18vdu4p71yql0.cloudfront.net/libraries/arasaac/high jump.png.varianted-skin.png,#f59e0b,,33,https://d18vdu4p71yql0.cloudfront.net/libraries/twemoji/1f4ac.svg,NARBE Words,#ff5ce1,https://d18vdu4p71yql0.cloudfront.net/libraries/noun-project/Book-thin_864_584233.svg
Adjectives,5,low,low,https://d18vdu4p71yql0.cloudfront.net/libraries/noun-project/low-battery_621_g.svg,#f59e0b,,34,https://d18vdu4p71yql0.cloudfront.net/libraries/twemoji/1f4ac.svg,NARBE Words,#ff5ce1,https://d18vdu4p71yql0.cloudfront.net/libraries/noun-project/Book-thin_864_584233.svg
Adjectives,5,clean,clean,https://d18vdu4p71yql0.cloudfront.net/libraries/arasaac/clean.png,#f59e0b,,35,https://d18vdu4p71yql0.cloudfront.net/libraries/twemoji/1f4ac.svg,NARBE Words,#ff5ce1,https://d18vdu4p71yql0.cloudfront.net/libraries/noun-project/Book-thin_864_584233.svg
Adjectives,5,dirty,dirty,https://d18vdu4p71yql0.cloudfront.net/libraries/arasaac/dirty.png,#f59e0b,,36,https://d18vdu4p71yql0.cloudfront.net/libraries/twemoji/1f4ac.svg,NARBE Words,#ff5ce1,https://d18vdu4p71yql0.cloudfront.net/libraries/noun-project/Book-thin_864_584233.svg
Adjectives,5,wet,wet,https://d18vdu4p71yql0.cloudfront.net/libraries/arasaac/wet.png,#f59e0b,,37,https://d18vdu4p71yql0.cloudfront.net/libraries/twemoji/1f4ac.svg,NARBE Words,#ff5ce1,https://d18vdu4p71yql0.cloudfront.net/libraries/noun-project/Book-thin_864_584233.svg
Adjectives,5,dry,dry,https://d18vdu4p71yql0.cloudfront.net/libraries/arasaac/dry.png,#f59e0b,,38,https://d18vdu4p71yql0.cloudfront.net/libraries/twemoji/1f4ac.svg,NARBE Words,#ff5ce1,https://d18vdu4p71yql0.cloudfront.net/libraries/noun-project/Book-thin_864_584233.svg
Adjectives,5,closed,closed,https://d18vdu4p71yql0.cloudfront.net/libraries/mulberry/closed.svg,#f59e0b,,39,https://d18vdu4p71yql0.cloudfront.net/libraries/twemoji/1f4ac.svg,NARBE Words,#ff5ce1,https://d18vdu4p71yql0.cloudfront.net/libraries/noun-project/Book-thin_864_584233.svg
Adjectives,5,ready,ready,https://d18vdu4p71yql0.cloudfront.net/libraries/arasaac/ready.png.varianted-skin.png,#f59e0b,,40,https://d18vdu4p71yql0.cloudfront.net/libraries/twemoji/1f4ac.svg,NARBE Words,#ff5ce1,https://d18vdu4p71yql0.cloudfront.net/libraries/noun-project/Book-thin_864_584233.svg
Adjectives,5,busy,busy,https://d18vdu4p71yql0.cloudfront.net/libraries/mulberry/busy.svg.varianted-skin.svg,#f59e0b,,41,https://d18vdu4p71yql0.cloudfront.net/libraries/twemoji/1f4ac.svg,NARBE Words,#ff5ce1,https://d18vdu4p71yql0.cloudfront.net/libraries/noun-project/Book-thin_864_584233.svg
Adjectives,5,tired,tired,https://d18vdu4p71yql0.cloudfront.net/libraries/arasaac/tired.png.varianted-skin.png,#f59e0b,,42,https://d18vdu4p71yql0.cloudfront.net/libraries/twemoji/1f4ac.svg,NARBE Words,#ff5ce1,https://d18vdu4p71yql0.cloudfront.net/libraries/noun-project/Book-thin_864_584233.svg
Adjectives,5,hungry,hungry,https://d18vdu4p71yql0.cloudfront.net/libraries/arasaac/hungry.png.varianted-skin.png,#f59e0b,,43,https://d18vdu4p71yql0.cloudfront.net/libraries/twemoji/1f4ac.svg,NARBE Words,#ff5ce1,https://d18vdu4p71yql0.cloudfront.net/libraries/noun-project/Book-thin_864_584233.svg
Adjectives,5,thirsty,thirsty,https://d18vdu4p71yql0.cloudfront.net/libraries/arasaac/thirsty.png.varianted-skin.png,#f59e0b,,44,https://d18vdu4p71yql0.cloudfront.net/libraries/twemoji/1f4ac.svg,NARBE Words,#ff5ce1,https://d18vdu4p71yql0.cloudfront.net/libraries/noun-project/Book-thin_864_584233.svg
Adjectives,5,safe,safe,https://d18vdu4p71yql0.cloudfront.net/libraries/icon_archive/safe.png,#f59e0b,,45,https://d18vdu4p71yql0.cloudfront.net/libraries/twemoji/1f4ac.svg,NARBE Words,#ff5ce1,https://d18vdu4p71yql0.cloudfront.net/libraries/noun-project/Book-thin_864_584233.svg
Adjectives,5,dangerous,dangerous,https://d18vdu4p71yql0.cloudfront.net/libraries/arasaac/danger.png,#f59e0b,,46,https://d18vdu4p71yql0.cloudfront.net/libraries/twemoji/1f4ac.svg,NARBE Words,#ff5ce1,https://d18vdu4p71yql0.cloudfront.net/libraries/noun-project/Book-thin_864_584233.svg
Adjectives,5,true,true,https://d18vdu4p71yql0.cloudfront.net/libraries/arasaac/true.png.varianted-skin.png,#f59e0b,,47,https://d18vdu4p71yql0.cloudfront.net/libraries/twemoji/1f4ac.svg,NARBE Words,#ff5ce1,https://d18vdu4p71yql0.cloudfront.net/libraries/noun-project/Book-thin_864_584233.svg
Adjectives,5,false,false,https://d18vdu4p71yql0.cloudfront.net/libraries/arasaac/false.png.varianted-skin.png,#f59e0b,,48,https://d18vdu4p71yql0.cloudfront.net/libraries/twemoji/1f4ac.svg,NARBE Words,#ff5ce1,https://d18vdu4p71yql0.cloudfront.net/libraries/noun-project/Book-thin_864_584233.svg
Adjectives,5,correct,correct,https://d18vdu4p71yql0.cloudfront.net/libraries/arasaac/correct.png,#f59e0b,,49,https://d18vdu4p71yql0.cloudfront.net/libraries/twemoji/1f4ac.svg,NARBE Words,#ff5ce1,https://d18vdu4p71yql0.cloudfront.net/libraries/noun-project/Book-thin_864_584233.svg
Adjectives,5,wrong,wrong,https://d18vdu4p71yql0.cloudfront.net/libraries/noun-project/wrong_208_g.svg,#f59e0b,,50,https://d18vdu4p71yql0.cloudfront.net/libraries/twemoji/1f4ac.svg,NARBE Words,#ff5ce1,https://d18vdu4p71yql0.cloudfront.net/libraries/noun-project/Book-thin_864_584233.svg
Adjectives,5,important,important,https://d18vdu4p71yql0.cloudfront.net/libraries/arasaac/Important.png,#f59e0b,,51,https://d18vdu4p71yql0.cloudfront.net/libraries/twemoji/1f4ac.svg,NARBE Words,#ff5ce1,https://d18vdu4p71yql0.cloudfront.net/libraries/noun-project/Book-thin_864_584233.svg
Adjectives,5,favorite,favorite,https://d18vdu4p71yql0.cloudfront.net/libraries/arasaac/favorite.png,#f59e0b,,52,https://d18vdu4p71yql0.cloudfront.net/libraries/twemoji/1f4ac.svg,NARBE Words,#ff5ce1,https://d18vdu4p71yql0.cloudfront.net/libraries/noun-project/Book-thin_864_584233.svg
Adjectives,5,possible,possible,,#f59e0b,,53,https://d18vdu4p71yql0.cloudfront.net/libraries/twemoji/1f4ac.svg,NARBE Words,#ff5ce1,https://d18vdu4p71yql0.cloudfront.net/libraries/noun-project/Book-thin_864_584233.svg
Adjectives,5,impossible,impossible,,#f59e0b,,54,https://d18vdu4p71yql0.cloudfront.net/libraries/twemoji/1f4ac.svg,NARBE Words,#ff5ce1,https://d18vdu4p71yql0.cloudfront.net/libraries/noun-project/Book-thin_864_584233.svg
Adjectives,5,available,available,,#f59e0b,,55,https://d18vdu4p71yql0.cloudfront.net/libraries/twemoji/1f4ac.svg,NARBE Words,#ff5ce1,https://d18vdu4p71yql0.cloudfront.net/libraries/noun-project/Book-thin_864_584233.svg
Adjectives,5,full,full,https://d18vdu4p71yql0.cloudfront.net/libraries/arasaac/full.png,#f59e0b,,56,https://d18vdu4p71yql0.cloudfront.net/libraries/twemoji/1f4ac.svg,NARBE Words,#ff5ce1,https://d18vdu4p71yql0.cloudfront.net/libraries/noun-project/Book-thin_864_584233.svg
Adjectives,5,empty,empty,https://d18vdu4p71yql0.cloudfront.net/libraries/arasaac/empty.png,#f59e0b,,57,https://d18vdu4p71yql0.cloudfront.net/libraries/twemoji/1f4ac.svg,NARBE Words,#ff5ce1,https://d18vdu4p71yql0.cloudfront.net/libraries/noun-project/Book-thin_864_584233.svg
Adjectives,5,broken,broken,https://d18vdu4p71yql0.cloudfront.net/libraries/arasaac/broken.png,#f59e0b,,58,https://d18vdu4p71yql0.cloudfront.net/libraries/twemoji/1f4ac.svg,NARBE Words,#ff5ce1,https://d18vdu4p71yql0.cloudfront.net/libraries/noun-project/Book-thin_864_584233.svg
Adjectives,5,sore,sore,https://d18vdu4p71yql0.cloudfront.net/libraries/sclera/pain.png,#f59e0b,,59,https://d18vdu4p71yql0.cloudfront.net/libraries/twemoji/1f4ac.svg,NARBE Words,#ff5ce1,https://d18vdu4p71yql0.cloudfront.net/libraries/noun-project/Book-thin_864_584233.svg
Adjectives,5,dizzy,dizzy,https://d18vdu4p71yql0.cloudfront.net/libraries/arasaac/dizzy.png.varianted-skin.png,#f59e0b,,60,https://d18vdu4p71yql0.cloudfront.net/libraries/twemoji/1f4ac.svg,NARBE Words,#ff5ce1,https://d18vdu4p71yql0.cloudfront.net/libraries/noun-project/Book-thin_864_584233.svg
Adjectives,5,nauseous,nauseous,https://d18vdu4p71yql0.cloudfront.net/libraries/sclera/nauseous.png,#f59e0b,,61,https://d18vdu4p71yql0.cloudfront.net/libraries/twemoji/1f4ac.svg,NARBE Words,#ff5ce1,https://d18vdu4p71yql0.cloudfront.net/libraries/noun-project/Book-thin_864_584233.svg
Adjectives,5,itchy,itchy,https://d18vdu4p71yql0.cloudfront.net/libraries/arasaac/to itch .png.varianted-skin.png,#f59e0b,,62,https://d18vdu4p71yql0.cloudfront.net/libraries/twemoji/1f4ac.svg,NARBE Words,#ff5ce1,https://d18vdu4p71yql0.cloudfront.net/libraries/noun-project/Book-thin_864_584233.svg
Adjectives,5,numb,numb,https://d18vdu4p71yql0.cloudfront.net/libraries/sclera/pain numbness.png,#f59e0b,,63,https://d18vdu4p71yql0.cloudfront.net/libraries/twemoji/1f4ac.svg,NARBE Words,#ff5ce1,https://d18vdu4p71yql0.cloudfront.net/libraries/noun-project/Book-thin_864_584233.svg
Adjectives,5,weak,weak,https://d18vdu4p71yql0.cloudfront.net/libraries/arasaac/weak.png.varianted-skin.png,#f59e0b,,64,https://d18vdu4p71yql0.cloudfront.net/libraries/twemoji/1f4ac.svg,NARBE Words,#ff5ce1,https://d18vdu4p71yql0.cloudfront.net/libraries/noun-project/Book-thin_864_584233.svg
Adjectives,5,strong,strong,https://d18vdu4p71yql0.cloudfront.net/libraries/arasaac/strong.png.varianted-skin.png,#f59e0b,,65,https://d18vdu4p71yql0.cloudfront.net/libraries/twemoji/1f4ac.svg,NARBE Words,#ff5ce1,https://d18vdu4p71yql0.cloudfront.net/libraries/noun-project/Book-thin_864_584233.svg
Adjectives,5,bright,bright,https://d18vdu4p71yql0.cloudfront.net/libraries/mulberry/bright.svg,#f59e0b,,66,https://d18vdu4p71yql0.cloudfront.net/libraries/twemoji/1f4ac.svg,NARBE Words,#ff5ce1,https://d18vdu4p71yql0.cloudfront.net/libraries/noun-project/Book-thin_864_584233.svg
Adjectives,5,dim,dim,https://d18vdu4p71yql0.cloudfront.net/libraries/twemoji/1f505.svg,#f59e0b,,67,https://d18vdu4p71yql0.cloudfront.net/libraries/twemoji/1f4ac.svg,NARBE Words,#ff5ce1,https://d18vdu4p71yql0.cloudfront.net/libraries/noun-project/Book-thin_864_584233.svg
Adjectives,5,soft,soft,https://d18vdu4p71yql0.cloudfront.net/libraries/arasaac/soft.png.varianted-skin.png,#f59e0b,,68,https://d18vdu4p71yql0.cloudfront.net/libraries/twemoji/1f4ac.svg,NARBE Words,#ff5ce1,https://d18vdu4p71yql0.cloudfront.net/libraries/noun-project/Book-thin_864_584233.svg
Adjectives,5,smooth,smooth,https://d18vdu4p71yql0.cloudfront.net/libraries/arasaac/smooth.png.varianted-skin.png,#f59e0b,,69,https://d18vdu4p71yql0.cloudfront.net/libraries/twemoji/1f4ac.svg,NARBE Words,#ff5ce1,https://d18vdu4p71yql0.cloudfront.net/libraries/noun-project/Book-thin_864_584233.svg
Adjectives,5,rough,rough,https://d18vdu4p71yql0.cloudfront.net/libraries/arasaac/coarse.png.varianted-skin.png,#f59e0b,,70,https://d18vdu4p71yql0.cloudfront.net/libraries/twemoji/1f4ac.svg,NARBE Words,#ff5ce1,https://d18vdu4p71yql0.cloudfront.net/libraries/noun-project/Book-thin_864_584233.svg
Adjectives,5,tight,tight,https://d18vdu4p71yql0.cloudfront.net/libraries/arasaac/tights.png.varianted-skin.png,#f59e0b,,71,https://d18vdu4p71yql0.cloudfront.net/libraries/twemoji/1f4ac.svg,NARBE Words,#ff5ce1,https://d18vdu4p71yql0.cloudfront.net/libraries/noun-project/Book-thin_864_584233.svg
Adjectives,5,loose,loose,https://d18vdu4p71yql0.cloudfront.net/libraries/arasaac/loose shirt.png,#f59e0b,,72,https://d18vdu4p71yql0.cloudfront.net/libraries/twemoji/1f4ac.svg,NARBE Words,#ff5ce1,https://d18vdu4p71yql0.cloudfront.net/libraries/noun-project/Book-thin_864_584233.svg
Adjectives,5,heavy,heavy,https://d18vdu4p71yql0.cloudfront.net/libraries/arasaac/heavy.png,#f59e0b,,73,https://d18vdu4p71yql0.cloudfront.net/libraries/twemoji/1f4ac.svg,NARBE Words,#ff5ce1,https://d18vdu4p71yql0.cloudfront.net/libraries/noun-project/Book-thin_864_584233.svg
Adjectives,5,fresh,fresh,,#f59e0b,,74,https://d18vdu4p71yql0.cloudfront.net/libraries/twemoji/1f4ac.svg,NARBE Words,#ff5ce1,https://d18vdu4p71yql0.cloudfront.net/libraries/noun-project/Book-thin_864_584233.svg
Adjectives,5,sweet,sweet,https://d18vdu4p71yql0.cloudfront.net/libraries/arasaac/sweet.png.varianted-skin.png,#f59e0b,,75,https://d18vdu4p71yql0.cloudfront.net/libraries/twemoji/1f4ac.svg,NARBE Words,#ff5ce1,https://d18vdu4p71yql0.cloudfront.net/libraries/noun-project/Book-thin_864_584233.svg
Adjectives,5,salty,salty,https://d18vdu4p71yql0.cloudfront.net/libraries/arasaac/salty.png.varianted-skin.png,#f59e0b,,76,https://d18vdu4p71yql0.cloudfront.net/libraries/twemoji/1f4ac.svg,NARBE Words,#ff5ce1,https://d18vdu4p71yql0.cloudfront.net/libraries/noun-project/Book-thin_864_584233.svg
Adjectives,5,spicy,spicy,https://d18vdu4p71yql0.cloudfront.net/libraries/arasaac/spicy.png.varianted-skin.png,#f59e0b,,77,https://d18vdu4p71yql0.cloudfront.net/libraries/twemoji/1f4ac.svg,NARBE Words,#ff5ce1,https://d18vdu4p71yql0.cloudfront.net/libraries/noun-project/Book-thin_864_584233.svg
Adjectives,5,sour,sour,https://d18vdu4p71yql0.cloudfront.net/libraries/mulberry/sour.svg.varianted-skin.svg,#f59e0b,,78,https://d18vdu4p71yql0.cloudfront.net/libraries/twemoji/1f4ac.svg,NARBE Words,#ff5ce1,https://d18vdu4p71yql0.cloudfront.net/libraries/noun-project/Book-thin_864_584233.svg
Adjectives,5,bitter,bitter,,#f59e0b,,79,https://d18vdu4p71yql0.cloudfront.net/libraries/twemoji/1f4ac.svg,NARBE Words,#ff5ce1,https://d18vdu4p71yql0.cloudfront.net/libraries/noun-project/Book-thin_864_584233.svg
Adjectives,5,delicious,delicious,https://d18vdu4p71yql0.cloudfront.net/libraries/icomoon/delicious.svg,#f59e0b,,80,https://d18vdu4p71yql0.cloudfront.net/libraries/twemoji/1f4ac.svg,NARBE Words,#ff5ce1,https://d18vdu4p71yql0.cloudfront.net/libraries/noun-project/Book-thin_864_584233.svg
Adjectives,5,awake,awake,https://d18vdu4p71yql0.cloudfront.net/libraries/arasaac/awake.png.varianted-skin.png,#f59e0b,,81,https://d18vdu4p71yql0.cloudfront.net/libraries/twemoji/1f4ac.svg,NARBE Words,#ff5ce1,https://d18vdu4p71yql0.cloudfront.net/libraries/noun-project/Book-thin_864_584233.svg
Adjectives,5,asleep,asleep,https://d18vdu4p71yql0.cloudfront.net/libraries/arasaac/to sleep_3.png,#f59e0b,,82,https://d18vdu4p71yql0.cloudfront.net/libraries/twemoji/1f4ac.svg,NARBE Words,#ff5ce1,https://d18vdu4p71yql0.cloudfront.net/libraries/noun-project/Book-thin_864_584233.svg
Adjectives,5,alone,alone,https://d18vdu4p71yql0.cloudfront.net/libraries/arasaac/alone.png.varianted-skin.png,#f59e0b,,83,https://d18vdu4p71yql0.cloudfront.net/libraries/twemoji/1f4ac.svg,NARBE Words,#ff5ce1,https://d18vdu4p71yql0.cloudfront.net/libraries/noun-project/Book-thin_864_584233.svg
Adjectives,5,together,together,,#f59e0b,,84,https://d18vdu4p71yql0.cloudfront.net/libraries/twemoji/1f4ac.svg,NARBE Words,#ff5ce1,https://d18vdu4p71yql0.cloudfront.net/libraries/noun-project/Book-thin_864_584233.svg
Adjectives,5,private,private,https://d18vdu4p71yql0.cloudfront.net/libraries/arasaac/private.png,#f59e0b,,85,https://d18vdu4p71yql0.cloudfront.net/libraries/twemoji/1f4ac.svg,NARBE Words,#ff5ce1,https://d18vdu4p71yql0.cloudfront.net/libraries/noun-project/Book-thin_864_584233.svg
Adjectives,5,public,public,https://d18vdu4p71yql0.cloudfront.net/libraries/arasaac/public.png.varianted-skin.png,#f59e0b,,86,https://d18vdu4p71yql0.cloudfront.net/libraries/twemoji/1f4ac.svg,NARBE Words,#ff5ce1,https://d18vdu4p71yql0.cloudfront.net/libraries/noun-project/Book-thin_864_584233.svg
Adjectives,5,urgent,urgent,,#f59e0b,,87,https://d18vdu4p71yql0.cloudfront.net/libraries/twemoji/1f4ac.svg,NARBE Words,#ff5ce1,https://d18vdu4p71yql0.cloudfront.net/libraries/noun-project/Book-thin_864_584233.svg
Adjectives,5,gentle,gentle,,#f59e0b,,88,https://d18vdu4p71yql0.cloudfront.net/libraries/twemoji/1f4ac.svg,NARBE Words,#ff5ce1,https://d18vdu4p71yql0.cloudfront.net/libraries/noun-project/Book-thin_864_584233.svg
Adjectives,5,careful,careful,https://d18vdu4p71yql0.cloudfront.net/libraries/arasaac/Be careful!.png.varianted-skin.png,#f59e0b,,89,https://d18vdu4p71yql0.cloudfront.net/libraries/twemoji/1f4ac.svg,NARBE Words,#ff5ce1,https://d18vdu4p71yql0.cloudfront.net/libraries/noun-project/Book-thin_864_584233.svg
Adjectives,5,personal,personal,,#f59e0b,,90,https://d18vdu4p71yql0.cloudfront.net/libraries/twemoji/1f4ac.svg,NARBE Words,#ff5ce1,https://d18vdu4p71yql0.cloudfront.net/libraries/noun-project/Book-thin_864_584233.svg
Adjectives,5,great,great,https://d18vdu4p71yql0.cloudfront.net/libraries/arasaac/great.png,#f59e0b,,91,https://d18vdu4p71yql0.cloudfront.net/libraries/twemoji/1f4ac.svg,NARBE Words,#ff5ce1,https://d18vdu4p71yql0.cloudfront.net/libraries/noun-project/Book-thin_864_584233.svg
Adjectives,5,nice,nice,https://d18vdu4p71yql0.cloudfront.net/libraries/arasaac/nice.png.varianted-skin.png,#f59e0b,,92,https://d18vdu4p71yql0.cloudfront.net/libraries/twemoji/1f4ac.svg,NARBE Words,#ff5ce1,https://d18vdu4p71yql0.cloudfront.net/libraries/noun-project/Book-thin_864_584233.svg
Adjectives,5,lovely,lovely,,#f59e0b,,93,https://d18vdu4p71yql0.cloudfront.net/libraries/twemoji/1f4ac.svg,NARBE Words,#ff5ce1,https://d18vdu4p71yql0.cloudfront.net/libraries/noun-project/Book-thin_864_584233.svg
Adjectives,5,beautiful,beautiful,https://d18vdu4p71yql0.cloudfront.net/libraries/arasaac/beautiful.png,#f59e0b,,94,https://d18vdu4p71yql0.cloudfront.net/libraries/twemoji/1f4ac.svg,NARBE Words,#ff5ce1,https://d18vdu4p71yql0.cloudfront.net/libraries/noun-project/Book-thin_864_584233.svg
Adjectives,5,ugly,ugly,https://d18vdu4p71yql0.cloudfront.net/libraries/arasaac/ugly.png,#f59e0b,,95,https://d18vdu4p71yql0.cloudfront.net/libraries/twemoji/1f4ac.svg,NARBE Words,#ff5ce1,https://d18vdu4p71yql0.cloudfront.net/libraries/noun-project/Book-thin_864_584233.svg
Adjectives,5,funny,funny,,#f59e0b,,96,https://d18vdu4p71yql0.cloudfront.net/libraries/twemoji/1f4ac.svg,NARBE Words,#ff5ce1,https://d18vdu4p71yql0.cloudfront.net/libraries/noun-project/Book-thin_864_584233.svg
Adjectives,5,serious,serious,https://d18vdu4p71yql0.cloudfront.net/libraries/arasaac/serious.png.varianted-skin.png,#f59e0b,,97,https://d18vdu4p71yql0.cloudfront.net/libraries/twemoji/1f4ac.svg,NARBE Words,#ff5ce1,https://d18vdu4p71yql0.cloudfront.net/libraries/noun-project/Book-thin_864_584233.svg
Adjectives,5,kind,kind,https://d18vdu4p71yql0.cloudfront.net/libraries/arasaac/cheek.png.varianted-skin.png,#f59e0b,,98,https://d18vdu4p71yql0.cloudfront.net/libraries/twemoji/1f4ac.svg,NARBE Words,#ff5ce1,https://d18vdu4p71yql0.cloudfront.net/libraries/noun-project/Book-thin_864_584233.svg
Adjectives,5,friendly,friendly,,#f59e0b,,99,https://d18vdu4p71yql0.cloudfront.net/libraries/twemoji/1f4ac.svg,NARBE Words,#ff5ce1,https://d18vdu4p71yql0.cloudfront.net/libraries/noun-project/Book-thin_864_584233.svg
Adjectives,5,rude,rude,,#f59e0b,,100,https://d18vdu4p71yql0.cloudfront.net/libraries/twemoji/1f4ac.svg,NARBE Words,#ff5ce1,https://d18vdu4p71yql0.cloudfront.net/libraries/noun-project/Book-thin_864_584233.svg
Adjectives,5,polite,polite,,#f59e0b,,101,https://d18vdu4p71yql0.cloudfront.net/libraries/twemoji/1f4ac.svg,NARBE Words,#ff5ce1,https://d18vdu4p71yql0.cloudfront.net/libraries/noun-project/Book-thin_864_584233.svg
Adjectives,5,honest,honest,,#f59e0b,,102,https://d18vdu4p71yql0.cloudfront.net/libraries/twemoji/1f4ac.svg,NARBE Words,#ff5ce1,https://d18vdu4p71yql0.cloudfront.net/libraries/noun-project/Book-thin_864_584233.svg
Adjectives,5,fair,fair,,#f59e0b,,103,https://d18vdu4p71yql0.cloudfront.net/libraries/twemoji/1f4ac.svg,NARBE Words,#ff5ce1,https://d18vdu4p71yql0.cloudfront.net/libraries/noun-project/Book-thin_864_584233.svg
Adjectives,5,unfair,unfair,,#f59e0b,,104,https://d18vdu4p71yql0.cloudfront.net/libraries/twemoji/1f4ac.svg,NARBE Words,#ff5ce1,https://d18vdu4p71yql0.cloudfront.net/libraries/noun-project/Book-thin_864_584233.svg
Adjectives,5,patient,patient,https://d18vdu4p71yql0.cloudfront.net/libraries/arasaac/patient.png.varianted-skin.png,#f59e0b,,105,https://d18vdu4p71yql0.cloudfront.net/libraries/twemoji/1f4ac.svg,NARBE Words,#ff5ce1,https://d18vdu4p71yql0.cloudfront.net/libraries/noun-project/Book-thin_864_584233.svg
Adjectives,5,impatient,impatient,https://d18vdu4p71yql0.cloudfront.net/libraries/sclera/impatient.png,#f59e0b,,106,https://d18vdu4p71yql0.cloudfront.net/libraries/twemoji/1f4ac.svg,NARBE Words,#ff5ce1,https://d18vdu4p71yql0.cloudfront.net/libraries/noun-project/Book-thin_864_584233.svg
Adjectives,5,brave,brave,,#f59e0b,,107,https://d18vdu4p71yql0.cloudfront.net/libraries/twemoji/1f4ac.svg,NARBE Words,#ff5ce1,https://d18vdu4p71yql0.cloudfront.net/libraries/noun-project/Book-thin_864_584233.svg
Adjectives,5,shy,shy,https://d18vdu4p71yql0.cloudfront.net/libraries/arasaac/shy.png.varianted-skin.png,#f59e0b,,108,https://d18vdu4p71yql0.cloudfront.net/libraries/twemoji/1f4ac.svg,NARBE Words,#ff5ce1,https://d18vdu4p71yql0.cloudfront.net/libraries/noun-project/Book-thin_864_584233.svg
Adjectives,5,smart,smart,https://d18vdu4p71yql0.cloudfront.net/libraries/noun-project/smart_287_g.svg,#f59e0b,,109,https://d18vdu4p71yql0.cloudfront.net/libraries/twemoji/1f4ac.svg,NARBE Words,#ff5ce1,https://d18vdu4p71yql0.cloudfront.net/libraries/noun-project/Book-thin_864_584233.svg
Adjectives,5,clever,clever,,#f59e0b,,110,https://d18vdu4p71yql0.cloudfront.net/libraries/twemoji/1f4ac.svg,NARBE Words,#ff5ce1,https://d18vdu4p71yql0.cloudfront.net/libraries/noun-project/Book-thin_864_584233.svg
Adjectives,5,interesting,interesting,,#f59e0b,,111,https://d18vdu4p71yql0.cloudfront.net/libraries/twemoji/1f4ac.svg,NARBE Words,#ff5ce1,https://d18vdu4p71yql0.cloudfront.net/libraries/noun-project/Book-thin_864_584233.svg
Adjectives,5,boring,boring,https://d18vdu4p71yql0.cloudfront.net/libraries/arasaac/boring.png.varianted-skin.png,#f59e0b,,112,https://d18vdu4p71yql0.cloudfront.net/libraries/twemoji/1f4ac.svg,NARBE Words,#ff5ce1,https://d18vdu4p71yql0.cloudfront.net/libraries/noun-project/Book-thin_864_584233.svg
Adjectives,5,amazing,amazing,,#f59e0b,,113,https://d18vdu4p71yql0.cloudfront.net/libraries/twemoji/1f4ac.svg,NARBE Words,#ff5ce1,https://d18vdu4p71yql0.cloudfront.net/libraries/noun-project/Book-thin_864_584233.svg
Adjectives,5,terrible,terrible,,#f59e0b,,114,https://d18vdu4p71yql0.cloudfront.net/libraries/twemoji/1f4ac.svg,NARBE Words,#ff5ce1,https://d18vdu4p71yql0.cloudfront.net/libraries/noun-project/Book-thin_864_584233.svg
Adjectives,5,awful,awful,,#f59e0b,,115,https://d18vdu4p71yql0.cloudfront.net/libraries/twemoji/1f4ac.svg,NARBE Words,#ff5ce1,https://d18vdu4p71yql0.cloudfront.net/libraries/noun-project/Book-thin_864_584233.svg
Adjectives,5,wonderful,wonderful,https://d18vdu4p71yql0.cloudfront.net/libraries/icomoon/happy.svg,#f59e0b,,116,https://d18vdu4p71yql0.cloudfront.net/libraries/twemoji/1f4ac.svg,NARBE Words,#ff5ce1,https://d18vdu4p71yql0.cloudfront.net/libraries/noun-project/Book-thin_864_584233.svg
Adjectives,5,perfect,perfect,,#f59e0b,,117,https://d18vdu4p71yql0.cloudfront.net/libraries/twemoji/1f4ac.svg,NARBE Words,#ff5ce1,https://d18vdu4p71yql0.cloudfront.net/libraries/noun-project/Book-thin_864_584233.svg
Adjectives,5,normal,normal,,#f59e0b,,118,https://d18vdu4p71yql0.cloudfront.net/libraries/twemoji/1f4ac.svg,NARBE Words,#ff5ce1,https://d18vdu4p71yql0.cloudfront.net/libraries/noun-project/Book-thin_864_584233.svg
Adjectives,5,strange,strange,https://d18vdu4p71yql0.cloudfront.net/libraries/arasaac/strange.png,#f59e0b,,119,https://d18vdu4p71yql0.cloudfront.net/libraries/twemoji/1f4ac.svg,NARBE Words,#ff5ce1,https://d18vdu4p71yql0.cloudfront.net/libraries/noun-project/Book-thin_864_584233.svg
Adjectives,5,weird,weird,https://d18vdu4p71yql0.cloudfront.net/libraries/noun-project/weird_798_g.svg,#f59e0b,,120,https://d18vdu4p71yql0.cloudfront.net/libraries/twemoji/1f4ac.svg,NARBE Words,#ff5ce1,https://d18vdu4p71yql0.cloudfront.net/libraries/noun-project/Book-thin_864_584233.svg
Adjectives,5,usual,usual,,#f59e0b,,121,https://d18vdu4p71yql0.cloudfront.net/libraries/twemoji/1f4ac.svg,NARBE Words,#ff5ce1,https://d18vdu4p71yql0.cloudfront.net/libraries/noun-project/Book-thin_864_584233.svg
Adjectives,5,unusual,unusual,,#f59e0b,,122,https://d18vdu4p71yql0.cloudfront.net/libraries/twemoji/1f4ac.svg,NARBE Words,#ff5ce1,https://d18vdu4p71yql0.cloudfront.net/libraries/noun-project/Book-thin_864_584233.svg
Adjectives,5,special,special,,#f59e0b,,123,https://d18vdu4p71yql0.cloudfront.net/libraries/twemoji/1f4ac.svg,NARBE Words,#ff5ce1,https://d18vdu4p71yql0.cloudfront.net/libraries/noun-project/Book-thin_864_584233.svg
Adjectives,5,ordinary,ordinary,,#f59e0b,,124,https://d18vdu4p71yql0.cloudfront.net/libraries/twemoji/1f4ac.svg,NARBE Words,#ff5ce1,https://d18vdu4p71yql0.cloudfront.net/libraries/noun-project/Book-thin_864_584233.svg
Adjectives,5,real,real,https://d18vdu4p71yql0.cloudfront.net/libraries/arasaac/how much.png,#f59e0b,,125,https://d18vdu4p71yql0.cloudfront.net/libraries/twemoji/1f4ac.svg,NARBE Words,#ff5ce1,https://d18vdu4p71yql0.cloudfront.net/libraries/noun-project/Book-thin_864_584233.svg
Adjectives,5,pretend,pretend,,#f59e0b,,126,https://d18vdu4p71yql0.cloudfront.net/libraries/twemoji/1f4ac.svg,NARBE Words,#ff5ce1,https://d18vdu4p71yql0.cloudfront.net/libraries/noun-project/Book-thin_864_584233.svg
Adjectives,5,alive,alive,https://d18vdu4p71yql0.cloudfront.net/libraries/arasaac/alive.png,#f59e0b,,127,https://d18vdu4p71yql0.cloudfront.net/libraries/twemoji/1f4ac.svg,NARBE Words,#ff5ce1,https://d18vdu4p71yql0.cloudfront.net/libraries/noun-project/Book-thin_864_584233.svg
Adjectives,5,dead,dead,https://d18vdu4p71yql0.cloudfront.net/libraries/arasaac/dead.png,#f59e0b,,128,https://d18vdu4p71yql0.cloudfront.net/libraries/twemoji/1f4ac.svg,NARBE Words,#ff5ce1,https://d18vdu4p71yql0.cloudfront.net/libraries/noun-project/Book-thin_864_584233.svg
Adjectives,5,young,young,https://d18vdu4p71yql0.cloudfront.net/libraries/arasaac/young.png.varianted-skin.png,#f59e0b,,129,https://d18vdu4p71yql0.cloudfront.net/libraries/twemoji/1f4ac.svg,NARBE Words,#ff5ce1,https://d18vdu4p71yql0.cloudfront.net/libraries/noun-project/Book-thin_864_584233.svg
Adjectives,5,older,older,,#f59e0b,,130,https://d18vdu4p71yql0.cloudfront.net/libraries/twemoji/1f4ac.svg,NARBE Words,#ff5ce1,https://d18vdu4p71yql0.cloudfront.net/libraries/noun-project/Book-thin_864_584233.svg
Adjectives,5,younger,younger,,#f59e0b,,131,https://d18vdu4p71yql0.cloudfront.net/libraries/twemoji/1f4ac.svg,NARBE Words,#ff5ce1,https://d18vdu4p71yql0.cloudfront.net/libraries/noun-project/Book-thin_864_584233.svg
Adjectives,5,tall,tall,https://d18vdu4p71yql0.cloudfront.net/libraries/arasaac/tall.png.varianted-skin.png,#f59e0b,,132,https://d18vdu4p71yql0.cloudfront.net/libraries/twemoji/1f4ac.svg,NARBE Words,#ff5ce1,https://d18vdu4p71yql0.cloudfront.net/libraries/noun-project/Book-thin_864_584233.svg
Adjectives,5,tiny,tiny,,#f59e0b,,133,https://d18vdu4p71yql0.cloudfront.net/libraries/twemoji/1f4ac.svg,NARBE Words,#ff5ce1,https://d18vdu4p71yql0.cloudfront.net/libraries/noun-project/Book-thin_864_584233.svg
Adjectives,5,huge,huge,,#f59e0b,,134,https://d18vdu4p71yql0.cloudfront.net/libraries/twemoji/1f4ac.svg,NARBE Words,#ff5ce1,https://d18vdu4p71yql0.cloudfront.net/libraries/noun-project/Book-thin_864_584233.svg
Adjectives,5,wide,wide,https://d18vdu4p71yql0.cloudfront.net/libraries/arasaac/wide.png,#f59e0b,,135,https://d18vdu4p71yql0.cloudfront.net/libraries/twemoji/1f4ac.svg,NARBE Words,#ff5ce1,https://d18vdu4p71yql0.cloudfront.net/libraries/noun-project/Book-thin_864_584233.svg
Adjectives,5,narrow,narrow,https://d18vdu4p71yql0.cloudfront.net/libraries/arasaac/narrow.png,#f59e0b,,136,https://d18vdu4p71yql0.cloudfront.net/libraries/twemoji/1f4ac.svg,NARBE Words,#ff5ce1,https://d18vdu4p71yql0.cloudfront.net/libraries/noun-project/Book-thin_864_584233.svg
Adjectives,5,thick,thick,https://d18vdu4p71yql0.cloudfront.net/libraries/mulberry/thick.svg.varianted-skin.svg,#f59e0b,,137,https://d18vdu4p71yql0.cloudfront.net/libraries/twemoji/1f4ac.svg,NARBE Words,#ff5ce1,https://d18vdu4p71yql0.cloudfront.net/libraries/noun-project/Book-thin_864_584233.svg
Adjectives,5,thin,thin,https://d18vdu4p71yql0.cloudfront.net/libraries/arasaac/thin.png.varianted-skin.png,#f59e0b,,138,https://d18vdu4p71yql0.cloudfront.net/libraries/twemoji/1f4ac.svg,NARBE Words,#ff5ce1,https://d18vdu4p71yql0.cloudfront.net/libraries/noun-project/Book-thin_864_584233.svg
Adjectives,5,deep,deep,https://d18vdu4p71yql0.cloudfront.net/libraries/mulberry/deep.svg,#f59e0b,,139,https://d18vdu4p71yql0.cloudfront.net/libraries/twemoji/1f4ac.svg,NARBE Words,#ff5ce1,https://d18vdu4p71yql0.cloudfront.net/libraries/noun-project/Book-thin_864_584233.svg
Adjectives,5,shallow,shallow,https://d18vdu4p71yql0.cloudfront.net/libraries/mulberry/shallow.svg,#f59e0b,,140,https://d18vdu4p71yql0.cloudfront.net/libraries/twemoji/1f4ac.svg,NARBE Words,#ff5ce1,https://d18vdu4p71yql0.cloudfront.net/libraries/noun-project/Book-thin_864_584233.svg
Adjectives,5,flat,flat,https://d18vdu4p71yql0.cloudfront.net/libraries/mulberry/flat.svg,#f59e0b,,141,https://d18vdu4p71yql0.cloudfront.net/libraries/twemoji/1f4ac.svg,NARBE Words,#ff5ce1,https://d18vdu4p71yql0.cloudfront.net/libraries/noun-project/Book-thin_864_584233.svg
Adjectives,5,round,round,,#f59e0b,,142,https://d18vdu4p71yql0.cloudfront.net/libraries/twemoji/1f4ac.svg,NARBE Words,#ff5ce1,https://d18vdu4p71yql0.cloudfront.net/libraries/noun-project/Book-thin_864_584233.svg
Adjectives,5,straight,straight,https://d18vdu4p71yql0.cloudfront.net/libraries/arasaac/straight.png,#f59e0b,,143,https://d18vdu4p71yql0.cloudfront.net/libraries/twemoji/1f4ac.svg,NARBE Words,#ff5ce1,https://d18vdu4p71yql0.cloudfront.net/libraries/noun-project/Book-thin_864_584233.svg
Adjectives,5,curved,curved,,#f59e0b,,144,https://d18vdu4p71yql0.cloudfront.net/libraries/twemoji/1f4ac.svg,NARBE Words,#ff5ce1,https://d18vdu4p71yql0.cloudfront.net/libraries/noun-project/Book-thin_864_584233.svg
Adjectives,5,sharp,sharp,https://d18vdu4p71yql0.cloudfront.net/libraries/arasaac/sharp.png.varianted-skin.png,#f59e0b,,145,https://d18vdu4p71yql0.cloudfront.net/libraries/twemoji/1f4ac.svg,NARBE Words,#ff5ce1,https://d18vdu4p71yql0.cloudfront.net/libraries/noun-project/Book-thin_864_584233.svg
Adjectives,5,blunt,blunt,,#f59e0b,,146,https://d18vdu4p71yql0.cloudfront.net/libraries/twemoji/1f4ac.svg,NARBE Words,#ff5ce1,https://d18vdu4p71yql0.cloudfront.net/libraries/noun-project/Book-thin_864_584233.svg
Adjectives,5,square,square,https://d18vdu4p71yql0.cloudfront.net/libraries/arasaac/square.png,#f59e0b,,147,https://d18vdu4p71yql0.cloudfront.net/libraries/twemoji/1f4ac.svg,NARBE Words,#ff5ce1,https://d18vdu4p71yql0.cloudfront.net/libraries/noun-project/Book-thin_864_584233.svg
Adjectives,5,sticky,sticky,https://d18vdu4p71yql0.cloudfront.net/libraries/arasaac/sticky.png.varianted-skin.png,#f59e0b,,148,https://d18vdu4p71yql0.cloudfront.net/libraries/twemoji/1f4ac.svg,NARBE Words,#ff5ce1,https://d18vdu4p71yql0.cloudfront.net/libraries/noun-project/Book-thin_864_584233.svg
Adjectives,5,slippery,slippery,https://d18vdu4p71yql0.cloudfront.net/libraries/mulberry/slippery.svg.varianted-skin.svg,#f59e0b,,149,https://d18vdu4p71yql0.cloudfront.net/libraries/twemoji/1f4ac.svg,NARBE Words,#ff5ce1,https://d18vdu4p71yql0.cloudfront.net/libraries/noun-project/Book-thin_864_584233.svg
Adjectives,5,fuzzy,fuzzy,https://d18vdu4p71yql0.cloudfront.net/libraries/mulberry/fuzzy.svg,#f59e0b,,150,https://d18vdu4p71yql0.cloudfront.net/libraries/twemoji/1f4ac.svg,NARBE Words,#ff5ce1,https://d18vdu4p71yql0.cloudfront.net/libraries/noun-project/Book-thin_864_584233.svg
Adjectives,5,fluffy,fluffy,,#f59e0b,,151,https://d18vdu4p71yql0.cloudfront.net/libraries/twemoji/1f4ac.svg,NARBE Words,#ff5ce1,https://d18vdu4p71yql0.cloudfront.net/libraries/noun-project/Book-thin_864_584233.svg
Adjectives,5,scratchy,scratchy,,#f59e0b,,152,https://d18vdu4p71yql0.cloudfront.net/libraries/twemoji/1f4ac.svg,NARBE Words,#ff5ce1,https://d18vdu4p71yql0.cloudfront.net/libraries/noun-project/Book-thin_864_584233.svg
Adjectives,5,greasy,greasy,,#f59e0b,,153,https://d18vdu4p71yql0.cloudfront.net/libraries/twemoji/1f4ac.svg,NARBE Words,#ff5ce1,https://d18vdu4p71yql0.cloudfront.net/libraries/noun-project/Book-thin_864_584233.svg
Adjectives,5,messy,messy,https://d18vdu4p71yql0.cloudfront.net/libraries/arasaac/messy.png,#f59e0b,,154,https://d18vdu4p71yql0.cloudfront.net/libraries/twemoji/1f4ac.svg,NARBE Words,#ff5ce1,https://d18vdu4p71yql0.cloudfront.net/libraries/noun-project/Book-thin_864_584233.svg
Adjectives,5,tidy,tidy,https://d18vdu4p71yql0.cloudfront.net/libraries/arasaac/tidy.png,#f59e0b,,155,https://d18vdu4p71yql0.cloudfront.net/libraries/twemoji/1f4ac.svg,NARBE Words,#ff5ce1,https://d18vdu4p71yql0.cloudfront.net/libraries/noun-project/Book-thin_864_584233.svg
Adjectives,5,stale,stale,,#f59e0b,,156,https://d18vdu4p71yql0.cloudfront.net/libraries/twemoji/1f4ac.svg,NARBE Words,#ff5ce1,https://d18vdu4p71yql0.cloudfront.net/libraries/noun-project/Book-thin_864_584233.svg
Adjectives,5,raw,raw,https://d18vdu4p71yql0.cloudfront.net/libraries/arasaac/raw.png.varianted-skin.png,#f59e0b,,157,https://d18vdu4p71yql0.cloudfront.net/libraries/twemoji/1f4ac.svg,NARBE Words,#ff5ce1,https://d18vdu4p71yql0.cloudfront.net/libraries/noun-project/Book-thin_864_584233.svg
Adjectives,5,cooked,cooked,https://d18vdu4p71yql0.cloudfront.net/libraries/arasaac/cooked.png,#f59e0b,,158,https://d18vdu4p71yql0.cloudfront.net/libraries/twemoji/1f4ac.svg,NARBE Words,#ff5ce1,https://d18vdu4p71yql0.cloudfront.net/libraries/noun-project/Book-thin_864_584233.svg
Adjectives,5,ripe,ripe,https://d18vdu4p71yql0.cloudfront.net/libraries/arasaac/scratch.png.varianted-skin.png,#f59e0b,,159,https://d18vdu4p71yql0.cloudfront.net/libraries/twemoji/1f4ac.svg,NARBE Words,#ff5ce1,https://d18vdu4p71yql0.cloudfront.net/libraries/noun-project/Book-thin_864_584233.svg
Adjectives,5,frozen,frozen,https://d18vdu4p71yql0.cloudfront.net/libraries/arasaac/frozen.png,#f59e0b,,160,https://d18vdu4p71yql0.cloudfront.net/libraries/twemoji/1f4ac.svg,NARBE Words,#ff5ce1,https://d18vdu4p71yql0.cloudfront.net/libraries/noun-project/Book-thin_864_584233.svg
Adjectives,5,melted,melted,,#f59e0b,,161,https://d18vdu4p71yql0.cloudfront.net/libraries/twemoji/1f4ac.svg,NARBE Words,#ff5ce1,https://d18vdu4p71yql0.cloudfront.net/libraries/noun-project/Book-thin_864_584233.svg
Adjectives,5,burnt,burnt,,#f59e0b,,162,https://d18vdu4p71yql0.cloudfront.net/libraries/twemoji/1f4ac.svg,NARBE Words,#ff5ce1,https://d18vdu4p71yql0.cloudfront.net/libraries/noun-project/Book-thin_864_584233.svg
Adjectives,5,boiling,boiling,,#f59e0b,,163,https://d18vdu4p71yql0.cloudfront.net/libraries/twemoji/1f4ac.svg,NARBE Words,#ff5ce1,https://d18vdu4p71yql0.cloudfront.net/libraries/noun-project/Book-thin_864_584233.svg
Adjectives,5,lukewarm,lukewarm,,#f59e0b,,164,https://d18vdu4p71yql0.cloudfront.net/libraries/twemoji/1f4ac.svg,NARBE Words,#ff5ce1,https://d18vdu4p71yql0.cloudfront.net/libraries/noun-project/Book-thin_864_584233.svg
Adjectives,5,crunchy,crunchy,https://d18vdu4p71yql0.cloudfront.net/libraries/mulberry/crunchy.svg.varianted-skin.svg,#f59e0b,,165,https://d18vdu4p71yql0.cloudfront.net/libraries/twemoji/1f4ac.svg,NARBE Words,#ff5ce1,https://d18vdu4p71yql0.cloudfront.net/libraries/noun-project/Book-thin_864_584233.svg
Adjectives,5,crispy,crispy,,#f59e0b,,166,https://d18vdu4p71yql0.cloudfront.net/libraries/twemoji/1f4ac.svg,NARBE Words,#ff5ce1,https://d18vdu4p71yql0.cloudfront.net/libraries/noun-project/Book-thin_864_584233.svg
Adjectives,5,chewy,chewy,,#f59e0b,,167,https://d18vdu4p71yql0.cloudfront.net/libraries/twemoji/1f4ac.svg,NARBE Words,#ff5ce1,https://d18vdu4p71yql0.cloudfront.net/libraries/noun-project/Book-thin_864_584233.svg
Adjectives,5,juicy,juicy,,#f59e0b,,168,https://d18vdu4p71yql0.cloudfront.net/libraries/twemoji/1f4ac.svg,NARBE Words,#ff5ce1,https://d18vdu4p71yql0.cloudfront.net/libraries/noun-project/Book-thin_864_584233.svg
Adjectives,5,mushy,mushy,,#f59e0b,,169,https://d18vdu4p71yql0.cloudfront.net/libraries/twemoji/1f4ac.svg,NARBE Words,#ff5ce1,https://d18vdu4p71yql0.cloudfront.net/libraries/noun-project/Book-thin_864_584233.svg
Adjectives,5,fizzy,fizzy,,#f59e0b,,170,https://d18vdu4p71yql0.cloudfront.net/libraries/twemoji/1f4ac.svg,NARBE Words,#ff5ce1,https://d18vdu4p71yql0.cloudfront.net/libraries/noun-project/Book-thin_864_584233.svg
Adjectives,5,plain,plain,https://d18vdu4p71yql0.cloudfront.net/libraries/arasaac/plain.png,#f59e0b,,171,https://d18vdu4p71yql0.cloudfront.net/libraries/twemoji/1f4ac.svg,NARBE Words,#ff5ce1,https://d18vdu4p71yql0.cloudfront.net/libraries/noun-project/Book-thin_864_584233.svg
Adjectives,5,mild,mild,https://d18vdu4p71yql0.cloudfront.net/libraries/arasaac/mild.png,#f59e0b,,172,https://d18vdu4p71yql0.cloudfront.net/libraries/twemoji/1f4ac.svg,NARBE Words,#ff5ce1,https://d18vdu4p71yql0.cloudfront.net/libraries/noun-project/Book-thin_864_584233.svg
Adjectives,5,extra,extra,https://d18vdu4p71yql0.cloudfront.net/libraries/mulberry/extra.svg,#f59e0b,,173,https://d18vdu4p71yql0.cloudfront.net/libraries/twemoji/1f4ac.svg,NARBE Words,#ff5ce1,https://d18vdu4p71yql0.cloudfront.net/libraries/noun-project/Book-thin_864_584233.svg
Adjectives,5,regular,regular,,#f59e0b,,174,https://d18vdu4p71yql0.cloudfront.net/libraries/twemoji/1f4ac.svg,NARBE Words,#ff5ce1,https://d18vdu4p71yql0.cloudfront.net/libraries/noun-project/Book-thin_864_584233.svg
Adjectives,5,large,large,https://d18vdu4p71yql0.cloudfront.net/libraries/arasaac/large.png,#f59e0b,,175,https://d18vdu4p71yql0.cloudfront.net/libraries/twemoji/1f4ac.svg,NARBE Words,#ff5ce1,https://d18vdu4p71yql0.cloudfront.net/libraries/noun-project/Book-thin_864_584233.svg
Adjectives,5,medium,medium,https://d18vdu4p71yql0.cloudfront.net/libraries/arasaac/medium.png,#f59e0b,,176,https://d18vdu4p71yql0.cloudfront.net/libraries/twemoji/1f4ac.svg,NARBE Words,#ff5ce1,https://d18vdu4p71yql0.cloudfront.net/libraries/noun-project/Book-thin_864_584233.svg
Adjectives,5,little,little,https://d18vdu4p71yql0.cloudfront.net/libraries/arasaac/small.png,#f59e0b,,177,https://d18vdu4p71yql0.cloudfront.net/libraries/twemoji/1f4ac.svg,NARBE Words,#ff5ce1,https://d18vdu4p71yql0.cloudfront.net/libraries/noun-project/Book-thin_864_584233.svg
Adjectives,5,whole,whole,https://d18vdu4p71yql0.cloudfront.net/libraries/mulberry/whole.svg,#f59e0b,,178,https://d18vdu4p71yql0.cloudfront.net/libraries/twemoji/1f4ac.svg,NARBE Words,#ff5ce1,https://d18vdu4p71yql0.cloudfront.net/libraries/noun-project/Book-thin_864_584233.svg
Adjectives,5,half,half,https://d18vdu4p71yql0.cloudfront.net/libraries/arasaac/half.png,#f59e0b,,179,https://d18vdu4p71yql0.cloudfront.net/libraries/twemoji/1f4ac.svg,NARBE Words,#ff5ce1,https://d18vdu4p71yql0.cloudfront.net/libraries/noun-project/Book-thin_864_584233.svg
Adjectives,5,separate,separate,https://d18vdu4p71yql0.cloudfront.net/libraries/arasaac/separate.png.varianted-skin.png,#f59e0b,,180,https://d18vdu4p71yql0.cloudfront.net/libraries/twemoji/1f4ac.svg,NARBE Words,#ff5ce1,https://d18vdu4p71yql0.cloudfront.net/libraries/noun-project/Book-thin_864_584233.svg
Adjectives,5,equal,equal,https://d18vdu4p71yql0.cloudfront.net/libraries/noun-project/Equal_347_g.svg,#f59e0b,,181,https://d18vdu4p71yql0.cloudfront.net/libraries/twemoji/1f4ac.svg,NARBE Words,#ff5ce1,https://d18vdu4p71yql0.cloudfront.net/libraries/noun-project/Book-thin_864_584233.svg
Adjectives,5,opposite,opposite,https://d18vdu4p71yql0.cloudfront.net/libraries/arasaac/opposite.png,#f59e0b,,182,https://d18vdu4p71yql0.cloudfront.net/libraries/twemoji/1f4ac.svg,NARBE Words,#ff5ce1,https://d18vdu4p71yql0.cloudfront.net/libraries/noun-project/Book-thin_864_584233.svg
Adjectives,5,similar,similar,,#f59e0b,,183,https://d18vdu4p71yql0.cloudfront.net/libraries/twemoji/1f4ac.svg,NARBE Words,#ff5ce1,https://d18vdu4p71yql0.cloudfront.net/libraries/noun-project/Book-thin_864_584233.svg
Adjectives,5,exact,exact,,#f59e0b,,184,https://d18vdu4p71yql0.cloudfront.net/libraries/twemoji/1f4ac.svg,NARBE Words,#ff5ce1,https://d18vdu4p71yql0.cloudfront.net/libraries/noun-project/Book-thin_864_584233.svg
Adjectives,5,certain,certain,,#f59e0b,,185,https://d18vdu4p71yql0.cloudfront.net/libraries/twemoji/1f4ac.svg,NARBE Words,#ff5ce1,https://d18vdu4p71yql0.cloudfront.net/libraries/noun-project/Book-thin_864_584233.svg
Adjectives,5,unsure,unsure,,#f59e0b,,186,https://d18vdu4p71yql0.cloudfront.net/libraries/twemoji/1f4ac.svg,NARBE Words,#ff5ce1,https://d18vdu4p71yql0.cloudfront.net/libraries/noun-project/Book-thin_864_584233.svg
Adjectives,5,able,able,,#f59e0b,,187,https://d18vdu4p71yql0.cloudfront.net/libraries/twemoji/1f4ac.svg,NARBE Words,#ff5ce1,https://d18vdu4p71yql0.cloudfront.net/libraries/noun-project/Book-thin_864_584233.svg
Adjectives,5,unable,unable,,#f59e0b,,188,https://d18vdu4p71yql0.cloudfront.net/libraries/twemoji/1f4ac.svg,NARBE Words,#ff5ce1,https://d18vdu4p71yql0.cloudfront.net/libraries/noun-project/Book-thin_864_584233.svg
Adjectives,5,necessary,necessary,,#f59e0b,,189,https://d18vdu4p71yql0.cloudfront.net/libraries/twemoji/1f4ac.svg,NARBE Words,#ff5ce1,https://d18vdu4p71yql0.cloudfront.net/libraries/noun-project/Book-thin_864_584233.svg
Adjectives,5,optional,optional,,#f59e0b,,190,https://d18vdu4p71yql0.cloudfront.net/libraries/twemoji/1f4ac.svg,NARBE Words,#ff5ce1,https://d18vdu4p71yql0.cloudfront.net/libraries/noun-project/Book-thin_864_584233.svg
Adjectives,5,free,free,https://d18vdu4p71yql0.cloudfront.net/libraries/arasaac/free.png.varianted-skin.png,#f59e0b,,191,https://d18vdu4p71yql0.cloudfront.net/libraries/twemoji/1f4ac.svg,NARBE Words,#ff5ce1,https://d18vdu4p71yql0.cloudfront.net/libraries/noun-project/Book-thin_864_584233.svg
Adjectives,5,expensive,expensive,https://d18vdu4p71yql0.cloudfront.net/libraries/arasaac/expensive.png,#f59e0b,,192,https://d18vdu4p71yql0.cloudfront.net/libraries/twemoji/1f4ac.svg,NARBE Words,#ff5ce1,https://d18vdu4p71yql0.cloudfront.net/libraries/noun-project/Book-thin_864_584233.svg
Adjectives,5,cheap,cheap,https://d18vdu4p71yql0.cloudfront.net/libraries/arasaac/cheap.png,#f59e0b,,193,https://d18vdu4p71yql0.cloudfront.net/libraries/twemoji/1f4ac.svg,NARBE Words,#ff5ce1,https://d18vdu4p71yql0.cloudfront.net/libraries/noun-project/Book-thin_864_584233.svg
Adjectives,5,affordable,affordable,,#f59e0b,,194,https://d18vdu4p71yql0.cloudfront.net/libraries/twemoji/1f4ac.svg,NARBE Words,#ff5ce1,https://d18vdu4p71yql0.cloudfront.net/libraries/noun-project/Book-thin_864_584233.svg
Adjectives,5,useful,useful,,#f59e0b,,195,https://d18vdu4p71yql0.cloudfront.net/libraries/twemoji/1f4ac.svg,NARBE Words,#ff5ce1,https://d18vdu4p71yql0.cloudfront.net/libraries/noun-project/Book-thin_864_584233.svg
Adjectives,5,useless,useless,,#f59e0b,,196,https://d18vdu4p71yql0.cloudfront.net/libraries/twemoji/1f4ac.svg,NARBE Words,#ff5ce1,https://d18vdu4p71yql0.cloudfront.net/libraries/noun-project/Book-thin_864_584233.svg
Adjectives,5,helpful,helpful,,#f59e0b,,197,https://d18vdu4p71yql0.cloudfront.net/libraries/twemoji/1f4ac.svg,NARBE Words,#ff5ce1,https://d18vdu4p71yql0.cloudfront.net/libraries/noun-project/Book-thin_864_584233.svg
Adjectives,5,unhelpful,unhelpful,,#f59e0b,,198,https://d18vdu4p71yql0.cloudfront.net/libraries/twemoji/1f4ac.svg,NARBE Words,#ff5ce1,https://d18vdu4p71yql0.cloudfront.net/libraries/noun-project/Book-thin_864_584233.svg
Adjectives,5,independent,independent,https://d18vdu4p71yql0.cloudfront.net/libraries/arasaac/independent.png.varianted-skin.png,#f59e0b,,199,https://d18vdu4p71yql0.cloudfront.net/libraries/twemoji/1f4ac.svg,NARBE Words,#ff5ce1,https://d18vdu4p71yql0.cloudfront.net/libraries/noun-project/Book-thin_864_584233.svg
Adjectives,5,accessible,accessible,,#f59e0b,,200,https://d18vdu4p71yql0.cloudfront.net/libraries/twemoji/1f4ac.svg,NARBE Words,#ff5ce1,https://d18vdu4p71yql0.cloudfront.net/libraries/noun-project/Book-thin_864_584233.svg
Adjectives,5,inaccessible,inaccessible,,#f59e0b,,201,https://d18vdu4p71yql0.cloudfront.net/libraries/twemoji/1f4ac.svg,NARBE Words,#ff5ce1,https://d18vdu4p71yql0.cloudfront.net/libraries/noun-project/Book-thin_864_584233.svg
Adjectives,5,portable,portable,https://d18vdu4p71yql0.cloudfront.net/libraries/arasaac/portable.png,#f59e0b,,202,https://d18vdu4p71yql0.cloudfront.net/libraries/twemoji/1f4ac.svg,NARBE Words,#ff5ce1,https://d18vdu4p71yql0.cloudfront.net/libraries/noun-project/Book-thin_864_584233.svg
Adjectives,5,electric,electric,,#f59e0b,,203,https://d18vdu4p71yql0.cloudfront.net/libraries/twemoji/1f4ac.svg,NARBE Words,#ff5ce1,https://d18vdu4p71yql0.cloudfront.net/libraries/noun-project/Book-thin_864_584233.svg
Adjectives,5,automatic,automatic,,#f59e0b,,204,https://d18vdu4p71yql0.cloudfront.net/libraries/twemoji/1f4ac.svg,NARBE Words,#ff5ce1,https://d18vdu4p71yql0.cloudfront.net/libraries/noun-project/Book-thin_864_584233.svg
Adjectives,5,manual,manual,,#f59e0b,,205,https://d18vdu4p71yql0.cloudfront.net/libraries/twemoji/1f4ac.svg,NARBE Words,#ff5ce1,https://d18vdu4p71yql0.cloudfront.net/libraries/noun-project/Book-thin_864_584233.svg
Adjectives,5,working,working,,#f59e0b,,206,https://d18vdu4p71yql0.cloudfront.net/libraries/twemoji/1f4ac.svg,NARBE Words,#ff5ce1,https://d18vdu4p71yql0.cloudfront.net/libraries/noun-project/Book-thin_864_584233.svg
Adjectives,5,missing,missing,,#f59e0b,,207,https://d18vdu4p71yql0.cloudfront.net/libraries/twemoji/1f4ac.svg,NARBE Words,#ff5ce1,https://d18vdu4p71yql0.cloudfront.net/libraries/noun-project/Book-thin_864_584233.svg
Adjectives,5,lost,lost,https://d18vdu4p71yql0.cloudfront.net/libraries/mulberry/lost.svg.varianted-skin.svg,#f59e0b,,208,https://d18vdu4p71yql0.cloudfront.net/libraries/twemoji/1f4ac.svg,NARBE Words,#ff5ce1,https://d18vdu4p71yql0.cloudfront.net/libraries/noun-project/Book-thin_864_584233.svg
Adjectives,5,found,found,,#f59e0b,,209,https://d18vdu4p71yql0.cloudfront.net/libraries/twemoji/1f4ac.svg,NARBE Words,#ff5ce1,https://d18vdu4p71yql0.cloudfront.net/libraries/noun-project/Book-thin_864_584233.svg
Adjectives,5,stuck,stuck,,#f59e0b,,210,https://d18vdu4p71yql0.cloudfront.net/libraries/twemoji/1f4ac.svg,NARBE Words,#ff5ce1,https://d18vdu4p71yql0.cloudfront.net/libraries/noun-project/Book-thin_864_584233.svg
Adjectives,5,finished,finished,,#f59e0b,,211,https://d18vdu4p71yql0.cloudfront.net/libraries/twemoji/1f4ac.svg,NARBE Words,#ff5ce1,https://d18vdu4p71yql0.cloudfront.net/libraries/noun-project/Book-thin_864_584233.svg
Adjectives,5,complete,complete,https://d18vdu4p71yql0.cloudfront.net/libraries/arasaac/complete.png,#f59e0b,,212,https://d18vdu4p71yql0.cloudfront.net/libraries/twemoji/1f4ac.svg,NARBE Words,#ff5ce1,https://d18vdu4p71yql0.cloudfront.net/libraries/noun-project/Book-thin_864_584233.svg
Adjectives,5,incomplete,incomplete,,#f59e0b,,213,https://d18vdu4p71yql0.cloudfront.net/libraries/twemoji/1f4ac.svg,NARBE Words,#ff5ce1,https://d18vdu4p71yql0.cloudfront.net/libraries/noun-project/Book-thin_864_584233.svg
Adjectives,5,permanent,permanent,,#f59e0b,,214,https://d18vdu4p71yql0.cloudfront.net/libraries/twemoji/1f4ac.svg,NARBE Words,#ff5ce1,https://d18vdu4p71yql0.cloudfront.net/libraries/noun-project/Book-thin_864_584233.svg
Adjectives,5,temporary,temporary,,#f59e0b,,215,https://d18vdu4p71yql0.cloudfront.net/libraries/twemoji/1f4ac.svg,NARBE Words,#ff5ce1,https://d18vdu4p71yql0.cloudfront.net/libraries/noun-project/Book-thin_864_584233.svg
Adjectives,5,local,local,,#f59e0b,,216,https://d18vdu4p71yql0.cloudfront.net/libraries/twemoji/1f4ac.svg,NARBE Words,#ff5ce1,https://d18vdu4p71yql0.cloudfront.net/libraries/noun-project/Book-thin_864_584233.svg
Adjectives,5,distant,distant,,#f59e0b,,217,https://d18vdu4p71yql0.cloudfront.net/libraries/twemoji/1f4ac.svg,NARBE Words,#ff5ce1,https://d18vdu4p71yql0.cloudfront.net/libraries/noun-project/Book-thin_864_584233.svg
Adjectives,5,nearby,nearby,,#f59e0b,,218,https://d18vdu4p71yql0.cloudfront.net/libraries/twemoji/1f4ac.svg,NARBE Words,#ff5ce1,https://d18vdu4p71yql0.cloudfront.net/libraries/noun-project/Book-thin_864_584233.svg
Adjectives,5,indoor,indoor,,#f59e0b,,219,https://d18vdu4p71yql0.cloudfront.net/libraries/twemoji/1f4ac.svg,NARBE Words,#ff5ce1,https://d18vdu4p71yql0.cloudfront.net/libraries/noun-project/Book-thin_864_584233.svg
Adjectives,5,outdoor,outdoor,,#f59e0b,,220,https://d18vdu4p71yql0.cloudfront.net/libraries/twemoji/1f4ac.svg,NARBE Words,#ff5ce1,https://d18vdu4p71yql0.cloudfront.net/libraries/noun-project/Book-thin_864_584233.svg
Adjectives,5,daily,daily,,#f59e0b,,221,https://d18vdu4p71yql0.cloudfront.net/libraries/twemoji/1f4ac.svg,NARBE Words,#ff5ce1,https://d18vdu4p71yql0.cloudfront.net/libraries/noun-project/Book-thin_864_584233.svg
Adjectives,5,weekly,weekly,,#f59e0b,,222,https://d18vdu4p71yql0.cloudfront.net/libraries/twemoji/1f4ac.svg,NARBE Words,#ff5ce1,https://d18vdu4p71yql0.cloudfront.net/libraries/noun-project/Book-thin_864_584233.svg
Adjectives,5,monthly,monthly,,#f59e0b,,223,https://d18vdu4p71yql0.cloudfront.net/libraries/twemoji/1f4ac.svg,NARBE Words,#ff5ce1,https://d18vdu4p71yql0.cloudfront.net/libraries/noun-project/Book-thin_864_584233.svg
Adjectives,5,annual,annual,,#f59e0b,,224,https://d18vdu4p71yql0.cloudfront.net/libraries/twemoji/1f4ac.svg,NARBE Words,#ff5ce1,https://d18vdu4p71yql0.cloudfront.net/libraries/noun-project/Book-thin_864_584233.svg
Prepositions,6,in,in,https://d18vdu4p71yql0.cloudfront.net/libraries/mulberry/in.svg,#10b981,,1,https://d18vdu4p71yql0.cloudfront.net/libraries/arasaac/on top of.png,NARBE Words,#ff5ce1,https://d18vdu4p71yql0.cloudfront.net/libraries/noun-project/Book-thin_864_584233.svg
Prepositions,6,on,on,https://d18vdu4p71yql0.cloudfront.net/libraries/mulberry/on.svg,#10b981,,2,https://d18vdu4p71yql0.cloudfront.net/libraries/arasaac/on top of.png,NARBE Words,#ff5ce1,https://d18vdu4p71yql0.cloudfront.net/libraries/noun-project/Book-thin_864_584233.svg
Prepositions,6,under,under,https://d18vdu4p71yql0.cloudfront.net/libraries/arasaac/under.png,#10b981,,3,https://d18vdu4p71yql0.cloudfront.net/libraries/arasaac/on top of.png,NARBE Words,#ff5ce1,https://d18vdu4p71yql0.cloudfront.net/libraries/noun-project/Book-thin_864_584233.svg
Prepositions,6,over,over,https://d18vdu4p71yql0.cloudfront.net/libraries/mulberry/over.svg,#10b981,,4,https://d18vdu4p71yql0.cloudfront.net/libraries/arasaac/on top of.png,NARBE Words,#ff5ce1,https://d18vdu4p71yql0.cloudfront.net/libraries/noun-project/Book-thin_864_584233.svg
Prepositions,6,behind,behind,https://d18vdu4p71yql0.cloudfront.net/libraries/arasaac/behind.png,#10b981,,5,https://d18vdu4p71yql0.cloudfront.net/libraries/arasaac/on top of.png,NARBE Words,#ff5ce1,https://d18vdu4p71yql0.cloudfront.net/libraries/noun-project/Book-thin_864_584233.svg
Prepositions,6,beside,beside,https://d18vdu4p71yql0.cloudfront.net/libraries/noun-project/drawers_985_382939.svg,#10b981,,6,https://d18vdu4p71yql0.cloudfront.net/libraries/arasaac/on top of.png,NARBE Words,#ff5ce1,https://d18vdu4p71yql0.cloudfront.net/libraries/noun-project/Book-thin_864_584233.svg
Prepositions,6,between,between,https://d18vdu4p71yql0.cloudfront.net/libraries/noun-project/between_735_g.svg,#10b981,,7,https://d18vdu4p71yql0.cloudfront.net/libraries/arasaac/on top of.png,NARBE Words,#ff5ce1,https://d18vdu4p71yql0.cloudfront.net/libraries/noun-project/Book-thin_864_584233.svg
Prepositions,6,with,with,https://d18vdu4p71yql0.cloudfront.net/libraries/arasaac/with.png,#10b981,,8,https://d18vdu4p71yql0.cloudfront.net/libraries/arasaac/on top of.png,NARBE Words,#ff5ce1,https://d18vdu4p71yql0.cloudfront.net/libraries/noun-project/Book-thin_864_584233.svg
Prepositions,6,without,without,https://d18vdu4p71yql0.cloudfront.net/libraries/arasaac/without.png,#10b981,,9,https://d18vdu4p71yql0.cloudfront.net/libraries/arasaac/on top of.png,NARBE Words,#ff5ce1,https://d18vdu4p71yql0.cloudfront.net/libraries/noun-project/Book-thin_864_584233.svg
Prepositions,6,to,to,https://d18vdu4p71yql0.cloudfront.net/libraries/arasaac/to.png,#10b981,,10,https://d18vdu4p71yql0.cloudfront.net/libraries/arasaac/on top of.png,NARBE Words,#ff5ce1,https://d18vdu4p71yql0.cloudfront.net/libraries/noun-project/Book-thin_864_584233.svg
Prepositions,6,from,from,https://d18vdu4p71yql0.cloudfront.net/libraries/arasaac/from.png,#10b981,,11,https://d18vdu4p71yql0.cloudfront.net/libraries/arasaac/on top of.png,NARBE Words,#ff5ce1,https://d18vdu4p71yql0.cloudfront.net/libraries/noun-project/Book-thin_864_584233.svg
Prepositions,6,for,for,https://d18vdu4p71yql0.cloudfront.net/libraries/arasaac/for.png,#10b981,,12,https://d18vdu4p71yql0.cloudfront.net/libraries/arasaac/on top of.png,NARBE Words,#ff5ce1,https://d18vdu4p71yql0.cloudfront.net/libraries/noun-project/Book-thin_864_584233.svg
Prepositions,6,of,of,https://d18vdu4p71yql0.cloudfront.net/libraries/arasaac/of.png,#10b981,,13,https://d18vdu4p71yql0.cloudfront.net/libraries/arasaac/on top of.png,NARBE Words,#ff5ce1,https://d18vdu4p71yql0.cloudfront.net/libraries/noun-project/Book-thin_864_584233.svg
Prepositions,6,at,at,https://d18vdu4p71yql0.cloudfront.net/libraries/noun-project/At-616f2a2ea6.svg,#10b981,,14,https://d18vdu4p71yql0.cloudfront.net/libraries/arasaac/on top of.png,NARBE Words,#ff5ce1,https://d18vdu4p71yql0.cloudfront.net/libraries/noun-project/Book-thin_864_584233.svg
Prepositions,6,by,by,https://d18vdu4p71yql0.cloudfront.net/libraries/arasaac/by.png,#10b981,,15,https://d18vdu4p71yql0.cloudfront.net/libraries/arasaac/on top of.png,NARBE Words,#ff5ce1,https://d18vdu4p71yql0.cloudfront.net/libraries/noun-project/Book-thin_864_584233.svg
Prepositions,6,around,around,https://d18vdu4p71yql0.cloudfront.net/libraries/arasaac/around.png,#10b981,,16,https://d18vdu4p71yql0.cloudfront.net/libraries/arasaac/on top of.png,NARBE Words,#ff5ce1,https://d18vdu4p71yql0.cloudfront.net/libraries/noun-project/Book-thin_864_584233.svg
Prepositions,6,through,through,https://d18vdu4p71yql0.cloudfront.net/libraries/arasaac/through.png,#10b981,,17,https://d18vdu4p71yql0.cloudfront.net/libraries/arasaac/on top of.png,NARBE Words,#ff5ce1,https://d18vdu4p71yql0.cloudfront.net/libraries/noun-project/Book-thin_864_584233.svg
Prepositions,6,into,into,https://d18vdu4p71yql0.cloudfront.net/libraries/noun-project/insert-into-middle_995_g.svg,#10b981,,18,https://d18vdu4p71yql0.cloudfront.net/libraries/arasaac/on top of.png,NARBE Words,#ff5ce1,https://d18vdu4p71yql0.cloudfront.net/libraries/noun-project/Book-thin_864_584233.svg
Prepositions,6,onto,onto,https://d18vdu4p71yql0.cloudfront.net/libraries/arasaac/to put on cream.png.varianted-skin.png,#10b981,,19,https://d18vdu4p71yql0.cloudfront.net/libraries/arasaac/on top of.png,NARBE Words,#ff5ce1,https://d18vdu4p71yql0.cloudfront.net/libraries/noun-project/Book-thin_864_584233.svg
Prepositions,6,up,up,https://d18vdu4p71yql0.cloudfront.net/libraries/mulberry/up.svg,#10b981,,20,https://d18vdu4p71yql0.cloudfront.net/libraries/arasaac/on top of.png,NARBE Words,#ff5ce1,https://d18vdu4p71yql0.cloudfront.net/libraries/noun-project/Book-thin_864_584233.svg
Prepositions,6,down,down,https://d18vdu4p71yql0.cloudfront.net/libraries/mulberry/down.svg,#10b981,,21,https://d18vdu4p71yql0.cloudfront.net/libraries/arasaac/on top of.png,NARBE Words,#ff5ce1,https://d18vdu4p71yql0.cloudfront.net/libraries/noun-project/Book-thin_864_584233.svg
Prepositions,6,before,before,https://d18vdu4p71yql0.cloudfront.net/libraries/arasaac/before.png,#10b981,,22,https://d18vdu4p71yql0.cloudfront.net/libraries/arasaac/on top of.png,NARBE Words,#ff5ce1,https://d18vdu4p71yql0.cloudfront.net/libraries/noun-project/Book-thin_864_584233.svg
Prepositions,6,after,after,https://d18vdu4p71yql0.cloudfront.net/libraries/arasaac/after.png,#10b981,,23,https://d18vdu4p71yql0.cloudfront.net/libraries/arasaac/on top of.png,NARBE Words,#ff5ce1,https://d18vdu4p71yql0.cloudfront.net/libraries/noun-project/Book-thin_864_584233.svg
Prepositions,6,near,near,https://d18vdu4p71yql0.cloudfront.net/libraries/arasaac/near.png,#10b981,,24,https://d18vdu4p71yql0.cloudfront.net/libraries/arasaac/on top of.png,NARBE Words,#ff5ce1,https://d18vdu4p71yql0.cloudfront.net/libraries/noun-project/Book-thin_864_584233.svg
Prepositions,6,far,far,https://d18vdu4p71yql0.cloudfront.net/libraries/arasaac/far.png,#10b981,,25,https://d18vdu4p71yql0.cloudfront.net/libraries/arasaac/on top of.png,NARBE Words,#ff5ce1,https://d18vdu4p71yql0.cloudfront.net/libraries/noun-project/Book-thin_864_584233.svg
Prepositions,6,inside,inside,https://d18vdu4p71yql0.cloudfront.net/libraries/arasaac/inside.png,#10b981,,26,https://d18vdu4p71yql0.cloudfront.net/libraries/arasaac/on top of.png,NARBE Words,#ff5ce1,https://d18vdu4p71yql0.cloudfront.net/libraries/noun-project/Book-thin_864_584233.svg
Prepositions,6,outside,outside,https://d18vdu4p71yql0.cloudfront.net/libraries/mulberry/outside.svg.varianted-skin.svg,#10b981,,27,https://d18vdu4p71yql0.cloudfront.net/libraries/arasaac/on top of.png,NARBE Words,#ff5ce1,https://d18vdu4p71yql0.cloudfront.net/libraries/noun-project/Book-thin_864_584233.svg
Prepositions,6,about,about,https://d18vdu4p71yql0.cloudfront.net/libraries/noun-project/about_540_492275.svg,#10b981,,28,https://d18vdu4p71yql0.cloudfront.net/libraries/arasaac/on top of.png,NARBE Words,#ff5ce1,https://d18vdu4p71yql0.cloudfront.net/libraries/noun-project/Book-thin_864_584233.svg
Prepositions,6,across,across,https://d18vdu4p71yql0.cloudfront.net/libraries/mulberry/across.svg,#10b981,,29,https://d18vdu4p71yql0.cloudfront.net/libraries/arasaac/on top of.png,NARBE Words,#ff5ce1,https://d18vdu4p71yql0.cloudfront.net/libraries/noun-project/Book-thin_864_584233.svg
Prepositions,6,against,against,https://d18vdu4p71yql0.cloudfront.net/libraries/arasaac/against.png,#10b981,,30,https://d18vdu4p71yql0.cloudfront.net/libraries/arasaac/on top of.png,NARBE Words,#ff5ce1,https://d18vdu4p71yql0.cloudfront.net/libraries/noun-project/Book-thin_864_584233.svg
Prepositions,6,along,along,,#10b981,,31,https://d18vdu4p71yql0.cloudfront.net/libraries/arasaac/on top of.png,NARBE Words,#ff5ce1,https://d18vdu4p71yql0.cloudfront.net/libraries/noun-project/Book-thin_864_584233.svg
Prepositions,6,beyond,beyond,,#10b981,,32,https://d18vdu4p71yql0.cloudfront.net/libraries/arasaac/on top of.png,NARBE Words,#ff5ce1,https://d18vdu4p71yql0.cloudfront.net/libraries/noun-project/Book-thin_864_584233.svg
Prepositions,6,during,during,https://d18vdu4p71yql0.cloudfront.net/libraries/arasaac/during.png,#10b981,,33,https://d18vdu4p71yql0.cloudfront.net/libraries/arasaac/on top of.png,NARBE Words,#ff5ce1,https://d18vdu4p71yql0.cloudfront.net/libraries/noun-project/Book-thin_864_584233.svg
Prepositions,6,toward,toward,https://d18vdu4p71yql0.cloudfront.net/libraries/arasaac/towards.png,#10b981,,34,https://d18vdu4p71yql0.cloudfront.net/libraries/arasaac/on top of.png,NARBE Words,#ff5ce1,https://d18vdu4p71yql0.cloudfront.net/libraries/noun-project/Book-thin_864_584233.svg
Prepositions,6,until,until,https://d18vdu4p71yql0.cloudfront.net/libraries/arasaac/until.png,#10b981,,35,https://d18vdu4p71yql0.cloudfront.net/libraries/arasaac/on top of.png,NARBE Words,#ff5ce1,https://d18vdu4p71yql0.cloudfront.net/libraries/noun-project/Book-thin_864_584233.svg
Prepositions,6,within,within,https://d18vdu4p71yql0.cloudfront.net/libraries/arasaac/inside.png,#10b981,,36,https://d18vdu4p71yql0.cloudfront.net/libraries/arasaac/on top of.png,NARBE Words,#ff5ce1,https://d18vdu4p71yql0.cloudfront.net/libraries/noun-project/Book-thin_864_584233.svg
Prepositions,6,out,out,https://d18vdu4p71yql0.cloudfront.net/libraries/mulberry/out.svg,#10b981,,37,https://d18vdu4p71yql0.cloudfront.net/libraries/arasaac/on top of.png,NARBE Words,#ff5ce1,https://d18vdu4p71yql0.cloudfront.net/libraries/noun-project/Book-thin_864_584233.svg
Prepositions,6,off,off,https://d18vdu4p71yql0.cloudfront.net/libraries/mulberry/off.svg,#10b981,,38,https://d18vdu4p71yql0.cloudfront.net/libraries/arasaac/on top of.png,NARBE Words,#ff5ce1,https://d18vdu4p71yql0.cloudfront.net/libraries/noun-project/Book-thin_864_584233.svg
Prepositions,6,away,away,https://d18vdu4p71yql0.cloudfront.net/libraries/mulberry/away.svg,#10b981,,39,https://d18vdu4p71yql0.cloudfront.net/libraries/arasaac/on top of.png,NARBE Words,#ff5ce1,https://d18vdu4p71yql0.cloudfront.net/libraries/noun-project/Book-thin_864_584233.svg
Prepositions,6,above,above,https://d18vdu4p71yql0.cloudfront.net/libraries/arasaac/above.png,#10b981,,40,https://d18vdu4p71yql0.cloudfront.net/libraries/arasaac/on top of.png,NARBE Words,#ff5ce1,https://d18vdu4p71yql0.cloudfront.net/libraries/noun-project/Book-thin_864_584233.svg
Prepositions,6,below,below,https://d18vdu4p71yql0.cloudfront.net/libraries/arasaac/below.png,#10b981,,41,https://d18vdu4p71yql0.cloudfront.net/libraries/arasaac/on top of.png,NARBE Words,#ff5ce1,https://d18vdu4p71yql0.cloudfront.net/libraries/noun-project/Book-thin_864_584233.svg
Prepositions,6,beneath,beneath,,#10b981,,42,https://d18vdu4p71yql0.cloudfront.net/libraries/arasaac/on top of.png,NARBE Words,#ff5ce1,https://d18vdu4p71yql0.cloudfront.net/libraries/noun-project/Book-thin_864_584233.svg
Prepositions,6,underneath,underneath,,#10b981,,43,https://d18vdu4p71yql0.cloudfront.net/libraries/arasaac/on top of.png,NARBE Words,#ff5ce1,https://d18vdu4p71yql0.cloudfront.net/libraries/noun-project/Book-thin_864_584233.svg
Prepositions,6,among,among,,#10b981,,44,https://d18vdu4p71yql0.cloudfront.net/libraries/arasaac/on top of.png,NARBE Words,#ff5ce1,https://d18vdu4p71yql0.cloudfront.net/libraries/noun-project/Book-thin_864_584233.svg
Prepositions,6,past,past,https://d18vdu4p71yql0.cloudfront.net/libraries/arasaac/past.png,#10b981,,45,https://d18vdu4p71yql0.cloudfront.net/libraries/arasaac/on top of.png,NARBE Words,#ff5ce1,https://d18vdu4p71yql0.cloudfront.net/libraries/noun-project/Book-thin_864_584233.svg
Prepositions,6,except,except,,#10b981,,46,https://d18vdu4p71yql0.cloudfront.net/libraries/arasaac/on top of.png,NARBE Words,#ff5ce1,https://d18vdu4p71yql0.cloudfront.net/libraries/noun-project/Book-thin_864_584233.svg
Prepositions,6,despite,despite,,#10b981,,47,https://d18vdu4p71yql0.cloudfront.net/libraries/arasaac/on top of.png,NARBE Words,#ff5ce1,https://d18vdu4p71yql0.cloudfront.net/libraries/noun-project/Book-thin_864_584233.svg
Prepositions,6,throughout,throughout,,#10b981,,48,https://d18vdu4p71yql0.cloudfront.net/libraries/arasaac/on top of.png,NARBE Words,#ff5ce1,https://d18vdu4p71yql0.cloudfront.net/libraries/noun-project/Book-thin_864_584233.svg
Prepositions,6,towards,towards,https://d18vdu4p71yql0.cloudfront.net/libraries/arasaac/towards.png,#10b981,,49,https://d18vdu4p71yql0.cloudfront.net/libraries/arasaac/on top of.png,NARBE Words,#ff5ce1,https://d18vdu4p71yql0.cloudfront.net/libraries/noun-project/Book-thin_864_584233.svg
Prepositions,6,upon,upon,,#10b981,,50,https://d18vdu4p71yql0.cloudfront.net/libraries/arasaac/on top of.png,NARBE Words,#ff5ce1,https://d18vdu4p71yql0.cloudfront.net/libraries/noun-project/Book-thin_864_584233.svg
Prepositions,6,aboard,aboard,,#10b981,,51,https://d18vdu4p71yql0.cloudfront.net/libraries/arasaac/on top of.png,NARBE Words,#ff5ce1,https://d18vdu4p71yql0.cloudfront.net/libraries/noun-project/Book-thin_864_584233.svg
Prepositions,6,instead of,instead of,,#10b981,,52,https://d18vdu4p71yql0.cloudfront.net/libraries/arasaac/on top of.png,NARBE Words,#ff5ce1,https://d18vdu4p71yql0.cloudfront.net/libraries/noun-project/Book-thin_864_584233.svg
Prepositions,6,next to,next to,https://d18vdu4p71yql0.cloudfront.net/libraries/arasaac/next to.png,#10b981,,53,https://d18vdu4p71yql0.cloudfront.net/libraries/arasaac/on top of.png,NARBE Words,#ff5ce1,https://d18vdu4p71yql0.cloudfront.net/libraries/noun-project/Book-thin_864_584233.svg
Prepositions,6,in front of,in front of,https://d18vdu4p71yql0.cloudfront.net/libraries/arasaac/in front of.png,#10b981,,54,https://d18vdu4p71yql0.cloudfront.net/libraries/arasaac/on top of.png,NARBE Words,#ff5ce1,https://d18vdu4p71yql0.cloudfront.net/libraries/noun-project/Book-thin_864_584233.svg
Prepositions,6,on top of,on top of,https://d18vdu4p71yql0.cloudfront.net/libraries/arasaac/on top of.png,#10b981,,55,https://d18vdu4p71yql0.cloudfront.net/libraries/arasaac/on top of.png,NARBE Words,#ff5ce1,https://d18vdu4p71yql0.cloudfront.net/libraries/noun-project/Book-thin_864_584233.svg
Prepositions,6,out of,out of,,#10b981,,56,https://d18vdu4p71yql0.cloudfront.net/libraries/arasaac/on top of.png,NARBE Words,#ff5ce1,https://d18vdu4p71yql0.cloudfront.net/libraries/noun-project/Book-thin_864_584233.svg
Prepositions,6,according to,according to,https://d18vdu4p71yql0.cloudfront.net/libraries/arasaac/according to.png,#10b981,,57,https://d18vdu4p71yql0.cloudfront.net/libraries/arasaac/on top of.png,NARBE Words,#ff5ce1,https://d18vdu4p71yql0.cloudfront.net/libraries/noun-project/Book-thin_864_584233.svg
Conjunctions,7,and,and,https://d18vdu4p71yql0.cloudfront.net/libraries/arasaac/and.png,#ef4444,,1,https://d18vdu4p71yql0.cloudfront.net/libraries/icomoon/link2.svg,NARBE Words,#ff5ce1,https://d18vdu4p71yql0.cloudfront.net/libraries/noun-project/Book-thin_864_584233.svg
Conjunctions,7,or,or,https://d18vdu4p71yql0.cloudfront.net/libraries/arasaac/or.png,#ef4444,,2,https://d18vdu4p71yql0.cloudfront.net/libraries/icomoon/link2.svg,NARBE Words,#ff5ce1,https://d18vdu4p71yql0.cloudfront.net/libraries/noun-project/Book-thin_864_584233.svg
Conjunctions,7,but,but,https://d18vdu4p71yql0.cloudfront.net/libraries/arasaac/but.png,#ef4444,,3,https://d18vdu4p71yql0.cloudfront.net/libraries/icomoon/link2.svg,NARBE Words,#ff5ce1,https://d18vdu4p71yql0.cloudfront.net/libraries/noun-project/Book-thin_864_584233.svg
Conjunctions,7,because,because,https://d18vdu4p71yql0.cloudfront.net/libraries/arasaac/because.png,#ef4444,,4,https://d18vdu4p71yql0.cloudfront.net/libraries/icomoon/link2.svg,NARBE Words,#ff5ce1,https://d18vdu4p71yql0.cloudfront.net/libraries/noun-project/Book-thin_864_584233.svg
Conjunctions,7,if,if,https://d18vdu4p71yql0.cloudfront.net/libraries/arasaac/only if.png,#ef4444,,5,https://d18vdu4p71yql0.cloudfront.net/libraries/icomoon/link2.svg,NARBE Words,#ff5ce1,https://d18vdu4p71yql0.cloudfront.net/libraries/noun-project/Book-thin_864_584233.svg
Conjunctions,7,when,when,https://d18vdu4p71yql0.cloudfront.net/libraries/arasaac/when.png,#ef4444,,6,https://d18vdu4p71yql0.cloudfront.net/libraries/icomoon/link2.svg,NARBE Words,#ff5ce1,https://d18vdu4p71yql0.cloudfront.net/libraries/noun-project/Book-thin_864_584233.svg
Conjunctions,7,while,while,https://d18vdu4p71yql0.cloudfront.net/libraries/arasaac/while.png,#ef4444,,7,https://d18vdu4p71yql0.cloudfront.net/libraries/icomoon/link2.svg,NARBE Words,#ff5ce1,https://d18vdu4p71yql0.cloudfront.net/libraries/noun-project/Book-thin_864_584233.svg
Conjunctions,7,so,so,https://d18vdu4p71yql0.cloudfront.net/libraries/arasaac/so do i.png,#ef4444,,8,https://d18vdu4p71yql0.cloudfront.net/libraries/icomoon/link2.svg,NARBE Words,#ff5ce1,https://d18vdu4p71yql0.cloudfront.net/libraries/noun-project/Book-thin_864_584233.svg
Conjunctions,7,then,then,https://d18vdu4p71yql0.cloudfront.net/libraries/arasaac/then.png,#ef4444,,9,https://d18vdu4p71yql0.cloudfront.net/libraries/icomoon/link2.svg,NARBE Words,#ff5ce1,https://d18vdu4p71yql0.cloudfront.net/libraries/noun-project/Book-thin_864_584233.svg
Conjunctions,7,than,than,https://d18vdu4p71yql0.cloudfront.net/libraries/arasaac/greater (than)_1.png,#ef4444,,10,https://d18vdu4p71yql0.cloudfront.net/libraries/icomoon/link2.svg,NARBE Words,#ff5ce1,https://d18vdu4p71yql0.cloudfront.net/libraries/noun-project/Book-thin_864_584233.svg
Conjunctions,7,though,though,https://d18vdu4p71yql0.cloudfront.net/libraries/arasaac/euros_5.png,#ef4444,,11,https://d18vdu4p71yql0.cloudfront.net/libraries/icomoon/link2.svg,NARBE Words,#ff5ce1,https://d18vdu4p71yql0.cloudfront.net/libraries/noun-project/Book-thin_864_584233.svg
Conjunctions,7,although,although,https://d18vdu4p71yql0.cloudfront.net/libraries/arasaac/although.png,#ef4444,,12,https://d18vdu4p71yql0.cloudfront.net/libraries/icomoon/link2.svg,NARBE Words,#ff5ce1,https://d18vdu4p71yql0.cloudfront.net/libraries/noun-project/Book-thin_864_584233.svg
Conjunctions,7,unless,unless,,#ef4444,,13,https://d18vdu4p71yql0.cloudfront.net/libraries/icomoon/link2.svg,NARBE Words,#ff5ce1,https://d18vdu4p71yql0.cloudfront.net/libraries/noun-project/Book-thin_864_584233.svg
Conjunctions,7,whether,whether,,#ef4444,,14,https://d18vdu4p71yql0.cloudfront.net/libraries/icomoon/link2.svg,NARBE Words,#ff5ce1,https://d18vdu4p71yql0.cloudfront.net/libraries/noun-project/Book-thin_864_584233.svg
Conjunctions,7,either,either,https://d18vdu4p71yql0.cloudfront.net/libraries/mulberry/either.svg,#ef4444,,15,https://d18vdu4p71yql0.cloudfront.net/libraries/icomoon/link2.svg,NARBE Words,#ff5ce1,https://d18vdu4p71yql0.cloudfront.net/libraries/noun-project/Book-thin_864_584233.svg
Conjunctions,7,neither,neither,https://d18vdu4p71yql0.cloudfront.net/libraries/arasaac/neither.png,#ef4444,,16,https://d18vdu4p71yql0.cloudfront.net/libraries/icomoon/link2.svg,NARBE Words,#ff5ce1,https://d18vdu4p71yql0.cloudfront.net/libraries/noun-project/Book-thin_864_584233.svg
Conjunctions,7,since,since,,#ef4444,,17,https://d18vdu4p71yql0.cloudfront.net/libraries/icomoon/link2.svg,NARBE Words,#ff5ce1,https://d18vdu4p71yql0.cloudfront.net/libraries/noun-project/Book-thin_864_584233.svg
Conjunctions,7,once,once,https://d18vdu4p71yql0.cloudfront.net/libraries/arasaac/eleven.png,#ef4444,,18,https://d18vdu4p71yql0.cloudfront.net/libraries/icomoon/link2.svg,NARBE Words,#ff5ce1,https://d18vdu4p71yql0.cloudfront.net/libraries/noun-project/Book-thin_864_584233.svg
Conjunctions,7,as,as,https://d18vdu4p71yql0.cloudfront.net/libraries/arasaac/as.png,#ef4444,,19,https://d18vdu4p71yql0.cloudfront.net/libraries/icomoon/link2.svg,NARBE Words,#ff5ce1,https://d18vdu4p71yql0.cloudfront.net/libraries/noun-project/Book-thin_864_584233.svg
Conjunctions,7,even though,even though,https://d18vdu4p71yql0.cloudfront.net/libraries/arasaac/even though.png,#ef4444,,20,https://d18vdu4p71yql0.cloudfront.net/libraries/icomoon/link2.svg,NARBE Words,#ff5ce1,https://d18vdu4p71yql0.cloudfront.net/libraries/noun-project/Book-thin_864_584233.svg
Conjunctions,7,as soon as,as soon as,,#ef4444,,21,https://d18vdu4p71yql0.cloudfront.net/libraries/icomoon/link2.svg,NARBE Words,#ff5ce1,https://d18vdu4p71yql0.cloudfront.net/libraries/noun-project/Book-thin_864_584233.svg
Conjunctions,7,as long as,as long as,,#ef4444,,22,https://d18vdu4p71yql0.cloudfront.net/libraries/icomoon/link2.svg,NARBE Words,#ff5ce1,https://d18vdu4p71yql0.cloudfront.net/libraries/noun-project/Book-thin_864_584233.svg
Conjunctions,7,in case,in case,,#ef4444,,23,https://d18vdu4p71yql0.cloudfront.net/libraries/icomoon/link2.svg,NARBE Words,#ff5ce1,https://d18vdu4p71yql0.cloudfront.net/libraries/noun-project/Book-thin_864_584233.svg
Conjunctions,7,even if,even if,,#ef4444,,24,https://d18vdu4p71yql0.cloudfront.net/libraries/icomoon/link2.svg,NARBE Words,#ff5ce1,https://d18vdu4p71yql0.cloudfront.net/libraries/noun-project/Book-thin_864_584233.svg
Conjunctions,7,rather than,rather than,,#ef4444,,25,https://d18vdu4p71yql0.cloudfront.net/libraries/icomoon/link2.svg,NARBE Words,#ff5ce1,https://d18vdu4p71yql0.cloudfront.net/libraries/noun-project/Book-thin_864_584233.svg
Conjunctions,7,instead,instead,,#ef4444,,26,https://d18vdu4p71yql0.cloudfront.net/libraries/icomoon/link2.svg,NARBE Words,#ff5ce1,https://d18vdu4p71yql0.cloudfront.net/libraries/noun-project/Book-thin_864_584233.svg
Conjunctions,7,otherwise,otherwise,,#ef4444,,27,https://d18vdu4p71yql0.cloudfront.net/libraries/icomoon/link2.svg,NARBE Words,#ff5ce1,https://d18vdu4p71yql0.cloudfront.net/libraries/noun-project/Book-thin_864_584233.svg
Conjunctions,7,however,however,,#ef4444,,28,https://d18vdu4p71yql0.cloudfront.net/libraries/icomoon/link2.svg,NARBE Words,#ff5ce1,https://d18vdu4p71yql0.cloudfront.net/libraries/noun-project/Book-thin_864_584233.svg
Conjunctions,7,therefore,therefore,,#ef4444,,29,https://d18vdu4p71yql0.cloudfront.net/libraries/icomoon/link2.svg,NARBE Words,#ff5ce1,https://d18vdu4p71yql0.cloudfront.net/libraries/noun-project/Book-thin_864_584233.svg
Questions,8,who,who,https://d18vdu4p71yql0.cloudfront.net/libraries/arasaac/who.png,#3b82f6,,1,https://d18vdu4p71yql0.cloudfront.net/libraries/icomoon/question2.svg,NARBE Words,#ff5ce1,https://d18vdu4p71yql0.cloudfront.net/libraries/noun-project/Book-thin_864_584233.svg
Questions,8,what,what,https://d18vdu4p71yql0.cloudfront.net/libraries/arasaac/what.png,#3b82f6,,2,https://d18vdu4p71yql0.cloudfront.net/libraries/icomoon/question2.svg,NARBE Words,#ff5ce1,https://d18vdu4p71yql0.cloudfront.net/libraries/noun-project/Book-thin_864_584233.svg
Questions,8,where,where,https://d18vdu4p71yql0.cloudfront.net/libraries/arasaac/where.png,#3b82f6,,3,https://d18vdu4p71yql0.cloudfront.net/libraries/icomoon/question2.svg,NARBE Words,#ff5ce1,https://d18vdu4p71yql0.cloudfront.net/libraries/noun-project/Book-thin_864_584233.svg
Questions,8,why,why,https://d18vdu4p71yql0.cloudfront.net/libraries/arasaac/why.png,#3b82f6,,4,https://d18vdu4p71yql0.cloudfront.net/libraries/icomoon/question2.svg,NARBE Words,#ff5ce1,https://d18vdu4p71yql0.cloudfront.net/libraries/noun-project/Book-thin_864_584233.svg
Questions,8,how,how,https://d18vdu4p71yql0.cloudfront.net/libraries/arasaac/how.png,#3b82f6,,5,https://d18vdu4p71yql0.cloudfront.net/libraries/icomoon/question2.svg,NARBE Words,#ff5ce1,https://d18vdu4p71yql0.cloudfront.net/libraries/noun-project/Book-thin_864_584233.svg
Questions,8,which,which,https://d18vdu4p71yql0.cloudfront.net/libraries/arasaac/which.png,#3b82f6,,6,https://d18vdu4p71yql0.cloudfront.net/libraries/icomoon/question2.svg,NARBE Words,#ff5ce1,https://d18vdu4p71yql0.cloudfront.net/libraries/noun-project/Book-thin_864_584233.svg
Questions,8,whose,whose,https://d18vdu4p71yql0.cloudfront.net/libraries/arasaac/who_5.png,#3b82f6,,7,https://d18vdu4p71yql0.cloudfront.net/libraries/icomoon/question2.svg,NARBE Words,#ff5ce1,https://d18vdu4p71yql0.cloudfront.net/libraries/noun-project/Book-thin_864_584233.svg
Questions,8,how much,how much,https://d18vdu4p71yql0.cloudfront.net/libraries/arasaac/how much.png,#3b82f6,,8,https://d18vdu4p71yql0.cloudfront.net/libraries/icomoon/question2.svg,NARBE Words,#ff5ce1,https://d18vdu4p71yql0.cloudfront.net/libraries/noun-project/Book-thin_864_584233.svg
Questions,8,how many,how many,https://d18vdu4p71yql0.cloudfront.net/libraries/arasaac/how many.png,#3b82f6,,9,https://d18vdu4p71yql0.cloudfront.net/libraries/icomoon/question2.svg,NARBE Words,#ff5ce1,https://d18vdu4p71yql0.cloudfront.net/libraries/noun-project/Book-thin_864_584233.svg
Questions,8,how long,how long,https://d18vdu4p71yql0.cloudfront.net/libraries/sclera/how long.png,#3b82f6,,10,https://d18vdu4p71yql0.cloudfront.net/libraries/icomoon/question2.svg,NARBE Words,#ff5ce1,https://d18vdu4p71yql0.cloudfront.net/libraries/noun-project/Book-thin_864_584233.svg
Questions,8,how often,how often,,#3b82f6,,11,https://d18vdu4p71yql0.cloudfront.net/libraries/icomoon/question2.svg,NARBE Words,#ff5ce1,https://d18vdu4p71yql0.cloudfront.net/libraries/noun-project/Book-thin_864_584233.svg
Questions,8,what time,what time,,#3b82f6,,12,https://d18vdu4p71yql0.cloudfront.net/libraries/icomoon/question2.svg,NARBE Words,#ff5ce1,https://d18vdu4p71yql0.cloudfront.net/libraries/noun-project/Book-thin_864_584233.svg
Questions,8,what happened,what happened,,#3b82f6,,13,https://d18vdu4p71yql0.cloudfront.net/libraries/icomoon/question2.svg,NARBE Words,#ff5ce1,https://d18vdu4p71yql0.cloudfront.net/libraries/noun-project/Book-thin_864_584233.svg
Questions,8,what else,what else,,#3b82f6,,14,https://d18vdu4p71yql0.cloudfront.net/libraries/icomoon/question2.svg,NARBE Words,#ff5ce1,https://d18vdu4p71yql0.cloudfront.net/libraries/noun-project/Book-thin_864_584233.svg
Questions,8,why not,why not,,#3b82f6,,15,https://d18vdu4p71yql0.cloudfront.net/libraries/icomoon/question2.svg,NARBE Words,#ff5ce1,https://d18vdu4p71yql0.cloudfront.net/libraries/noun-project/Book-thin_864_584233.svg
Questions,8,whom,whom,,#3b82f6,,16,https://d18vdu4p71yql0.cloudfront.net/libraries/icomoon/question2.svg,NARBE Words,#ff5ce1,https://d18vdu4p71yql0.cloudfront.net/libraries/noun-project/Book-thin_864_584233.svg
Time,9,today,today,https://d18vdu4p71yql0.cloudfront.net/libraries/mulberry/today.svg,#0ea5e9,,1,https://d18vdu4p71yql0.cloudfront.net/libraries/noun-project/Time-880d4b0e2b.svg,NARBE Words,#ff5ce1,https://d18vdu4p71yql0.cloudfront.net/libraries/noun-project/Book-thin_864_584233.svg
Time,9,tomorrow,tomorrow,https://d18vdu4p71yql0.cloudfront.net/libraries/mulberry/tomorrow.svg,#0ea5e9,,2,https://d18vdu4p71yql0.cloudfront.net/libraries/noun-project/Time-880d4b0e2b.svg,NARBE Words,#ff5ce1,https://d18vdu4p71yql0.cloudfront.net/libraries/noun-project/Book-thin_864_584233.svg
Time,9,yesterday,yesterday,https://d18vdu4p71yql0.cloudfront.net/libraries/mulberry/yesterday.svg,#0ea5e9,,3,https://d18vdu4p71yql0.cloudfront.net/libraries/noun-project/Time-880d4b0e2b.svg,NARBE Words,#ff5ce1,https://d18vdu4p71yql0.cloudfront.net/libraries/noun-project/Book-thin_864_584233.svg
Time,9,morning,morning,https://d18vdu4p71yql0.cloudfront.net/libraries/mulberry/morning.svg,#0ea5e9,,4,https://d18vdu4p71yql0.cloudfront.net/libraries/noun-project/Time-880d4b0e2b.svg,NARBE Words,#ff5ce1,https://d18vdu4p71yql0.cloudfront.net/libraries/noun-project/Book-thin_864_584233.svg
Time,9,afternoon,afternoon,https://d18vdu4p71yql0.cloudfront.net/libraries/mulberry/afternoon.svg,#0ea5e9,,5,https://d18vdu4p71yql0.cloudfront.net/libraries/noun-project/Time-880d4b0e2b.svg,NARBE Words,#ff5ce1,https://d18vdu4p71yql0.cloudfront.net/libraries/noun-project/Book-thin_864_584233.svg
Time,9,evening,evening,https://d18vdu4p71yql0.cloudfront.net/libraries/sclera/evening.png,#0ea5e9,,6,https://d18vdu4p71yql0.cloudfront.net/libraries/noun-project/Time-880d4b0e2b.svg,NARBE Words,#ff5ce1,https://d18vdu4p71yql0.cloudfront.net/libraries/noun-project/Book-thin_864_584233.svg
Time,9,night,night,https://d18vdu4p71yql0.cloudfront.net/libraries/arasaac/night.png,#0ea5e9,,7,https://d18vdu4p71yql0.cloudfront.net/libraries/noun-project/Time-880d4b0e2b.svg,NARBE Words,#ff5ce1,https://d18vdu4p71yql0.cloudfront.net/libraries/noun-project/Book-thin_864_584233.svg
Time,9,soon,soon,https://d18vdu4p71yql0.cloudfront.net/libraries/arasaac/hour.png,#0ea5e9,,8,https://d18vdu4p71yql0.cloudfront.net/libraries/noun-project/Time-880d4b0e2b.svg,NARBE Words,#ff5ce1,https://d18vdu4p71yql0.cloudfront.net/libraries/noun-project/Book-thin_864_584233.svg
Time,9,minute,minute,https://d18vdu4p71yql0.cloudfront.net/libraries/mulberry/minute.svg,#0ea5e9,,9,https://d18vdu4p71yql0.cloudfront.net/libraries/noun-project/Time-880d4b0e2b.svg,NARBE Words,#ff5ce1,https://d18vdu4p71yql0.cloudfront.net/libraries/noun-project/Book-thin_864_584233.svg
Time,9,hour,hour,https://d18vdu4p71yql0.cloudfront.net/libraries/arasaac/hour.png,#0ea5e9,,10,https://d18vdu4p71yql0.cloudfront.net/libraries/noun-project/Time-880d4b0e2b.svg,NARBE Words,#ff5ce1,https://d18vdu4p71yql0.cloudfront.net/libraries/noun-project/Book-thin_864_584233.svg
Time,9,day,day,https://d18vdu4p71yql0.cloudfront.net/libraries/mulberry/day.svg,#0ea5e9,,11,https://d18vdu4p71yql0.cloudfront.net/libraries/noun-project/Time-880d4b0e2b.svg,NARBE Words,#ff5ce1,https://d18vdu4p71yql0.cloudfront.net/libraries/noun-project/Book-thin_864_584233.svg
Time,9,week,week,https://d18vdu4p71yql0.cloudfront.net/libraries/arasaac/week.png,#0ea5e9,,12,https://d18vdu4p71yql0.cloudfront.net/libraries/noun-project/Time-880d4b0e2b.svg,NARBE Words,#ff5ce1,https://d18vdu4p71yql0.cloudfront.net/libraries/noun-project/Book-thin_864_584233.svg
Time,9,month,month,https://d18vdu4p71yql0.cloudfront.net/libraries/arasaac/month.png,#0ea5e9,,13,https://d18vdu4p71yql0.cloudfront.net/libraries/noun-project/Time-880d4b0e2b.svg,NARBE Words,#ff5ce1,https://d18vdu4p71yql0.cloudfront.net/libraries/noun-project/Book-thin_864_584233.svg
Time,9,year,year,https://d18vdu4p71yql0.cloudfront.net/libraries/arasaac/year.png,#0ea5e9,,14,https://d18vdu4p71yql0.cloudfront.net/libraries/noun-project/Time-880d4b0e2b.svg,NARBE Words,#ff5ce1,https://d18vdu4p71yql0.cloudfront.net/libraries/noun-project/Book-thin_864_584233.svg
Time,9,tonight,tonight,https://d18vdu4p71yql0.cloudfront.net/libraries/arasaac/night.png,#0ea5e9,,15,https://d18vdu4p71yql0.cloudfront.net/libraries/noun-project/Time-880d4b0e2b.svg,NARBE Words,#ff5ce1,https://d18vdu4p71yql0.cloudfront.net/libraries/noun-project/Book-thin_864_584233.svg
Time,9,weekend,weekend,https://d18vdu4p71yql0.cloudfront.net/libraries/arasaac/weekend.png,#0ea5e9,,16,https://d18vdu4p71yql0.cloudfront.net/libraries/noun-project/Time-880d4b0e2b.svg,NARBE Words,#ff5ce1,https://d18vdu4p71yql0.cloudfront.net/libraries/noun-project/Book-thin_864_584233.svg
Time,9,second,second,https://d18vdu4p71yql0.cloudfront.net/libraries/arasaac/second.png.varianted-skin.png,#0ea5e9,,17,https://d18vdu4p71yql0.cloudfront.net/libraries/noun-project/Time-880d4b0e2b.svg,NARBE Words,#ff5ce1,https://d18vdu4p71yql0.cloudfront.net/libraries/noun-project/Book-thin_864_584233.svg
Time,9,moment,moment,https://d18vdu4p71yql0.cloudfront.net/libraries/arasaac/moment.png,#0ea5e9,,18,https://d18vdu4p71yql0.cloudfront.net/libraries/noun-project/Time-880d4b0e2b.svg,NARBE Words,#ff5ce1,https://d18vdu4p71yql0.cloudfront.net/libraries/noun-project/Book-thin_864_584233.svg
Time,9,date,date,https://d18vdu4p71yql0.cloudfront.net/libraries/arasaac/date.png.varianted-skin.png,#0ea5e9,,19,https://d18vdu4p71yql0.cloudfront.net/libraries/noun-project/Time-880d4b0e2b.svg,NARBE Words,#ff5ce1,https://d18vdu4p71yql0.cloudfront.net/libraries/noun-project/Book-thin_864_584233.svg
Time,9,birthday,birthday,https://d18vdu4p71yql0.cloudfront.net/libraries/sclera/birthday.png,#0ea5e9,,20,https://d18vdu4p71yql0.cloudfront.net/libraries/noun-project/Time-880d4b0e2b.svg,NARBE Words,#ff5ce1,https://d18vdu4p71yql0.cloudfront.net/libraries/noun-project/Book-thin_864_584233.svg
Time,9,appointment,appointment,https://d18vdu4p71yql0.cloudfront.net/libraries/arasaac/appointment.png.varianted-skin.png,#0ea5e9,,21,https://d18vdu4p71yql0.cloudfront.net/libraries/noun-project/Time-880d4b0e2b.svg,NARBE Words,#ff5ce1,https://d18vdu4p71yql0.cloudfront.net/libraries/noun-project/Book-thin_864_584233.svg
Time,9,schedule,schedule,https://d18vdu4p71yql0.cloudfront.net/libraries/noun-project/schedule_402_g.svg,#0ea5e9,,22,https://d18vdu4p71yql0.cloudfront.net/libraries/noun-project/Time-880d4b0e2b.svg,NARBE Words,#ff5ce1,https://d18vdu4p71yql0.cloudfront.net/libraries/noun-project/Book-thin_864_584233.svg
Time,9,Monday,Monday,https://d18vdu4p71yql0.cloudfront.net/libraries/arasaac/Monday.png,#0ea5e9,,23,https://d18vdu4p71yql0.cloudfront.net/libraries/noun-project/Time-880d4b0e2b.svg,NARBE Words,#ff5ce1,https://d18vdu4p71yql0.cloudfront.net/libraries/noun-project/Book-thin_864_584233.svg
Time,9,Tuesday,Tuesday,https://d18vdu4p71yql0.cloudfront.net/libraries/arasaac/Tuesday.png,#0ea5e9,,24,https://d18vdu4p71yql0.cloudfront.net/libraries/noun-project/Time-880d4b0e2b.svg,NARBE Words,#ff5ce1,https://d18vdu4p71yql0.cloudfront.net/libraries/noun-project/Book-thin_864_584233.svg
Time,9,Wednesday,Wednesday,https://d18vdu4p71yql0.cloudfront.net/libraries/arasaac/Wednesday.png,#0ea5e9,,25,https://d18vdu4p71yql0.cloudfront.net/libraries/noun-project/Time-880d4b0e2b.svg,NARBE Words,#ff5ce1,https://d18vdu4p71yql0.cloudfront.net/libraries/noun-project/Book-thin_864_584233.svg
Time,9,Thursday,Thursday,https://d18vdu4p71yql0.cloudfront.net/libraries/arasaac/Thursday.png,#0ea5e9,,26,https://d18vdu4p71yql0.cloudfront.net/libraries/noun-project/Time-880d4b0e2b.svg,NARBE Words,#ff5ce1,https://d18vdu4p71yql0.cloudfront.net/libraries/noun-project/Book-thin_864_584233.svg
Time,9,Friday,Friday,https://d18vdu4p71yql0.cloudfront.net/libraries/arasaac/Friday.png,#0ea5e9,,27,https://d18vdu4p71yql0.cloudfront.net/libraries/noun-project/Time-880d4b0e2b.svg,NARBE Words,#ff5ce1,https://d18vdu4p71yql0.cloudfront.net/libraries/noun-project/Book-thin_864_584233.svg
Time,9,Saturday,Saturday,https://d18vdu4p71yql0.cloudfront.net/libraries/arasaac/Saturday.png,#0ea5e9,,28,https://d18vdu4p71yql0.cloudfront.net/libraries/noun-project/Time-880d4b0e2b.svg,NARBE Words,#ff5ce1,https://d18vdu4p71yql0.cloudfront.net/libraries/noun-project/Book-thin_864_584233.svg
Time,9,Sunday,Sunday,https://d18vdu4p71yql0.cloudfront.net/libraries/arasaac/Sunday.png,#0ea5e9,,29,https://d18vdu4p71yql0.cloudfront.net/libraries/noun-project/Time-880d4b0e2b.svg,NARBE Words,#ff5ce1,https://d18vdu4p71yql0.cloudfront.net/libraries/noun-project/Book-thin_864_584233.svg
Time,9,January,January,https://d18vdu4p71yql0.cloudfront.net/libraries/arasaac/January.png.varianted-skin.png,#0ea5e9,,30,https://d18vdu4p71yql0.cloudfront.net/libraries/noun-project/Time-880d4b0e2b.svg,NARBE Words,#ff5ce1,https://d18vdu4p71yql0.cloudfront.net/libraries/noun-project/Book-thin_864_584233.svg
Time,9,February,February,https://d18vdu4p71yql0.cloudfront.net/libraries/arasaac/February.png,#0ea5e9,,31,https://d18vdu4p71yql0.cloudfront.net/libraries/noun-project/Time-880d4b0e2b.svg,NARBE Words,#ff5ce1,https://d18vdu4p71yql0.cloudfront.net/libraries/noun-project/Book-thin_864_584233.svg
Time,9,March,March,https://d18vdu4p71yql0.cloudfront.net/libraries/arasaac/March.png,#0ea5e9,,32,https://d18vdu4p71yql0.cloudfront.net/libraries/noun-project/Time-880d4b0e2b.svg,NARBE Words,#ff5ce1,https://d18vdu4p71yql0.cloudfront.net/libraries/noun-project/Book-thin_864_584233.svg
Time,9,April,April,https://d18vdu4p71yql0.cloudfront.net/libraries/arasaac/April.png,#0ea5e9,,33,https://d18vdu4p71yql0.cloudfront.net/libraries/noun-project/Time-880d4b0e2b.svg,NARBE Words,#ff5ce1,https://d18vdu4p71yql0.cloudfront.net/libraries/noun-project/Book-thin_864_584233.svg
Time,9,June,June,https://d18vdu4p71yql0.cloudfront.net/libraries/arasaac/June.png.varianted-skin.png,#0ea5e9,,34,https://d18vdu4p71yql0.cloudfront.net/libraries/noun-project/Time-880d4b0e2b.svg,NARBE Words,#ff5ce1,https://d18vdu4p71yql0.cloudfront.net/libraries/noun-project/Book-thin_864_584233.svg
Time,9,July,July,https://d18vdu4p71yql0.cloudfront.net/libraries/arasaac/July.png,#0ea5e9,,35,https://d18vdu4p71yql0.cloudfront.net/libraries/noun-project/Time-880d4b0e2b.svg,NARBE Words,#ff5ce1,https://d18vdu4p71yql0.cloudfront.net/libraries/noun-project/Book-thin_864_584233.svg
Time,9,August,August,https://d18vdu4p71yql0.cloudfront.net/libraries/arasaac/August.png,#0ea5e9,,36,https://d18vdu4p71yql0.cloudfront.net/libraries/noun-project/Time-880d4b0e2b.svg,NARBE Words,#ff5ce1,https://d18vdu4p71yql0.cloudfront.net/libraries/noun-project/Book-thin_864_584233.svg
Time,9,September,September,https://d18vdu4p71yql0.cloudfront.net/libraries/arasaac/September.png.varianted-skin.png,#0ea5e9,,37,https://d18vdu4p71yql0.cloudfront.net/libraries/noun-project/Time-880d4b0e2b.svg,NARBE Words,#ff5ce1,https://d18vdu4p71yql0.cloudfront.net/libraries/noun-project/Book-thin_864_584233.svg
Time,9,October,October,https://d18vdu4p71yql0.cloudfront.net/libraries/arasaac/October.png,#0ea5e9,,38,https://d18vdu4p71yql0.cloudfront.net/libraries/noun-project/Time-880d4b0e2b.svg,NARBE Words,#ff5ce1,https://d18vdu4p71yql0.cloudfront.net/libraries/noun-project/Book-thin_864_584233.svg
Time,9,November,November,https://d18vdu4p71yql0.cloudfront.net/libraries/arasaac/November.png,#0ea5e9,,39,https://d18vdu4p71yql0.cloudfront.net/libraries/noun-project/Time-880d4b0e2b.svg,NARBE Words,#ff5ce1,https://d18vdu4p71yql0.cloudfront.net/libraries/noun-project/Book-thin_864_584233.svg
Time,9,December,December,https://d18vdu4p71yql0.cloudfront.net/libraries/arasaac/December.png,#0ea5e9,,40,https://d18vdu4p71yql0.cloudfront.net/libraries/noun-project/Time-880d4b0e2b.svg,NARBE Words,#ff5ce1,https://d18vdu4p71yql0.cloudfront.net/libraries/noun-project/Book-thin_864_584233.svg
Time,9,midnight,midnight,,#0ea5e9,,41,https://d18vdu4p71yql0.cloudfront.net/libraries/noun-project/Time-880d4b0e2b.svg,NARBE Words,#ff5ce1,https://d18vdu4p71yql0.cloudfront.net/libraries/noun-project/Book-thin_864_584233.svg
Time,9,noon,noon,https://d18vdu4p71yql0.cloudfront.net/libraries/tawasol/Noon.png,#0ea5e9,,42,https://d18vdu4p71yql0.cloudfront.net/libraries/noun-project/Time-880d4b0e2b.svg,NARBE Words,#ff5ce1,https://d18vdu4p71yql0.cloudfront.net/libraries/noun-project/Book-thin_864_584233.svg
Time,9,sunrise,sunrise,https://d18vdu4p71yql0.cloudfront.net/libraries/noun-project/Sunrise-7daba45115.svg,#0ea5e9,,43,https://d18vdu4p71yql0.cloudfront.net/libraries/noun-project/Time-880d4b0e2b.svg,NARBE Words,#ff5ce1,https://d18vdu4p71yql0.cloudfront.net/libraries/noun-project/Book-thin_864_584233.svg
Time,9,sunset,sunset,https://d18vdu4p71yql0.cloudfront.net/libraries/noun-project/Sunset-f9666ae3b6.svg,#0ea5e9,,44,https://d18vdu4p71yql0.cloudfront.net/libraries/noun-project/Time-880d4b0e2b.svg,NARBE Words,#ff5ce1,https://d18vdu4p71yql0.cloudfront.net/libraries/noun-project/Book-thin_864_584233.svg
Time,9,daytime,daytime,https://d18vdu4p71yql0.cloudfront.net/libraries/arasaac/daytime.png,#0ea5e9,,45,https://d18vdu4p71yql0.cloudfront.net/libraries/noun-project/Time-880d4b0e2b.svg,NARBE Words,#ff5ce1,https://d18vdu4p71yql0.cloudfront.net/libraries/noun-project/Book-thin_864_584233.svg
Time,9,bedtime,bedtime,,#0ea5e9,,46,https://d18vdu4p71yql0.cloudfront.net/libraries/noun-project/Time-880d4b0e2b.svg,NARBE Words,#ff5ce1,https://d18vdu4p71yql0.cloudfront.net/libraries/noun-project/Book-thin_864_584233.svg
Time,9,lunchtime,lunchtime,,#0ea5e9,,47,https://d18vdu4p71yql0.cloudfront.net/libraries/noun-project/Time-880d4b0e2b.svg,NARBE Words,#ff5ce1,https://d18vdu4p71yql0.cloudfront.net/libraries/noun-project/Book-thin_864_584233.svg
Time,9,dinnertime,dinnertime,,#0ea5e9,,48,https://d18vdu4p71yql0.cloudfront.net/libraries/noun-project/Time-880d4b0e2b.svg,NARBE Words,#ff5ce1,https://d18vdu4p71yql0.cloudfront.net/libraries/noun-project/Book-thin_864_584233.svg
Time,9,breakfast time,breakfast time,https://d18vdu4p71yql0.cloudfront.net/libraries/mulberry/breakfast time.svg,#0ea5e9,,49,https://d18vdu4p71yql0.cloudfront.net/libraries/noun-project/Time-880d4b0e2b.svg,NARBE Words,#ff5ce1,https://d18vdu4p71yql0.cloudfront.net/libraries/noun-project/Book-thin_864_584233.svg
Time,9,sometime,sometime,https://d18vdu4p71yql0.cloudfront.net/libraries/arasaac/sometimes.png,#0ea5e9,,50,https://d18vdu4p71yql0.cloudfront.net/libraries/noun-project/Time-880d4b0e2b.svg,NARBE Words,#ff5ce1,https://d18vdu4p71yql0.cloudfront.net/libraries/noun-project/Book-thin_864_584233.svg
Time,9,anytime,anytime,,#0ea5e9,,51,https://d18vdu4p71yql0.cloudfront.net/libraries/noun-project/Time-880d4b0e2b.svg,NARBE Words,#ff5ce1,https://d18vdu4p71yql0.cloudfront.net/libraries/noun-project/Book-thin_864_584233.svg
Time,9,weekday,weekday,https://d18vdu4p71yql0.cloudfront.net/libraries/sclera/wedding handkerchief waving_1.png,#0ea5e9,,52,https://d18vdu4p71yql0.cloudfront.net/libraries/noun-project/Time-880d4b0e2b.svg,NARBE Words,#ff5ce1,https://d18vdu4p71yql0.cloudfront.net/libraries/noun-project/Book-thin_864_584233.svg
Time,9,season,season,https://d18vdu4p71yql0.cloudfront.net/libraries/arasaac/season.png,#0ea5e9,,53,https://d18vdu4p71yql0.cloudfront.net/libraries/noun-project/Time-880d4b0e2b.svg,NARBE Words,#ff5ce1,https://d18vdu4p71yql0.cloudfront.net/libraries/noun-project/Book-thin_864_584233.svg
Time,9,spring,spring,https://d18vdu4p71yql0.cloudfront.net/libraries/arasaac/spring.png,#0ea5e9,,54,https://d18vdu4p71yql0.cloudfront.net/libraries/noun-project/Time-880d4b0e2b.svg,NARBE Words,#ff5ce1,https://d18vdu4p71yql0.cloudfront.net/libraries/noun-project/Book-thin_864_584233.svg
Time,9,summer,summer,https://d18vdu4p71yql0.cloudfront.net/libraries/arasaac/summer.png,#0ea5e9,,55,https://d18vdu4p71yql0.cloudfront.net/libraries/noun-project/Time-880d4b0e2b.svg,NARBE Words,#ff5ce1,https://d18vdu4p71yql0.cloudfront.net/libraries/noun-project/Book-thin_864_584233.svg
Time,9,autumn,autumn,https://d18vdu4p71yql0.cloudfront.net/libraries/arasaac/autumn.png,#0ea5e9,,56,https://d18vdu4p71yql0.cloudfront.net/libraries/noun-project/Time-880d4b0e2b.svg,NARBE Words,#ff5ce1,https://d18vdu4p71yql0.cloudfront.net/libraries/noun-project/Book-thin_864_584233.svg
Time,9,winter,winter,https://d18vdu4p71yql0.cloudfront.net/libraries/arasaac/winter.png,#0ea5e9,,57,https://d18vdu4p71yql0.cloudfront.net/libraries/noun-project/Time-880d4b0e2b.svg,NARBE Words,#ff5ce1,https://d18vdu4p71yql0.cloudfront.net/libraries/noun-project/Book-thin_864_584233.svg
Time,9,decade,decade,,#0ea5e9,,58,https://d18vdu4p71yql0.cloudfront.net/libraries/noun-project/Time-880d4b0e2b.svg,NARBE Words,#ff5ce1,https://d18vdu4p71yql0.cloudfront.net/libraries/noun-project/Book-thin_864_584233.svg
Time,9,present,present,https://d18vdu4p71yql0.cloudfront.net/libraries/arasaac/present.png,#0ea5e9,,59,https://d18vdu4p71yql0.cloudfront.net/libraries/noun-project/Time-880d4b0e2b.svg,NARBE Words,#ff5ce1,https://d18vdu4p71yql0.cloudfront.net/libraries/noun-project/Book-thin_864_584233.svg
Time,9,future,future,https://d18vdu4p71yql0.cloudfront.net/libraries/arasaac/future.png,#0ea5e9,,60,https://d18vdu4p71yql0.cloudfront.net/libraries/noun-project/Time-880d4b0e2b.svg,NARBE Words,#ff5ce1,https://d18vdu4p71yql0.cloudfront.net/libraries/noun-project/Book-thin_864_584233.svg
Time,9,beginning,beginning,,#0ea5e9,,61,https://d18vdu4p71yql0.cloudfront.net/libraries/noun-project/Time-880d4b0e2b.svg,NARBE Words,#ff5ce1,https://d18vdu4p71yql0.cloudfront.net/libraries/noun-project/Book-thin_864_584233.svg
Time,9,end,end,https://d18vdu4p71yql0.cloudfront.net/libraries/arasaac/end.png,#0ea5e9,,62,https://d18vdu4p71yql0.cloudfront.net/libraries/noun-project/Time-880d4b0e2b.svg,NARBE Words,#ff5ce1,https://d18vdu4p71yql0.cloudfront.net/libraries/noun-project/Book-thin_864_584233.svg
Time,9,deadline,deadline,,#0ea5e9,,63,https://d18vdu4p71yql0.cloudfront.net/libraries/noun-project/Time-880d4b0e2b.svg,NARBE Words,#ff5ce1,https://d18vdu4p71yql0.cloudfront.net/libraries/noun-project/Book-thin_864_584233.svg
Time,9,anniversary,anniversary,,#0ea5e9,,64,https://d18vdu4p71yql0.cloudfront.net/libraries/noun-project/Time-880d4b0e2b.svg,NARBE Words,#ff5ce1,https://d18vdu4p71yql0.cloudfront.net/libraries/noun-project/Book-thin_864_584233.svg
Time,9,a.m.,a.m.,https://d18vdu4p71yql0.cloudfront.net/libraries/arasaac/Holy Week_2.png,#0ea5e9,,65,https://d18vdu4p71yql0.cloudfront.net/libraries/noun-project/Time-880d4b0e2b.svg,NARBE Words,#ff5ce1,https://d18vdu4p71yql0.cloudfront.net/libraries/noun-project/Book-thin_864_584233.svg
Time,9,p.m.,p.m.,,#0ea5e9,,66,https://d18vdu4p71yql0.cloudfront.net/libraries/noun-project/Time-880d4b0e2b.svg,NARBE Words,#ff5ce1,https://d18vdu4p71yql0.cloudfront.net/libraries/noun-project/Book-thin_864_584233.svg
Time,9,last night,last night,,#0ea5e9,,67,https://d18vdu4p71yql0.cloudfront.net/libraries/noun-project/Time-880d4b0e2b.svg,NARBE Words,#ff5ce1,https://d18vdu4p71yql0.cloudfront.net/libraries/noun-project/Book-thin_864_584233.svg
Time,9,last week,last week,,#0ea5e9,,68,https://d18vdu4p71yql0.cloudfront.net/libraries/noun-project/Time-880d4b0e2b.svg,NARBE Words,#ff5ce1,https://d18vdu4p71yql0.cloudfront.net/libraries/noun-project/Book-thin_864_584233.svg
Time,9,next week,next week,https://d18vdu4p71yql0.cloudfront.net/libraries/mulberry/next week.svg,#0ea5e9,,69,https://d18vdu4p71yql0.cloudfront.net/libraries/noun-project/Time-880d4b0e2b.svg,NARBE Words,#ff5ce1,https://d18vdu4p71yql0.cloudfront.net/libraries/noun-project/Book-thin_864_584233.svg
Time,9,this week,this week,https://d18vdu4p71yql0.cloudfront.net/libraries/mulberry/this week.svg,#0ea5e9,,70,https://d18vdu4p71yql0.cloudfront.net/libraries/noun-project/Time-880d4b0e2b.svg,NARBE Words,#ff5ce1,https://d18vdu4p71yql0.cloudfront.net/libraries/noun-project/Book-thin_864_584233.svg
Time,9,last month,last month,https://d18vdu4p71yql0.cloudfront.net/libraries/mulberry/last month.svg,#0ea5e9,,71,https://d18vdu4p71yql0.cloudfront.net/libraries/noun-project/Time-880d4b0e2b.svg,NARBE Words,#ff5ce1,https://d18vdu4p71yql0.cloudfront.net/libraries/noun-project/Book-thin_864_584233.svg
Time,9,next month,next month,https://d18vdu4p71yql0.cloudfront.net/libraries/mulberry/next month.svg,#0ea5e9,,72,https://d18vdu4p71yql0.cloudfront.net/libraries/noun-project/Time-880d4b0e2b.svg,NARBE Words,#ff5ce1,https://d18vdu4p71yql0.cloudfront.net/libraries/noun-project/Book-thin_864_584233.svg
Time,9,this year,this year,,#0ea5e9,,73,https://d18vdu4p71yql0.cloudfront.net/libraries/noun-project/Time-880d4b0e2b.svg,NARBE Words,#ff5ce1,https://d18vdu4p71yql0.cloudfront.net/libraries/noun-project/Book-thin_864_584233.svg
Time,9,next year,next year,,#0ea5e9,,74,https://d18vdu4p71yql0.cloudfront.net/libraries/noun-project/Time-880d4b0e2b.svg,NARBE Words,#ff5ce1,https://d18vdu4p71yql0.cloudfront.net/libraries/noun-project/Book-thin_864_584233.svg
Time,9,a while,a while,,#0ea5e9,,75,https://d18vdu4p71yql0.cloudfront.net/libraries/noun-project/Time-880d4b0e2b.svg,NARBE Words,#ff5ce1,https://d18vdu4p71yql0.cloudfront.net/libraries/noun-project/Book-thin_864_584233.svg
Time,9,right now,right now,,#0ea5e9,,76,https://d18vdu4p71yql0.cloudfront.net/libraries/noun-project/Time-880d4b0e2b.svg,NARBE Words,#ff5ce1,https://d18vdu4p71yql0.cloudfront.net/libraries/noun-project/Book-thin_864_584233.svg
Time,9,May,May,https://d18vdu4p71yql0.cloudfront.net/libraries/arasaac/May.png,#0ea5e9,,77,https://d18vdu4p71yql0.cloudfront.net/libraries/noun-project/Time-880d4b0e2b.svg,NARBE Words,#ff5ce1,https://d18vdu4p71yql0.cloudfront.net/libraries/noun-project/Book-thin_864_584233.svg
Numbers,10,one,one,https://d18vdu4p71yql0.cloudfront.net/libraries/arasaac/one.png,#84cc16,,1,https://d18vdu4p71yql0.cloudfront.net/libraries/arasaac/numbers_9.png,NARBE Words,#ff5ce1,https://d18vdu4p71yql0.cloudfront.net/libraries/noun-project/Book-thin_864_584233.svg
Numbers,10,two,two,https://d18vdu4p71yql0.cloudfront.net/libraries/arasaac/two.png,#84cc16,,2,https://d18vdu4p71yql0.cloudfront.net/libraries/arasaac/numbers_9.png,NARBE Words,#ff5ce1,https://d18vdu4p71yql0.cloudfront.net/libraries/noun-project/Book-thin_864_584233.svg
Numbers,10,three,three,https://d18vdu4p71yql0.cloudfront.net/libraries/arasaac/three.png,#84cc16,,3,https://d18vdu4p71yql0.cloudfront.net/libraries/arasaac/numbers_9.png,NARBE Words,#ff5ce1,https://d18vdu4p71yql0.cloudfront.net/libraries/noun-project/Book-thin_864_584233.svg
Numbers,10,four,four,https://d18vdu4p71yql0.cloudfront.net/libraries/arasaac/four.png,#84cc16,,4,https://d18vdu4p71yql0.cloudfront.net/libraries/arasaac/numbers_9.png,NARBE Words,#ff5ce1,https://d18vdu4p71yql0.cloudfront.net/libraries/noun-project/Book-thin_864_584233.svg
Numbers,10,five,five,https://d18vdu4p71yql0.cloudfront.net/libraries/arasaac/five.png,#84cc16,,5,https://d18vdu4p71yql0.cloudfront.net/libraries/arasaac/numbers_9.png,NARBE Words,#ff5ce1,https://d18vdu4p71yql0.cloudfront.net/libraries/noun-project/Book-thin_864_584233.svg
Numbers,10,six,six,https://d18vdu4p71yql0.cloudfront.net/libraries/arasaac/six.png,#84cc16,,6,https://d18vdu4p71yql0.cloudfront.net/libraries/arasaac/numbers_9.png,NARBE Words,#ff5ce1,https://d18vdu4p71yql0.cloudfront.net/libraries/noun-project/Book-thin_864_584233.svg
Numbers,10,seven,seven,https://d18vdu4p71yql0.cloudfront.net/libraries/arasaac/seven.png,#84cc16,,7,https://d18vdu4p71yql0.cloudfront.net/libraries/arasaac/numbers_9.png,NARBE Words,#ff5ce1,https://d18vdu4p71yql0.cloudfront.net/libraries/noun-project/Book-thin_864_584233.svg
Numbers,10,eight,eight,https://d18vdu4p71yql0.cloudfront.net/libraries/arasaac/eight.png,#84cc16,,8,https://d18vdu4p71yql0.cloudfront.net/libraries/arasaac/numbers_9.png,NARBE Words,#ff5ce1,https://d18vdu4p71yql0.cloudfront.net/libraries/noun-project/Book-thin_864_584233.svg
Numbers,10,nine,nine,https://d18vdu4p71yql0.cloudfront.net/libraries/arasaac/nine.png,#84cc16,,9,https://d18vdu4p71yql0.cloudfront.net/libraries/arasaac/numbers_9.png,NARBE Words,#ff5ce1,https://d18vdu4p71yql0.cloudfront.net/libraries/noun-project/Book-thin_864_584233.svg
Numbers,10,ten,ten,https://d18vdu4p71yql0.cloudfront.net/libraries/arasaac/ten.png,#84cc16,,10,https://d18vdu4p71yql0.cloudfront.net/libraries/arasaac/numbers_9.png,NARBE Words,#ff5ce1,https://d18vdu4p71yql0.cloudfront.net/libraries/noun-project/Book-thin_864_584233.svg
Numbers,10,eleven,eleven,https://d18vdu4p71yql0.cloudfront.net/libraries/arasaac/eleven.png,#84cc16,,11,https://d18vdu4p71yql0.cloudfront.net/libraries/arasaac/numbers_9.png,NARBE Words,#ff5ce1,https://d18vdu4p71yql0.cloudfront.net/libraries/noun-project/Book-thin_864_584233.svg
Numbers,10,twelve,twelve,https://d18vdu4p71yql0.cloudfront.net/libraries/arasaac/twelve.png,#84cc16,,12,https://d18vdu4p71yql0.cloudfront.net/libraries/arasaac/numbers_9.png,NARBE Words,#ff5ce1,https://d18vdu4p71yql0.cloudfront.net/libraries/noun-project/Book-thin_864_584233.svg
Numbers,10,thirteen,thirteen,https://d18vdu4p71yql0.cloudfront.net/libraries/arasaac/thirteen.png,#84cc16,,13,https://d18vdu4p71yql0.cloudfront.net/libraries/arasaac/numbers_9.png,NARBE Words,#ff5ce1,https://d18vdu4p71yql0.cloudfront.net/libraries/noun-project/Book-thin_864_584233.svg
Numbers,10,fourteen,fourteen,https://d18vdu4p71yql0.cloudfront.net/libraries/arasaac/fourteen.png,#84cc16,,14,https://d18vdu4p71yql0.cloudfront.net/libraries/arasaac/numbers_9.png,NARBE Words,#ff5ce1,https://d18vdu4p71yql0.cloudfront.net/libraries/noun-project/Book-thin_864_584233.svg
Numbers,10,fifteen,fifteen,https://d18vdu4p71yql0.cloudfront.net/libraries/arasaac/fifteen.png,#84cc16,,15,https://d18vdu4p71yql0.cloudfront.net/libraries/arasaac/numbers_9.png,NARBE Words,#ff5ce1,https://d18vdu4p71yql0.cloudfront.net/libraries/noun-project/Book-thin_864_584233.svg
Numbers,10,sixteen,sixteen,https://d18vdu4p71yql0.cloudfront.net/libraries/arasaac/sixteen.png,#84cc16,,16,https://d18vdu4p71yql0.cloudfront.net/libraries/arasaac/numbers_9.png,NARBE Words,#ff5ce1,https://d18vdu4p71yql0.cloudfront.net/libraries/noun-project/Book-thin_864_584233.svg
Numbers,10,seventeen,seventeen,https://d18vdu4p71yql0.cloudfront.net/libraries/arasaac/seventeen.png,#84cc16,,17,https://d18vdu4p71yql0.cloudfront.net/libraries/arasaac/numbers_9.png,NARBE Words,#ff5ce1,https://d18vdu4p71yql0.cloudfront.net/libraries/noun-project/Book-thin_864_584233.svg
Numbers,10,eighteen,eighteen,https://d18vdu4p71yql0.cloudfront.net/libraries/arasaac/eighteen.png,#84cc16,,18,https://d18vdu4p71yql0.cloudfront.net/libraries/arasaac/numbers_9.png,NARBE Words,#ff5ce1,https://d18vdu4p71yql0.cloudfront.net/libraries/noun-project/Book-thin_864_584233.svg
Numbers,10,nineteen,nineteen,https://d18vdu4p71yql0.cloudfront.net/libraries/arasaac/nineteen.png,#84cc16,,19,https://d18vdu4p71yql0.cloudfront.net/libraries/arasaac/numbers_9.png,NARBE Words,#ff5ce1,https://d18vdu4p71yql0.cloudfront.net/libraries/noun-project/Book-thin_864_584233.svg
Numbers,10,twenty,twenty,https://d18vdu4p71yql0.cloudfront.net/libraries/arasaac/twenty.png,#84cc16,,20,https://d18vdu4p71yql0.cloudfront.net/libraries/arasaac/numbers_9.png,NARBE Words,#ff5ce1,https://d18vdu4p71yql0.cloudfront.net/libraries/noun-project/Book-thin_864_584233.svg
Numbers,10,none,none,https://d18vdu4p71yql0.cloudfront.net/libraries/arasaac/none.png,#84cc16,,21,https://d18vdu4p71yql0.cloudfront.net/libraries/arasaac/numbers_9.png,NARBE Words,#ff5ce1,https://d18vdu4p71yql0.cloudfront.net/libraries/noun-project/Book-thin_864_584233.svg
Numbers,10,all,all,https://d18vdu4p71yql0.cloudfront.net/libraries/arasaac/all - everything.png,#84cc16,,22,https://d18vdu4p71yql0.cloudfront.net/libraries/arasaac/numbers_9.png,NARBE Words,#ff5ce1,https://d18vdu4p71yql0.cloudfront.net/libraries/noun-project/Book-thin_864_584233.svg
Numbers,10,some,some,https://d18vdu4p71yql0.cloudfront.net/libraries/arasaac/some_1.png,#84cc16,,23,https://d18vdu4p71yql0.cloudfront.net/libraries/arasaac/numbers_9.png,NARBE Words,#ff5ce1,https://d18vdu4p71yql0.cloudfront.net/libraries/noun-project/Book-thin_864_584233.svg
Numbers,10,most,most,https://d18vdu4p71yql0.cloudfront.net/libraries/noun-project/most_510_g.svg,#84cc16,,24,https://d18vdu4p71yql0.cloudfront.net/libraries/arasaac/numbers_9.png,NARBE Words,#ff5ce1,https://d18vdu4p71yql0.cloudfront.net/libraries/noun-project/Book-thin_864_584233.svg
Numbers,10,zero,zero,https://d18vdu4p71yql0.cloudfront.net/libraries/arasaac/zero.png,#84cc16,,25,https://d18vdu4p71yql0.cloudfront.net/libraries/arasaac/numbers_9.png,NARBE Words,#ff5ce1,https://d18vdu4p71yql0.cloudfront.net/libraries/noun-project/Book-thin_864_584233.svg
Numbers,10,thirty,thirty,https://d18vdu4p71yql0.cloudfront.net/libraries/arasaac/thirty.png,#84cc16,,26,https://d18vdu4p71yql0.cloudfront.net/libraries/arasaac/numbers_9.png,NARBE Words,#ff5ce1,https://d18vdu4p71yql0.cloudfront.net/libraries/noun-project/Book-thin_864_584233.svg
Numbers,10,forty,forty,https://d18vdu4p71yql0.cloudfront.net/libraries/mulberry/forty.svg,#84cc16,,27,https://d18vdu4p71yql0.cloudfront.net/libraries/arasaac/numbers_9.png,NARBE Words,#ff5ce1,https://d18vdu4p71yql0.cloudfront.net/libraries/noun-project/Book-thin_864_584233.svg
Numbers,10,fifty,fifty,https://d18vdu4p71yql0.cloudfront.net/libraries/mulberry/fifty.svg,#84cc16,,28,https://d18vdu4p71yql0.cloudfront.net/libraries/arasaac/numbers_9.png,NARBE Words,#ff5ce1,https://d18vdu4p71yql0.cloudfront.net/libraries/noun-project/Book-thin_864_584233.svg
Numbers,10,sixty,sixty,https://d18vdu4p71yql0.cloudfront.net/libraries/mulberry/sixty.svg,#84cc16,,29,https://d18vdu4p71yql0.cloudfront.net/libraries/arasaac/numbers_9.png,NARBE Words,#ff5ce1,https://d18vdu4p71yql0.cloudfront.net/libraries/noun-project/Book-thin_864_584233.svg
Numbers,10,seventy,seventy,https://d18vdu4p71yql0.cloudfront.net/libraries/mulberry/seventy.svg,#84cc16,,30,https://d18vdu4p71yql0.cloudfront.net/libraries/arasaac/numbers_9.png,NARBE Words,#ff5ce1,https://d18vdu4p71yql0.cloudfront.net/libraries/noun-project/Book-thin_864_584233.svg
Numbers,10,eighty,eighty,https://d18vdu4p71yql0.cloudfront.net/libraries/mulberry/eighty.svg,#84cc16,,31,https://d18vdu4p71yql0.cloudfront.net/libraries/arasaac/numbers_9.png,NARBE Words,#ff5ce1,https://d18vdu4p71yql0.cloudfront.net/libraries/noun-project/Book-thin_864_584233.svg
Numbers,10,ninety,ninety,https://d18vdu4p71yql0.cloudfront.net/libraries/mulberry/ninety.svg,#84cc16,,32,https://d18vdu4p71yql0.cloudfront.net/libraries/arasaac/numbers_9.png,NARBE Words,#ff5ce1,https://d18vdu4p71yql0.cloudfront.net/libraries/noun-project/Book-thin_864_584233.svg
Numbers,10,hundred,hundred,https://d18vdu4p71yql0.cloudfront.net/libraries/mulberry/hundred.svg,#84cc16,,33,https://d18vdu4p71yql0.cloudfront.net/libraries/arasaac/numbers_9.png,NARBE Words,#ff5ce1,https://d18vdu4p71yql0.cloudfront.net/libraries/noun-project/Book-thin_864_584233.svg
Numbers,10,thousand,thousand,https://d18vdu4p71yql0.cloudfront.net/libraries/mulberry/thousand.svg,#84cc16,,34,https://d18vdu4p71yql0.cloudfront.net/libraries/arasaac/numbers_9.png,NARBE Words,#ff5ce1,https://d18vdu4p71yql0.cloudfront.net/libraries/noun-project/Book-thin_864_584233.svg
Numbers,10,million,million,,#84cc16,,35,https://d18vdu4p71yql0.cloudfront.net/libraries/arasaac/numbers_9.png,NARBE Words,#ff5ce1,https://d18vdu4p71yql0.cloudfront.net/libraries/noun-project/Book-thin_864_584233.svg
Numbers,10,third,third,https://d18vdu4p71yql0.cloudfront.net/libraries/arasaac/third.png.varianted-skin.png,#84cc16,,36,https://d18vdu4p71yql0.cloudfront.net/libraries/arasaac/numbers_9.png,NARBE Words,#ff5ce1,https://d18vdu4p71yql0.cloudfront.net/libraries/noun-project/Book-thin_864_584233.svg
Numbers,10,fourth,fourth,https://d18vdu4p71yql0.cloudfront.net/libraries/arasaac/fourth.png,#84cc16,,37,https://d18vdu4p71yql0.cloudfront.net/libraries/arasaac/numbers_9.png,NARBE Words,#ff5ce1,https://d18vdu4p71yql0.cloudfront.net/libraries/noun-project/Book-thin_864_584233.svg
Numbers,10,fifth,fifth,,#84cc16,,38,https://d18vdu4p71yql0.cloudfront.net/libraries/arasaac/numbers_9.png,NARBE Words,#ff5ce1,https://d18vdu4p71yql0.cloudfront.net/libraries/noun-project/Book-thin_864_584233.svg
Numbers,10,sixth,sixth,,#84cc16,,39,https://d18vdu4p71yql0.cloudfront.net/libraries/arasaac/numbers_9.png,NARBE Words,#ff5ce1,https://d18vdu4p71yql0.cloudfront.net/libraries/noun-project/Book-thin_864_584233.svg
Numbers,10,seventh,seventh,,#84cc16,,40,https://d18vdu4p71yql0.cloudfront.net/libraries/arasaac/numbers_9.png,NARBE Words,#ff5ce1,https://d18vdu4p71yql0.cloudfront.net/libraries/noun-project/Book-thin_864_584233.svg
Numbers,10,eighth,eighth,https://d18vdu4p71yql0.cloudfront.net/libraries/mulberry/eighth.svg,#84cc16,,41,https://d18vdu4p71yql0.cloudfront.net/libraries/arasaac/numbers_9.png,NARBE Words,#ff5ce1,https://d18vdu4p71yql0.cloudfront.net/libraries/noun-project/Book-thin_864_584233.svg
Numbers,10,ninth,ninth,,#84cc16,,42,https://d18vdu4p71yql0.cloudfront.net/libraries/arasaac/numbers_9.png,NARBE Words,#ff5ce1,https://d18vdu4p71yql0.cloudfront.net/libraries/noun-project/Book-thin_864_584233.svg
Numbers,10,tenth,tenth,,#84cc16,,43,https://d18vdu4p71yql0.cloudfront.net/libraries/arasaac/numbers_9.png,NARBE Words,#ff5ce1,https://d18vdu4p71yql0.cloudfront.net/libraries/noun-project/Book-thin_864_584233.svg
Numbers,10,several,several,https://d18vdu4p71yql0.cloudfront.net/libraries/arasaac/several.png.varianted-skin.png,#84cc16,,44,https://d18vdu4p71yql0.cloudfront.net/libraries/arasaac/numbers_9.png,NARBE Words,#ff5ce1,https://d18vdu4p71yql0.cloudfront.net/libraries/noun-project/Book-thin_864_584233.svg
Numbers,10,much,much,https://d18vdu4p71yql0.cloudfront.net/libraries/sclera/much.png,#84cc16,,45,https://d18vdu4p71yql0.cloudfront.net/libraries/arasaac/numbers_9.png,NARBE Words,#ff5ce1,https://d18vdu4p71yql0.cloudfront.net/libraries/noun-project/Book-thin_864_584233.svg
Numbers,10,plenty,plenty,,#84cc16,,46,https://d18vdu4p71yql0.cloudfront.net/libraries/arasaac/numbers_9.png,NARBE Words,#ff5ce1,https://d18vdu4p71yql0.cloudfront.net/libraries/noun-project/Book-thin_864_584233.svg
Numbers,10,fewer,fewer,,#84cc16,,47,https://d18vdu4p71yql0.cloudfront.net/libraries/arasaac/numbers_9.png,NARBE Words,#ff5ce1,https://d18vdu4p71yql0.cloudfront.net/libraries/noun-project/Book-thin_864_584233.svg
Numbers,10,least,least,https://d18vdu4p71yql0.cloudfront.net/libraries/noun-project/least_964_g.svg,#84cc16,,48,https://d18vdu4p71yql0.cloudfront.net/libraries/arasaac/numbers_9.png,NARBE Words,#ff5ce1,https://d18vdu4p71yql0.cloudfront.net/libraries/noun-project/Book-thin_864_584233.svg
Numbers,10,maximum,maximum,,#84cc16,,49,https://d18vdu4p71yql0.cloudfront.net/libraries/arasaac/numbers_9.png,NARBE Words,#ff5ce1,https://d18vdu4p71yql0.cloudfront.net/libraries/noun-project/Book-thin_864_584233.svg
Numbers,10,minimum,minimum,,#84cc16,,50,https://d18vdu4p71yql0.cloudfront.net/libraries/arasaac/numbers_9.png,NARBE Words,#ff5ce1,https://d18vdu4p71yql0.cloudfront.net/libraries/noun-project/Book-thin_864_584233.svg
Numbers,10,pair,pair,,#84cc16,,51,https://d18vdu4p71yql0.cloudfront.net/libraries/arasaac/numbers_9.png,NARBE Words,#ff5ce1,https://d18vdu4p71yql0.cloudfront.net/libraries/noun-project/Book-thin_864_584233.svg
Numbers,10,couple,couple,https://d18vdu4p71yql0.cloudfront.net/libraries/noun-project/Couple_945_g.svg,#84cc16,,52,https://d18vdu4p71yql0.cloudfront.net/libraries/arasaac/numbers_9.png,NARBE Words,#ff5ce1,https://d18vdu4p71yql0.cloudfront.net/libraries/noun-project/Book-thin_864_584233.svg
Numbers,10,dozen,dozen,https://d18vdu4p71yql0.cloudfront.net/libraries/arasaac/boxes.png,#84cc16,,53,https://d18vdu4p71yql0.cloudfront.net/libraries/arasaac/numbers_9.png,NARBE Words,#ff5ce1,https://d18vdu4p71yql0.cloudfront.net/libraries/noun-project/Book-thin_864_584233.svg
Numbers,10,quarter,quarter,https://d18vdu4p71yql0.cloudfront.net/libraries/mulberry/quarter.svg,#84cc16,,54,https://d18vdu4p71yql0.cloudfront.net/libraries/arasaac/numbers_9.png,NARBE Words,#ff5ce1,https://d18vdu4p71yql0.cloudfront.net/libraries/noun-project/Book-thin_864_584233.svg
Numbers,10,double,double,https://d18vdu4p71yql0.cloudfront.net/libraries/arasaac/to double.png,#84cc16,,55,https://d18vdu4p71yql0.cloudfront.net/libraries/arasaac/numbers_9.png,NARBE Words,#ff5ce1,https://d18vdu4p71yql0.cloudfront.net/libraries/noun-project/Book-thin_864_584233.svg
Numbers,10,single,single,https://d18vdu4p71yql0.cloudfront.net/libraries/arasaac/single.png.varianted-skin.png,#84cc16,,56,https://d18vdu4p71yql0.cloudfront.net/libraries/arasaac/numbers_9.png,NARBE Words,#ff5ce1,https://d18vdu4p71yql0.cloudfront.net/libraries/noun-project/Book-thin_864_584233.svg
Numbers,10,percent,percent,https://d18vdu4p71yql0.cloudfront.net/libraries/mulberry/percent.svg,#84cc16,,57,https://d18vdu4p71yql0.cloudfront.net/libraries/arasaac/numbers_9.png,NARBE Words,#ff5ce1,https://d18vdu4p71yql0.cloudfront.net/libraries/noun-project/Book-thin_864_584233.svg
Numbers,10,plus,plus,https://d18vdu4p71yql0.cloudfront.net/libraries/arasaac/more.png,#84cc16,,58,https://d18vdu4p71yql0.cloudfront.net/libraries/arasaac/numbers_9.png,NARBE Words,#ff5ce1,https://d18vdu4p71yql0.cloudfront.net/libraries/noun-project/Book-thin_864_584233.svg
Numbers,10,minus,minus,https://d18vdu4p71yql0.cloudfront.net/libraries/icomoon/minus4.svg,#84cc16,,59,https://d18vdu4p71yql0.cloudfront.net/libraries/arasaac/numbers_9.png,NARBE Words,#ff5ce1,https://d18vdu4p71yql0.cloudfront.net/libraries/noun-project/Book-thin_864_584233.svg
Numbers,10,total,total,,#84cc16,,60,https://d18vdu4p71yql0.cloudfront.net/libraries/arasaac/numbers_9.png,NARBE Words,#ff5ce1,https://d18vdu4p71yql0.cloudfront.net/libraries/noun-project/Book-thin_864_584233.svg
Numbers,10,amount,amount,https://d18vdu4p71yql0.cloudfront.net/libraries/arasaac/amount.png,#84cc16,,61,https://d18vdu4p71yql0.cloudfront.net/libraries/arasaac/numbers_9.png,NARBE Words,#ff5ce1,https://d18vdu4p71yql0.cloudfront.net/libraries/noun-project/Book-thin_864_584233.svg
Numbers,10,lot,lot,https://d18vdu4p71yql0.cloudfront.net/libraries/arasaac/solder.png.varianted-skin.png,#84cc16,,62,https://d18vdu4p71yql0.cloudfront.net/libraries/arasaac/numbers_9.png,NARBE Words,#ff5ce1,https://d18vdu4p71yql0.cloudfront.net/libraries/noun-project/Book-thin_864_584233.svg
Numbers,10,lots,lots,https://d18vdu4p71yql0.cloudfront.net/libraries/arasaac/lots.png,#84cc16,,63,https://d18vdu4p71yql0.cloudfront.net/libraries/arasaac/numbers_9.png,NARBE Words,#ff5ce1,https://d18vdu4p71yql0.cloudfront.net/libraries/noun-project/Book-thin_864_584233.svg
Numbers,10,bit,bit,https://d18vdu4p71yql0.cloudfront.net/libraries/arasaac/bit.png,#84cc16,,64,https://d18vdu4p71yql0.cloudfront.net/libraries/arasaac/numbers_9.png,NARBE Words,#ff5ce1,https://d18vdu4p71yql0.cloudfront.net/libraries/noun-project/Book-thin_864_584233.svg
Numbers,10,bunch,bunch,https://d18vdu4p71yql0.cloudfront.net/libraries/arasaac/bunch.png,#84cc16,,65,https://d18vdu4p71yql0.cloudfront.net/libraries/arasaac/numbers_9.png,NARBE Words,#ff5ce1,https://d18vdu4p71yql0.cloudfront.net/libraries/noun-project/Book-thin_864_584233.svg
People,11,mom,mom,https://d18vdu4p71yql0.cloudfront.net/libraries/arasaac/mother.png.varianted-skin.png,#ec4899,,1,https://d18vdu4p71yql0.cloudfront.net/libraries/noun-project/People-32d569b31d.svg,NARBE Words,#ff5ce1,https://d18vdu4p71yql0.cloudfront.net/libraries/noun-project/Book-thin_864_584233.svg
People,11,dad,dad,https://d18vdu4p71yql0.cloudfront.net/libraries/arasaac/dad.png.varianted-skin.png,#ec4899,,2,https://d18vdu4p71yql0.cloudfront.net/libraries/noun-project/People-32d569b31d.svg,NARBE Words,#ff5ce1,https://d18vdu4p71yql0.cloudfront.net/libraries/noun-project/Book-thin_864_584233.svg
People,11,brother,brother,https://d18vdu4p71yql0.cloudfront.net/libraries/arasaac/brother.png.varianted-skin.png,#ec4899,,3,https://d18vdu4p71yql0.cloudfront.net/libraries/noun-project/People-32d569b31d.svg,NARBE Words,#ff5ce1,https://d18vdu4p71yql0.cloudfront.net/libraries/noun-project/Book-thin_864_584233.svg
People,11,sister,sister,https://d18vdu4p71yql0.cloudfront.net/libraries/arasaac/sister.png.varianted-skin.png,#ec4899,,4,https://d18vdu4p71yql0.cloudfront.net/libraries/noun-project/People-32d569b31d.svg,NARBE Words,#ff5ce1,https://d18vdu4p71yql0.cloudfront.net/libraries/noun-project/Book-thin_864_584233.svg
People,11,friend,friend,https://d18vdu4p71yql0.cloudfront.net/libraries/arasaac/friend_2.png.varianted-skin.png,#ec4899,,5,https://d18vdu4p71yql0.cloudfront.net/libraries/noun-project/People-32d569b31d.svg,NARBE Words,#ff5ce1,https://d18vdu4p71yql0.cloudfront.net/libraries/noun-project/Book-thin_864_584233.svg
People,11,family,family,https://d18vdu4p71yql0.cloudfront.net/libraries/noun-project/Family-103603dd06.svg,#ec4899,,6,https://d18vdu4p71yql0.cloudfront.net/libraries/noun-project/People-32d569b31d.svg,NARBE Words,#ff5ce1,https://d18vdu4p71yql0.cloudfront.net/libraries/noun-project/Book-thin_864_584233.svg
People,11,caregiver,caregiver,https://d18vdu4p71yql0.cloudfront.net/libraries/sclera/caregiver.png,#ec4899,,7,https://d18vdu4p71yql0.cloudfront.net/libraries/noun-project/People-32d569b31d.svg,NARBE Words,#ff5ce1,https://d18vdu4p71yql0.cloudfront.net/libraries/noun-project/Book-thin_864_584233.svg
People,11,teacher,teacher,https://d18vdu4p71yql0.cloudfront.net/libraries/arasaac/teacher (female).png.varianted-skin.png,#ec4899,,8,https://d18vdu4p71yql0.cloudfront.net/libraries/noun-project/People-32d569b31d.svg,NARBE Words,#ff5ce1,https://d18vdu4p71yql0.cloudfront.net/libraries/noun-project/Book-thin_864_584233.svg
People,11,doctor,doctor,https://d18vdu4p71yql0.cloudfront.net/libraries/arasaac/doctor_3.png.varianted-skin.png,#ec4899,,9,https://d18vdu4p71yql0.cloudfront.net/libraries/noun-project/People-32d569b31d.svg,NARBE Words,#ff5ce1,https://d18vdu4p71yql0.cloudfront.net/libraries/noun-project/Book-thin_864_584233.svg
People,11,nurse,nurse,https://d18vdu4p71yql0.cloudfront.net/libraries/noun-project/Nurse-8169964372.svg,#ec4899,,10,https://d18vdu4p71yql0.cloudfront.net/libraries/noun-project/People-32d569b31d.svg,NARBE Words,#ff5ce1,https://d18vdu4p71yql0.cloudfront.net/libraries/noun-project/Book-thin_864_584233.svg
People,11,visitor,visitor,https://d18vdu4p71yql0.cloudfront.net/libraries/mulberry/vice.svg,#ec4899,,11,https://d18vdu4p71yql0.cloudfront.net/libraries/noun-project/People-32d569b31d.svg,NARBE Words,#ff5ce1,https://d18vdu4p71yql0.cloudfront.net/libraries/noun-project/Book-thin_864_584233.svg
People,11,neighbor,neighbor,https://d18vdu4p71yql0.cloudfront.net/libraries/arasaac/needle.png,#ec4899,,12,https://d18vdu4p71yql0.cloudfront.net/libraries/noun-project/People-32d569b31d.svg,NARBE Words,#ff5ce1,https://d18vdu4p71yql0.cloudfront.net/libraries/noun-project/Book-thin_864_584233.svg
People,11,partner,partner,https://d18vdu4p71yql0.cloudfront.net/libraries/mulberry/partner.svg.varianted-skin.svg,#ec4899,,13,https://d18vdu4p71yql0.cloudfront.net/libraries/noun-project/People-32d569b31d.svg,NARBE Words,#ff5ce1,https://d18vdu4p71yql0.cloudfront.net/libraries/noun-project/Book-thin_864_584233.svg
People,11,spouse,spouse,https://d18vdu4p71yql0.cloudfront.net/libraries/arasaac/married couple.png.varianted-skin.png,#ec4899,,14,https://d18vdu4p71yql0.cloudfront.net/libraries/noun-project/People-32d569b31d.svg,NARBE Words,#ff5ce1,https://d18vdu4p71yql0.cloudfront.net/libraries/noun-project/Book-thin_864_584233.svg
People,11,wife,wife,https://d18vdu4p71yql0.cloudfront.net/libraries/arasaac/wife.png,#ec4899,,15,https://d18vdu4p71yql0.cloudfront.net/libraries/noun-project/People-32d569b31d.svg,NARBE Words,#ff5ce1,https://d18vdu4p71yql0.cloudfront.net/libraries/noun-project/Book-thin_864_584233.svg
People,11,husband,husband,https://d18vdu4p71yql0.cloudfront.net/libraries/arasaac/husband.png.varianted-skin.png,#ec4899,,16,https://d18vdu4p71yql0.cloudfront.net/libraries/noun-project/People-32d569b31d.svg,NARBE Words,#ff5ce1,https://d18vdu4p71yql0.cloudfront.net/libraries/noun-project/Book-thin_864_584233.svg
People,11,son,son,https://d18vdu4p71yql0.cloudfront.net/libraries/arasaac/son.png.varianted-skin.png,#ec4899,,17,https://d18vdu4p71yql0.cloudfront.net/libraries/noun-project/People-32d569b31d.svg,NARBE Words,#ff5ce1,https://d18vdu4p71yql0.cloudfront.net/libraries/noun-project/Book-thin_864_584233.svg
People,11,daughter,daughter,https://d18vdu4p71yql0.cloudfront.net/libraries/arasaac/daughter.png.varianted-skin.png,#ec4899,,18,https://d18vdu4p71yql0.cloudfront.net/libraries/noun-project/People-32d569b31d.svg,NARBE Words,#ff5ce1,https://d18vdu4p71yql0.cloudfront.net/libraries/noun-project/Book-thin_864_584233.svg
People,11,grandma,grandma,https://d18vdu4p71yql0.cloudfront.net/libraries/arasaac/grandma.png.varianted-skin.png,#ec4899,,19,https://d18vdu4p71yql0.cloudfront.net/libraries/noun-project/People-32d569b31d.svg,NARBE Words,#ff5ce1,https://d18vdu4p71yql0.cloudfront.net/libraries/noun-project/Book-thin_864_584233.svg
People,11,grandpa,grandpa,https://d18vdu4p71yql0.cloudfront.net/libraries/arasaac/grandpa.png.varianted-skin.png,#ec4899,,20,https://d18vdu4p71yql0.cloudfront.net/libraries/noun-project/People-32d569b31d.svg,NARBE Words,#ff5ce1,https://d18vdu4p71yql0.cloudfront.net/libraries/noun-project/Book-thin_864_584233.svg
People,11,grandmother,grandmother,https://d18vdu4p71yql0.cloudfront.net/libraries/arasaac/grandmother.png.varianted-skin.png,#ec4899,,21,https://d18vdu4p71yql0.cloudfront.net/libraries/noun-project/People-32d569b31d.svg,NARBE Words,#ff5ce1,https://d18vdu4p71yql0.cloudfront.net/libraries/noun-project/Book-thin_864_584233.svg
People,11,grandfather,grandfather,https://d18vdu4p71yql0.cloudfront.net/libraries/arasaac/grandfather.png.varianted-skin.png,#ec4899,,22,https://d18vdu4p71yql0.cloudfront.net/libraries/noun-project/People-32d569b31d.svg,NARBE Words,#ff5ce1,https://d18vdu4p71yql0.cloudfront.net/libraries/noun-project/Book-thin_864_584233.svg
People,11,aunt,aunt,https://d18vdu4p71yql0.cloudfront.net/libraries/arasaac/aunt.png.varianted-skin.png,#ec4899,,23,https://d18vdu4p71yql0.cloudfront.net/libraries/noun-project/People-32d569b31d.svg,NARBE Words,#ff5ce1,https://d18vdu4p71yql0.cloudfront.net/libraries/noun-project/Book-thin_864_584233.svg
People,11,uncle,uncle,https://d18vdu4p71yql0.cloudfront.net/libraries/arasaac/uncle.png.varianted-skin.png,#ec4899,,24,https://d18vdu4p71yql0.cloudfront.net/libraries/noun-project/People-32d569b31d.svg,NARBE Words,#ff5ce1,https://d18vdu4p71yql0.cloudfront.net/libraries/noun-project/Book-thin_864_584233.svg
People,11,cousin,cousin,https://d18vdu4p71yql0.cloudfront.net/libraries/arasaac/cousin.png.varianted-skin.png,#ec4899,,25,https://d18vdu4p71yql0.cloudfront.net/libraries/noun-project/People-32d569b31d.svg,NARBE Words,#ff5ce1,https://d18vdu4p71yql0.cloudfront.net/libraries/noun-project/Book-thin_864_584233.svg
People,11,child,child,https://d18vdu4p71yql0.cloudfront.net/libraries/noun-project/Child_985_g.svg,#ec4899,,26,https://d18vdu4p71yql0.cloudfront.net/libraries/noun-project/People-32d569b31d.svg,NARBE Words,#ff5ce1,https://d18vdu4p71yql0.cloudfront.net/libraries/noun-project/Book-thin_864_584233.svg
People,11,children,children,https://d18vdu4p71yql0.cloudfront.net/libraries/noun-project/Children-17ac664569.svg,#ec4899,,27,https://d18vdu4p71yql0.cloudfront.net/libraries/noun-project/People-32d569b31d.svg,NARBE Words,#ff5ce1,https://d18vdu4p71yql0.cloudfront.net/libraries/noun-project/Book-thin_864_584233.svg
People,11,baby,baby,https://d18vdu4p71yql0.cloudfront.net/libraries/arasaac/baby.png.varianted-skin.png,#ec4899,,28,https://d18vdu4p71yql0.cloudfront.net/libraries/noun-project/People-32d569b31d.svg,NARBE Words,#ff5ce1,https://d18vdu4p71yql0.cloudfront.net/libraries/noun-project/Book-thin_864_584233.svg
People,11,adult,adult,https://d18vdu4p71yql0.cloudfront.net/libraries/arasaac/adult.png.varianted-skin.png,#ec4899,,29,https://d18vdu4p71yql0.cloudfront.net/libraries/noun-project/People-32d569b31d.svg,NARBE Words,#ff5ce1,https://d18vdu4p71yql0.cloudfront.net/libraries/noun-project/Book-thin_864_584233.svg
People,11,stranger,stranger,,#ec4899,,30,https://d18vdu4p71yql0.cloudfront.net/libraries/noun-project/People-32d569b31d.svg,NARBE Words,#ff5ce1,https://d18vdu4p71yql0.cloudfront.net/libraries/noun-project/Book-thin_864_584233.svg
People,11,assistant,assistant,https://d18vdu4p71yql0.cloudfront.net/libraries/arasaac/assistant.png.varianted-skin.png,#ec4899,,31,https://d18vdu4p71yql0.cloudfront.net/libraries/noun-project/People-32d569b31d.svg,NARBE Words,#ff5ce1,https://d18vdu4p71yql0.cloudfront.net/libraries/noun-project/Book-thin_864_584233.svg
People,11,therapist,therapist,,#ec4899,,32,https://d18vdu4p71yql0.cloudfront.net/libraries/noun-project/People-32d569b31d.svg,NARBE Words,#ff5ce1,https://d18vdu4p71yql0.cloudfront.net/libraries/noun-project/Book-thin_864_584233.svg
People,11,dentist,dentist,https://d18vdu4p71yql0.cloudfront.net/libraries/arasaac/dentist.png.varianted-skin.png,#ec4899,,33,https://d18vdu4p71yql0.cloudfront.net/libraries/noun-project/People-32d569b31d.svg,NARBE Words,#ff5ce1,https://d18vdu4p71yql0.cloudfront.net/libraries/noun-project/Book-thin_864_584233.svg
People,11,counselor,counselor,https://d18vdu4p71yql0.cloudfront.net/libraries/arasaac/counselor.png.varianted-skin.png,#ec4899,,34,https://d18vdu4p71yql0.cloudfront.net/libraries/noun-project/People-32d569b31d.svg,NARBE Words,#ff5ce1,https://d18vdu4p71yql0.cloudfront.net/libraries/noun-project/Book-thin_864_584233.svg
People,11,classmate,classmate,,#ec4899,,35,https://d18vdu4p71yql0.cloudfront.net/libraries/noun-project/People-32d569b31d.svg,NARBE Words,#ff5ce1,https://d18vdu4p71yql0.cloudfront.net/libraries/noun-project/Book-thin_864_584233.svg
People,11,teammate,teammate,https://d18vdu4p71yql0.cloudfront.net/libraries/arasaac/team.png.varianted-skin.png,#ec4899,,36,https://d18vdu4p71yql0.cloudfront.net/libraries/noun-project/People-32d569b31d.svg,NARBE Words,#ff5ce1,https://d18vdu4p71yql0.cloudfront.net/libraries/noun-project/Book-thin_864_584233.svg
People,11,person,person,https://d18vdu4p71yql0.cloudfront.net/libraries/arasaac/person.png.varianted-skin.png,#ec4899,,37,https://d18vdu4p71yql0.cloudfront.net/libraries/noun-project/People-32d569b31d.svg,NARBE Words,#ff5ce1,https://d18vdu4p71yql0.cloudfront.net/libraries/noun-project/Book-thin_864_584233.svg
People,11,people,people,https://d18vdu4p71yql0.cloudfront.net/libraries/noun-project/People-32d569b31d.svg,#ec4899,,38,https://d18vdu4p71yql0.cloudfront.net/libraries/noun-project/People-32d569b31d.svg,NARBE Words,#ff5ce1,https://d18vdu4p71yql0.cloudfront.net/libraries/noun-project/Book-thin_864_584233.svg
People,11,man,man,https://d18vdu4p71yql0.cloudfront.net/libraries/arasaac/man.png.varianted-skin.png,#ec4899,,39,https://d18vdu4p71yql0.cloudfront.net/libraries/noun-project/People-32d569b31d.svg,NARBE Words,#ff5ce1,https://d18vdu4p71yql0.cloudfront.net/libraries/noun-project/Book-thin_864_584233.svg
People,11,woman,woman,https://d18vdu4p71yql0.cloudfront.net/libraries/arasaac/woman.png.varianted-skin.png,#ec4899,,40,https://d18vdu4p71yql0.cloudfront.net/libraries/noun-project/People-32d569b31d.svg,NARBE Words,#ff5ce1,https://d18vdu4p71yql0.cloudfront.net/libraries/noun-project/Book-thin_864_584233.svg
People,11,boy,boy,https://d18vdu4p71yql0.cloudfront.net/libraries/arasaac/boy.png.varianted-skin.png,#ec4899,,41,https://d18vdu4p71yql0.cloudfront.net/libraries/noun-project/People-32d569b31d.svg,NARBE Words,#ff5ce1,https://d18vdu4p71yql0.cloudfront.net/libraries/noun-project/Book-thin_864_584233.svg
People,11,girl,girl,https://d18vdu4p71yql0.cloudfront.net/libraries/arasaac/girl.png.varianted-skin.png,#ec4899,,42,https://d18vdu4p71yql0.cloudfront.net/libraries/noun-project/People-32d569b31d.svg,NARBE Words,#ff5ce1,https://d18vdu4p71yql0.cloudfront.net/libraries/noun-project/Book-thin_864_584233.svg
People,11,teenager,teenager,https://d18vdu4p71yql0.cloudfront.net/libraries/arasaac/teenager.png.varianted-skin.png,#ec4899,,43,https://d18vdu4p71yql0.cloudfront.net/libraries/noun-project/People-32d569b31d.svg,NARBE Words,#ff5ce1,https://d18vdu4p71yql0.cloudfront.net/libraries/noun-project/Book-thin_864_584233.svg
People,11,kid,kid,https://d18vdu4p71yql0.cloudfront.net/libraries/arasaac/kids.png.varianted-skin.png,#ec4899,,44,https://d18vdu4p71yql0.cloudfront.net/libraries/noun-project/People-32d569b31d.svg,NARBE Words,#ff5ce1,https://d18vdu4p71yql0.cloudfront.net/libraries/noun-project/Book-thin_864_584233.svg
People,11,grown-up,grown-up,,#ec4899,,45,https://d18vdu4p71yql0.cloudfront.net/libraries/noun-project/People-32d569b31d.svg,NARBE Words,#ff5ce1,https://d18vdu4p71yql0.cloudfront.net/libraries/noun-project/Book-thin_864_584233.svg
People,11,parent,parent,https://d18vdu4p71yql0.cloudfront.net/libraries/mulberry/parents.svg.varianted-skin.svg,#ec4899,,46,https://d18vdu4p71yql0.cloudfront.net/libraries/noun-project/People-32d569b31d.svg,NARBE Words,#ff5ce1,https://d18vdu4p71yql0.cloudfront.net/libraries/noun-project/Book-thin_864_584233.svg
People,11,parents,parents,https://d18vdu4p71yql0.cloudfront.net/libraries/mulberry/parents.svg.varianted-skin.svg,#ec4899,,47,https://d18vdu4p71yql0.cloudfront.net/libraries/noun-project/People-32d569b31d.svg,NARBE Words,#ff5ce1,https://d18vdu4p71yql0.cloudfront.net/libraries/noun-project/Book-thin_864_584233.svg
People,11,mother,mother,https://d18vdu4p71yql0.cloudfront.net/libraries/arasaac/mother.png.varianted-skin.png,#ec4899,,48,https://d18vdu4p71yql0.cloudfront.net/libraries/noun-project/People-32d569b31d.svg,NARBE Words,#ff5ce1,https://d18vdu4p71yql0.cloudfront.net/libraries/noun-project/Book-thin_864_584233.svg
People,11,father,father,https://d18vdu4p71yql0.cloudfront.net/libraries/arasaac/father.png.varianted-skin.png,#ec4899,,49,https://d18vdu4p71yql0.cloudfront.net/libraries/noun-project/People-32d569b31d.svg,NARBE Words,#ff5ce1,https://d18vdu4p71yql0.cloudfront.net/libraries/noun-project/Book-thin_864_584233.svg
People,11,sibling,sibling,https://d18vdu4p71yql0.cloudfront.net/libraries/noun-project/siblings_600_g.svg,#ec4899,,50,https://d18vdu4p71yql0.cloudfront.net/libraries/noun-project/People-32d569b31d.svg,NARBE Words,#ff5ce1,https://d18vdu4p71yql0.cloudfront.net/libraries/noun-project/Book-thin_864_584233.svg
People,11,grandparent,grandparent,https://d18vdu4p71yql0.cloudfront.net/libraries/arasaac/grandparents.png.varianted-skin.png,#ec4899,,51,https://d18vdu4p71yql0.cloudfront.net/libraries/noun-project/People-32d569b31d.svg,NARBE Words,#ff5ce1,https://d18vdu4p71yql0.cloudfront.net/libraries/noun-project/Book-thin_864_584233.svg
People,11,grandchild,grandchild,,#ec4899,,52,https://d18vdu4p71yql0.cloudfront.net/libraries/noun-project/People-32d569b31d.svg,NARBE Words,#ff5ce1,https://d18vdu4p71yql0.cloudfront.net/libraries/noun-project/Book-thin_864_584233.svg
People,11,grandson,grandson,,#ec4899,,53,https://d18vdu4p71yql0.cloudfront.net/libraries/noun-project/People-32d569b31d.svg,NARBE Words,#ff5ce1,https://d18vdu4p71yql0.cloudfront.net/libraries/noun-project/Book-thin_864_584233.svg
People,11,granddaughter,granddaughter,https://d18vdu4p71yql0.cloudfront.net/libraries/arasaac/granddaughter.png.varianted-skin.png,#ec4899,,54,https://d18vdu4p71yql0.cloudfront.net/libraries/noun-project/People-32d569b31d.svg,NARBE Words,#ff5ce1,https://d18vdu4p71yql0.cloudfront.net/libraries/noun-project/Book-thin_864_584233.svg
People,11,niece,niece,https://d18vdu4p71yql0.cloudfront.net/libraries/arasaac/niece.png.varianted-skin.png,#ec4899,,55,https://d18vdu4p71yql0.cloudfront.net/libraries/noun-project/People-32d569b31d.svg,NARBE Words,#ff5ce1,https://d18vdu4p71yql0.cloudfront.net/libraries/noun-project/Book-thin_864_584233.svg
People,11,nephew,nephew,https://d18vdu4p71yql0.cloudfront.net/libraries/arasaac/nephew.png.varianted-skin.png,#ec4899,,56,https://d18vdu4p71yql0.cloudfront.net/libraries/noun-project/People-32d569b31d.svg,NARBE Words,#ff5ce1,https://d18vdu4p71yql0.cloudfront.net/libraries/noun-project/Book-thin_864_584233.svg
People,11,relative,relative,,#ec4899,,57,https://d18vdu4p71yql0.cloudfront.net/libraries/noun-project/People-32d569b31d.svg,NARBE Words,#ff5ce1,https://d18vdu4p71yql0.cloudfront.net/libraries/noun-project/Book-thin_864_584233.svg
People,11,stepmom,stepmom,,#ec4899,,58,https://d18vdu4p71yql0.cloudfront.net/libraries/noun-project/People-32d569b31d.svg,NARBE Words,#ff5ce1,https://d18vdu4p71yql0.cloudfront.net/libraries/noun-project/Book-thin_864_584233.svg
People,11,stepdad,stepdad,,#ec4899,,59,https://d18vdu4p71yql0.cloudfront.net/libraries/noun-project/People-32d569b31d.svg,NARBE Words,#ff5ce1,https://d18vdu4p71yql0.cloudfront.net/libraries/noun-project/Book-thin_864_584233.svg
People,11,stepbrother,stepbrother,,#ec4899,,60,https://d18vdu4p71yql0.cloudfront.net/libraries/noun-project/People-32d569b31d.svg,NARBE Words,#ff5ce1,https://d18vdu4p71yql0.cloudfront.net/libraries/noun-project/Book-thin_864_584233.svg
People,11,stepsister,stepsister,,#ec4899,,61,https://d18vdu4p71yql0.cloudfront.net/libraries/noun-project/People-32d569b31d.svg,NARBE Words,#ff5ce1,https://d18vdu4p71yql0.cloudfront.net/libraries/noun-project/Book-thin_864_584233.svg
People,11,boyfriend,boyfriend,https://d18vdu4p71yql0.cloudfront.net/libraries/arasaac/boyfriend.png.varianted-skin.png,#ec4899,,62,https://d18vdu4p71yql0.cloudfront.net/libraries/noun-project/People-32d569b31d.svg,NARBE Words,#ff5ce1,https://d18vdu4p71yql0.cloudfront.net/libraries/noun-project/Book-thin_864_584233.svg
People,11,girlfriend,girlfriend,https://d18vdu4p71yql0.cloudfront.net/libraries/arasaac/girlfriend.png.varianted-skin.png,#ec4899,,63,https://d18vdu4p71yql0.cloudfront.net/libraries/noun-project/People-32d569b31d.svg,NARBE Words,#ff5ce1,https://d18vdu4p71yql0.cloudfront.net/libraries/noun-project/Book-thin_864_584233.svg
People,11,roommate,roommate,,#ec4899,,64,https://d18vdu4p71yql0.cloudfront.net/libraries/noun-project/People-32d569b31d.svg,NARBE Words,#ff5ce1,https://d18vdu4p71yql0.cloudfront.net/libraries/noun-project/Book-thin_864_584233.svg
People,11,coworker,coworker,,#ec4899,,65,https://d18vdu4p71yql0.cloudfront.net/libraries/noun-project/People-32d569b31d.svg,NARBE Words,#ff5ce1,https://d18vdu4p71yql0.cloudfront.net/libraries/noun-project/Book-thin_864_584233.svg
People,11,boss,boss,,#ec4899,,66,https://d18vdu4p71yql0.cloudfront.net/libraries/noun-project/People-32d569b31d.svg,NARBE Words,#ff5ce1,https://d18vdu4p71yql0.cloudfront.net/libraries/noun-project/Book-thin_864_584233.svg
People,11,manager,manager,https://d18vdu4p71yql0.cloudfront.net/libraries/arasaac/manager.png,#ec4899,,67,https://d18vdu4p71yql0.cloudfront.net/libraries/noun-project/People-32d569b31d.svg,NARBE Words,#ff5ce1,https://d18vdu4p71yql0.cloudfront.net/libraries/noun-project/Book-thin_864_584233.svg
People,11,employee,employee,https://d18vdu4p71yql0.cloudfront.net/libraries/noun-project/Employee_797_g.svg,#ec4899,,68,https://d18vdu4p71yql0.cloudfront.net/libraries/noun-project/People-32d569b31d.svg,NARBE Words,#ff5ce1,https://d18vdu4p71yql0.cloudfront.net/libraries/noun-project/Book-thin_864_584233.svg
People,11,customer,customer,https://d18vdu4p71yql0.cloudfront.net/libraries/sclera/customer.png,#ec4899,,69,https://d18vdu4p71yql0.cloudfront.net/libraries/noun-project/People-32d569b31d.svg,NARBE Words,#ff5ce1,https://d18vdu4p71yql0.cloudfront.net/libraries/noun-project/Book-thin_864_584233.svg
People,11,cashier,cashier,https://d18vdu4p71yql0.cloudfront.net/libraries/noun-project/Cashier-3ae94e7d27.svg,#ec4899,,70,https://d18vdu4p71yql0.cloudfront.net/libraries/noun-project/People-32d569b31d.svg,NARBE Words,#ff5ce1,https://d18vdu4p71yql0.cloudfront.net/libraries/noun-project/Book-thin_864_584233.svg
People,11,driver,driver,https://d18vdu4p71yql0.cloudfront.net/libraries/arasaac/driver.png.varianted-skin.png,#ec4899,,71,https://d18vdu4p71yql0.cloudfront.net/libraries/noun-project/People-32d569b31d.svg,NARBE Words,#ff5ce1,https://d18vdu4p71yql0.cloudfront.net/libraries/noun-project/Book-thin_864_584233.svg
People,11,passenger,passenger,https://d18vdu4p71yql0.cloudfront.net/libraries/arasaac/passenger.png,#ec4899,,72,https://d18vdu4p71yql0.cloudfront.net/libraries/noun-project/People-32d569b31d.svg,NARBE Words,#ff5ce1,https://d18vdu4p71yql0.cloudfront.net/libraries/noun-project/Book-thin_864_584233.svg
People,11,coach,coach,https://d18vdu4p71yql0.cloudfront.net/libraries/mulberry/coach.svg,#ec4899,,73,https://d18vdu4p71yql0.cloudfront.net/libraries/noun-project/People-32d569b31d.svg,NARBE Words,#ff5ce1,https://d18vdu4p71yql0.cloudfront.net/libraries/noun-project/Book-thin_864_584233.svg
People,11,student,student,https://d18vdu4p71yql0.cloudfront.net/libraries/arasaac/student.png.varianted-skin.png,#ec4899,,74,https://d18vdu4p71yql0.cloudfront.net/libraries/noun-project/People-32d569b31d.svg,NARBE Words,#ff5ce1,https://d18vdu4p71yql0.cloudfront.net/libraries/noun-project/Book-thin_864_584233.svg
People,11,principal,principal,https://d18vdu4p71yql0.cloudfront.net/libraries/arasaac/principal.png.varianted-skin.png,#ec4899,,75,https://d18vdu4p71yql0.cloudfront.net/libraries/noun-project/People-32d569b31d.svg,NARBE Words,#ff5ce1,https://d18vdu4p71yql0.cloudfront.net/libraries/noun-project/Book-thin_864_584233.svg
People,11,librarian,librarian,https://d18vdu4p71yql0.cloudfront.net/libraries/arasaac/librarian.png,#ec4899,,76,https://d18vdu4p71yql0.cloudfront.net/libraries/noun-project/People-32d569b31d.svg,NARBE Words,#ff5ce1,https://d18vdu4p71yql0.cloudfront.net/libraries/noun-project/Book-thin_864_584233.svg
People,11,receptionist,receptionist,https://d18vdu4p71yql0.cloudfront.net/libraries/arasaac/receptionist.png.varianted-skin.png,#ec4899,,77,https://d18vdu4p71yql0.cloudfront.net/libraries/noun-project/People-32d569b31d.svg,NARBE Words,#ff5ce1,https://d18vdu4p71yql0.cloudfront.net/libraries/noun-project/Book-thin_864_584233.svg
People,11,social worker,social worker,https://d18vdu4p71yql0.cloudfront.net/libraries/arasaac/social worker.png.varianted-skin.png,#ec4899,,78,https://d18vdu4p71yql0.cloudfront.net/libraries/noun-project/People-32d569b31d.svg,NARBE Words,#ff5ce1,https://d18vdu4p71yql0.cloudfront.net/libraries/noun-project/Book-thin_864_584233.svg
People,11,support worker,support worker,,#ec4899,,79,https://d18vdu4p71yql0.cloudfront.net/libraries/noun-project/People-32d569b31d.svg,NARBE Words,#ff5ce1,https://d18vdu4p71yql0.cloudfront.net/libraries/noun-project/Book-thin_864_584233.svg
People,11,personal assistant,personal assistant,,#ec4899,,80,https://d18vdu4p71yql0.cloudfront.net/libraries/noun-project/People-32d569b31d.svg,NARBE Words,#ff5ce1,https://d18vdu4p71yql0.cloudfront.net/libraries/noun-project/Book-thin_864_584233.svg
People,11,audiologist,audiologist,https://d18vdu4p71yql0.cloudfront.net/libraries/sclera/audiologist.png,#ec4899,,81,https://d18vdu4p71yql0.cloudfront.net/libraries/noun-project/People-32d569b31d.svg,NARBE Words,#ff5ce1,https://d18vdu4p71yql0.cloudfront.net/libraries/noun-project/Book-thin_864_584233.svg
People,11,optometrist,optometrist,https://d18vdu4p71yql0.cloudfront.net/libraries/arasaac/optometrist.png.varianted-skin.png,#ec4899,,82,https://d18vdu4p71yql0.cloudfront.net/libraries/noun-project/People-32d569b31d.svg,NARBE Words,#ff5ce1,https://d18vdu4p71yql0.cloudfront.net/libraries/noun-project/Book-thin_864_584233.svg
People,11,physiotherapist,physiotherapist,https://d18vdu4p71yql0.cloudfront.net/libraries/arasaac/physiotherapist.png.varianted-skin.png,#ec4899,,83,https://d18vdu4p71yql0.cloudfront.net/libraries/noun-project/People-32d569b31d.svg,NARBE Words,#ff5ce1,https://d18vdu4p71yql0.cloudfront.net/libraries/noun-project/Book-thin_864_584233.svg
People,11,occupational therapist,occupational therapist,https://d18vdu4p71yql0.cloudfront.net/libraries/arasaac/occupational therapist.png.varianted-skin.png,#ec4899,,84,https://d18vdu4p71yql0.cloudfront.net/libraries/noun-project/People-32d569b31d.svg,NARBE Words,#ff5ce1,https://d18vdu4p71yql0.cloudfront.net/libraries/noun-project/Book-thin_864_584233.svg
People,11,speech therapist,speech therapist,https://d18vdu4p71yql0.cloudfront.net/libraries/arasaac/speech therapist.png.varianted-skin.png,#ec4899,,85,https://d18vdu4p71yql0.cloudfront.net/libraries/noun-project/People-32d569b31d.svg,NARBE Words,#ff5ce1,https://d18vdu4p71yql0.cloudfront.net/libraries/noun-project/Book-thin_864_584233.svg
People,11,surgeon,surgeon,https://d18vdu4p71yql0.cloudfront.net/libraries/arasaac/surgeon.png.varianted-skin.png,#ec4899,,86,https://d18vdu4p71yql0.cloudfront.net/libraries/noun-project/People-32d569b31d.svg,NARBE Words,#ff5ce1,https://d18vdu4p71yql0.cloudfront.net/libraries/noun-project/Book-thin_864_584233.svg
People,11,paramedic,paramedic,,#ec4899,,87,https://d18vdu4p71yql0.cloudfront.net/libraries/noun-project/People-32d569b31d.svg,NARBE Words,#ff5ce1,https://d18vdu4p71yql0.cloudfront.net/libraries/noun-project/Book-thin_864_584233.svg
People,11,police officer,police officer,https://d18vdu4p71yql0.cloudfront.net/libraries/twemoji/1f46e-varxxxUNI.svg,#ec4899,,88,https://d18vdu4p71yql0.cloudfront.net/libraries/noun-project/People-32d569b31d.svg,NARBE Words,#ff5ce1,https://d18vdu4p71yql0.cloudfront.net/libraries/noun-project/Book-thin_864_584233.svg
People,11,firefighter,firefighter,https://d18vdu4p71yql0.cloudfront.net/libraries/arasaac/firefighter.png.varianted-skin.png,#ec4899,,89,https://d18vdu4p71yql0.cloudfront.net/libraries/noun-project/People-32d569b31d.svg,NARBE Words,#ff5ce1,https://d18vdu4p71yql0.cloudfront.net/libraries/noun-project/Book-thin_864_584233.svg
People,11,veterinarian,veterinarian,https://d18vdu4p71yql0.cloudfront.net/libraries/arasaac/veterinarian .png.varianted-skin.png,#ec4899,,90,https://d18vdu4p71yql0.cloudfront.net/libraries/noun-project/People-32d569b31d.svg,NARBE Words,#ff5ce1,https://d18vdu4p71yql0.cloudfront.net/libraries/noun-project/Book-thin_864_584233.svg
People,11,hairdresser,hairdresser,https://d18vdu4p71yql0.cloudfront.net/libraries/arasaac/hairdresser.png.varianted-skin.png,#ec4899,,91,https://d18vdu4p71yql0.cloudfront.net/libraries/noun-project/People-32d569b31d.svg,NARBE Words,#ff5ce1,https://d18vdu4p71yql0.cloudfront.net/libraries/noun-project/Book-thin_864_584233.svg
People,11,barber,barber,https://d18vdu4p71yql0.cloudfront.net/libraries/arasaac/barber.png.varianted-skin.png,#ec4899,,92,https://d18vdu4p71yql0.cloudfront.net/libraries/noun-project/People-32d569b31d.svg,NARBE Words,#ff5ce1,https://d18vdu4p71yql0.cloudfront.net/libraries/noun-project/Book-thin_864_584233.svg
People,11,mechanic,mechanic,https://d18vdu4p71yql0.cloudfront.net/libraries/arasaac/mechanic.png.varianted-skin.png,#ec4899,,93,https://d18vdu4p71yql0.cloudfront.net/libraries/noun-project/People-32d569b31d.svg,NARBE Words,#ff5ce1,https://d18vdu4p71yql0.cloudfront.net/libraries/noun-project/Book-thin_864_584233.svg
People,11,plumber,plumber,https://d18vdu4p71yql0.cloudfront.net/libraries/arasaac/plumber.png.varianted-skin.png,#ec4899,,94,https://d18vdu4p71yql0.cloudfront.net/libraries/noun-project/People-32d569b31d.svg,NARBE Words,#ff5ce1,https://d18vdu4p71yql0.cloudfront.net/libraries/noun-project/Book-thin_864_584233.svg
People,11,electrician,electrician,https://d18vdu4p71yql0.cloudfront.net/libraries/arasaac/electrician.png.varianted-skin.png,#ec4899,,95,https://d18vdu4p71yql0.cloudfront.net/libraries/noun-project/People-32d569b31d.svg,NARBE Words,#ff5ce1,https://d18vdu4p71yql0.cloudfront.net/libraries/noun-project/Book-thin_864_584233.svg
People,11,chef,chef,https://d18vdu4p71yql0.cloudfront.net/libraries/arasaac/chef.png.varianted-skin.png,#ec4899,,96,https://d18vdu4p71yql0.cloudfront.net/libraries/noun-project/People-32d569b31d.svg,NARBE Words,#ff5ce1,https://d18vdu4p71yql0.cloudfront.net/libraries/noun-project/Book-thin_864_584233.svg
People,11,server,server,,#ec4899,,97,https://d18vdu4p71yql0.cloudfront.net/libraries/noun-project/People-32d569b31d.svg,NARBE Words,#ff5ce1,https://d18vdu4p71yql0.cloudfront.net/libraries/noun-project/Book-thin_864_584233.svg
People,11,artist,artist,https://d18vdu4p71yql0.cloudfront.net/libraries/arasaac/artist.png.varianted-skin.png,#ec4899,,98,https://d18vdu4p71yql0.cloudfront.net/libraries/noun-project/People-32d569b31d.svg,NARBE Words,#ff5ce1,https://d18vdu4p71yql0.cloudfront.net/libraries/noun-project/Book-thin_864_584233.svg
People,11,musician,musician,https://d18vdu4p71yql0.cloudfront.net/libraries/arasaac/musician.png.varianted-skin.png,#ec4899,,99,https://d18vdu4p71yql0.cloudfront.net/libraries/noun-project/People-32d569b31d.svg,NARBE Words,#ff5ce1,https://d18vdu4p71yql0.cloudfront.net/libraries/noun-project/Book-thin_864_584233.svg
People,11,volunteer,volunteer,https://d18vdu4p71yql0.cloudfront.net/libraries/noun-project/Volunteer-ef9a6d6466.svg,#ec4899,,100,https://d18vdu4p71yql0.cloudfront.net/libraries/noun-project/People-32d569b31d.svg,NARBE Words,#ff5ce1,https://d18vdu4p71yql0.cloudfront.net/libraries/noun-project/Book-thin_864_584233.svg
People,11,interpreter,interpreter,https://d18vdu4p71yql0.cloudfront.net/libraries/arasaac/interpreter.png.varianted-skin.png,#ec4899,,101,https://d18vdu4p71yql0.cloudfront.net/libraries/noun-project/People-32d569b31d.svg,NARBE Words,#ff5ce1,https://d18vdu4p71yql0.cloudfront.net/libraries/noun-project/Book-thin_864_584233.svg
Body,12,head,head,https://d18vdu4p71yql0.cloudfront.net/libraries/arasaac/head.png.varianted-skin.png,#94a3b8,,1,https://d18vdu4p71yql0.cloudfront.net/libraries/arasaac/body.png.varianted-skin.png,NARBE Words,#ff5ce1,https://d18vdu4p71yql0.cloudfront.net/libraries/noun-project/Book-thin_864_584233.svg
Body,12,face,face,https://d18vdu4p71yql0.cloudfront.net/libraries/arasaac/face.png.varianted-skin.png,#94a3b8,,2,https://d18vdu4p71yql0.cloudfront.net/libraries/arasaac/body.png.varianted-skin.png,NARBE Words,#ff5ce1,https://d18vdu4p71yql0.cloudfront.net/libraries/noun-project/Book-thin_864_584233.svg
Body,12,eye,eye,https://d18vdu4p71yql0.cloudfront.net/libraries/arasaac/eye.png.varianted-skin.png,#94a3b8,,3,https://d18vdu4p71yql0.cloudfront.net/libraries/arasaac/body.png.varianted-skin.png,NARBE Words,#ff5ce1,https://d18vdu4p71yql0.cloudfront.net/libraries/noun-project/Book-thin_864_584233.svg
Body,12,ear,ear,https://d18vdu4p71yql0.cloudfront.net/libraries/arasaac/ear.png.varianted-skin.png,#94a3b8,,4,https://d18vdu4p71yql0.cloudfront.net/libraries/arasaac/body.png.varianted-skin.png,NARBE Words,#ff5ce1,https://d18vdu4p71yql0.cloudfront.net/libraries/noun-project/Book-thin_864_584233.svg
Body,12,nose,nose,https://d18vdu4p71yql0.cloudfront.net/libraries/arasaac/nose.png.varianted-skin.png,#94a3b8,,5,https://d18vdu4p71yql0.cloudfront.net/libraries/arasaac/body.png.varianted-skin.png,NARBE Words,#ff5ce1,https://d18vdu4p71yql0.cloudfront.net/libraries/noun-project/Book-thin_864_584233.svg
Body,12,mouth,mouth,https://d18vdu4p71yql0.cloudfront.net/libraries/arasaac/mouth.png,#94a3b8,,6,https://d18vdu4p71yql0.cloudfront.net/libraries/arasaac/body.png.varianted-skin.png,NARBE Words,#ff5ce1,https://d18vdu4p71yql0.cloudfront.net/libraries/noun-project/Book-thin_864_584233.svg
Body,12,tongue,tongue,https://d18vdu4p71yql0.cloudfront.net/libraries/arasaac/tongue.png,#94a3b8,,7,https://d18vdu4p71yql0.cloudfront.net/libraries/arasaac/body.png.varianted-skin.png,NARBE Words,#ff5ce1,https://d18vdu4p71yql0.cloudfront.net/libraries/noun-project/Book-thin_864_584233.svg
Body,12,tooth,tooth,https://d18vdu4p71yql0.cloudfront.net/libraries/noun-project/Tooth-e4cb7a2930.svg,#94a3b8,,8,https://d18vdu4p71yql0.cloudfront.net/libraries/arasaac/body.png.varianted-skin.png,NARBE Words,#ff5ce1,https://d18vdu4p71yql0.cloudfront.net/libraries/noun-project/Book-thin_864_584233.svg
Body,12,neck,neck,https://d18vdu4p71yql0.cloudfront.net/libraries/arasaac/neck.png.varianted-skin.png,#94a3b8,,9,https://d18vdu4p71yql0.cloudfront.net/libraries/arasaac/body.png.varianted-skin.png,NARBE Words,#ff5ce1,https://d18vdu4p71yql0.cloudfront.net/libraries/noun-project/Book-thin_864_584233.svg
Body,12,shoulder,shoulder,https://d18vdu4p71yql0.cloudfront.net/libraries/arasaac/shoulder.png.varianted-skin.png,#94a3b8,,10,https://d18vdu4p71yql0.cloudfront.net/libraries/arasaac/body.png.varianted-skin.png,NARBE Words,#ff5ce1,https://d18vdu4p71yql0.cloudfront.net/libraries/noun-project/Book-thin_864_584233.svg
Body,12,arm,arm,https://d18vdu4p71yql0.cloudfront.net/libraries/arasaac/arm.png.varianted-skin.png,#94a3b8,,11,https://d18vdu4p71yql0.cloudfront.net/libraries/arasaac/body.png.varianted-skin.png,NARBE Words,#ff5ce1,https://d18vdu4p71yql0.cloudfront.net/libraries/noun-project/Book-thin_864_584233.svg
Body,12,hand,hand,https://d18vdu4p71yql0.cloudfront.net/libraries/arasaac/hand.png.varianted-skin.png,#94a3b8,,12,https://d18vdu4p71yql0.cloudfront.net/libraries/arasaac/body.png.varianted-skin.png,NARBE Words,#ff5ce1,https://d18vdu4p71yql0.cloudfront.net/libraries/noun-project/Book-thin_864_584233.svg
Body,12,finger,finger,https://d18vdu4p71yql0.cloudfront.net/libraries/arasaac/finger.png.varianted-skin.png,#94a3b8,,13,https://d18vdu4p71yql0.cloudfront.net/libraries/arasaac/body.png.varianted-skin.png,NARBE Words,#ff5ce1,https://d18vdu4p71yql0.cloudfront.net/libraries/noun-project/Book-thin_864_584233.svg
Body,12,chest,chest,https://d18vdu4p71yql0.cloudfront.net/libraries/arasaac/chest.png.varianted-skin.png,#94a3b8,,14,https://d18vdu4p71yql0.cloudfront.net/libraries/arasaac/body.png.varianted-skin.png,NARBE Words,#ff5ce1,https://d18vdu4p71yql0.cloudfront.net/libraries/noun-project/Book-thin_864_584233.svg
Body,12,back,back,https://d18vdu4p71yql0.cloudfront.net/libraries/arasaac/back.png.varianted-skin.png,#94a3b8,,15,https://d18vdu4p71yql0.cloudfront.net/libraries/arasaac/body.png.varianted-skin.png,NARBE Words,#ff5ce1,https://d18vdu4p71yql0.cloudfront.net/libraries/noun-project/Book-thin_864_584233.svg
Body,12,stomach,stomach,https://d18vdu4p71yql0.cloudfront.net/libraries/arasaac/stomach.png,#94a3b8,,16,https://d18vdu4p71yql0.cloudfront.net/libraries/arasaac/body.png.varianted-skin.png,NARBE Words,#ff5ce1,https://d18vdu4p71yql0.cloudfront.net/libraries/noun-project/Book-thin_864_584233.svg
Body,12,hip,hip,https://d18vdu4p71yql0.cloudfront.net/libraries/arasaac/hip.png.varianted-skin.png,#94a3b8,,17,https://d18vdu4p71yql0.cloudfront.net/libraries/arasaac/body.png.varianted-skin.png,NARBE Words,#ff5ce1,https://d18vdu4p71yql0.cloudfront.net/libraries/noun-project/Book-thin_864_584233.svg
Body,12,leg,leg,https://d18vdu4p71yql0.cloudfront.net/libraries/mulberry/leg.svg.varianted-skin.svg,#94a3b8,,18,https://d18vdu4p71yql0.cloudfront.net/libraries/arasaac/body.png.varianted-skin.png,NARBE Words,#ff5ce1,https://d18vdu4p71yql0.cloudfront.net/libraries/noun-project/Book-thin_864_584233.svg
Body,12,knee,knee,https://d18vdu4p71yql0.cloudfront.net/libraries/arasaac/knee.png,#94a3b8,,19,https://d18vdu4p71yql0.cloudfront.net/libraries/arasaac/body.png.varianted-skin.png,NARBE Words,#ff5ce1,https://d18vdu4p71yql0.cloudfront.net/libraries/noun-project/Book-thin_864_584233.svg
Body,12,foot,foot,https://d18vdu4p71yql0.cloudfront.net/libraries/arasaac/feet_2.png.varianted-skin.png,#94a3b8,,20,https://d18vdu4p71yql0.cloudfront.net/libraries/arasaac/body.png.varianted-skin.png,NARBE Words,#ff5ce1,https://d18vdu4p71yql0.cloudfront.net/libraries/noun-project/Book-thin_864_584233.svg
Body,12,toe,toe,https://d18vdu4p71yql0.cloudfront.net/libraries/arasaac/toe.png,#94a3b8,,21,https://d18vdu4p71yql0.cloudfront.net/libraries/arasaac/body.png.varianted-skin.png,NARBE Words,#ff5ce1,https://d18vdu4p71yql0.cloudfront.net/libraries/noun-project/Book-thin_864_584233.svg
Body,12,heart,heart,https://d18vdu4p71yql0.cloudfront.net/libraries/noun-project/Heart_152_340293.svg,#94a3b8,,22,https://d18vdu4p71yql0.cloudfront.net/libraries/arasaac/body.png.varianted-skin.png,NARBE Words,#ff5ce1,https://d18vdu4p71yql0.cloudfront.net/libraries/noun-project/Book-thin_864_584233.svg
Body,12,lung,lung,https://d18vdu4p71yql0.cloudfront.net/libraries/arasaac/lung.png,#94a3b8,,23,https://d18vdu4p71yql0.cloudfront.net/libraries/arasaac/body.png.varianted-skin.png,NARBE Words,#ff5ce1,https://d18vdu4p71yql0.cloudfront.net/libraries/noun-project/Book-thin_864_584233.svg
Body,12,skin,skin,https://d18vdu4p71yql0.cloudfront.net/libraries/arasaac/skin.png.varianted-skin.png,#94a3b8,,24,https://d18vdu4p71yql0.cloudfront.net/libraries/arasaac/body.png.varianted-skin.png,NARBE Words,#ff5ce1,https://d18vdu4p71yql0.cloudfront.net/libraries/noun-project/Book-thin_864_584233.svg
Body,12,hair,hair,https://d18vdu4p71yql0.cloudfront.net/libraries/arasaac/hair.png,#94a3b8,,25,https://d18vdu4p71yql0.cloudfront.net/libraries/arasaac/body.png.varianted-skin.png,NARBE Words,#ff5ce1,https://d18vdu4p71yql0.cloudfront.net/libraries/noun-project/Book-thin_864_584233.svg
Body,12,teeth,teeth,https://d18vdu4p71yql0.cloudfront.net/libraries/arasaac/teeth.png,#94a3b8,,26,https://d18vdu4p71yql0.cloudfront.net/libraries/arasaac/body.png.varianted-skin.png,NARBE Words,#ff5ce1,https://d18vdu4p71yql0.cloudfront.net/libraries/noun-project/Book-thin_864_584233.svg
Body,12,lips,lips,https://d18vdu4p71yql0.cloudfront.net/libraries/arasaac/lips.png,#94a3b8,,27,https://d18vdu4p71yql0.cloudfront.net/libraries/arasaac/body.png.varianted-skin.png,NARBE Words,#ff5ce1,https://d18vdu4p71yql0.cloudfront.net/libraries/noun-project/Book-thin_864_584233.svg
Body,12,chin,chin,https://d18vdu4p71yql0.cloudfront.net/libraries/arasaac/chin.png.varianted-skin.png,#94a3b8,,28,https://d18vdu4p71yql0.cloudfront.net/libraries/arasaac/body.png.varianted-skin.png,NARBE Words,#ff5ce1,https://d18vdu4p71yql0.cloudfront.net/libraries/noun-project/Book-thin_864_584233.svg
Body,12,cheek,cheek,https://d18vdu4p71yql0.cloudfront.net/libraries/arasaac/cheek.png.varianted-skin.png,#94a3b8,,29,https://d18vdu4p71yql0.cloudfront.net/libraries/arasaac/body.png.varianted-skin.png,NARBE Words,#ff5ce1,https://d18vdu4p71yql0.cloudfront.net/libraries/noun-project/Book-thin_864_584233.svg
Body,12,eyebrow,eyebrow,https://d18vdu4p71yql0.cloudfront.net/libraries/arasaac/eyebrow.png,#94a3b8,,30,https://d18vdu4p71yql0.cloudfront.net/libraries/arasaac/body.png.varianted-skin.png,NARBE Words,#ff5ce1,https://d18vdu4p71yql0.cloudfront.net/libraries/noun-project/Book-thin_864_584233.svg
Body,12,forehead,forehead,https://d18vdu4p71yql0.cloudfront.net/libraries/arasaac/forehead.png.varianted-skin.png,#94a3b8,,31,https://d18vdu4p71yql0.cloudfront.net/libraries/arasaac/body.png.varianted-skin.png,NARBE Words,#ff5ce1,https://d18vdu4p71yql0.cloudfront.net/libraries/noun-project/Book-thin_864_584233.svg
Body,12,wrist,wrist,https://d18vdu4p71yql0.cloudfront.net/libraries/arasaac/wrist.png.varianted-skin.png,#94a3b8,,32,https://d18vdu4p71yql0.cloudfront.net/libraries/arasaac/body.png.varianted-skin.png,NARBE Words,#ff5ce1,https://d18vdu4p71yql0.cloudfront.net/libraries/noun-project/Book-thin_864_584233.svg
Body,12,elbow,elbow,https://d18vdu4p71yql0.cloudfront.net/libraries/arasaac/elbow.png.varianted-skin.png,#94a3b8,,33,https://d18vdu4p71yql0.cloudfront.net/libraries/arasaac/body.png.varianted-skin.png,NARBE Words,#ff5ce1,https://d18vdu4p71yql0.cloudfront.net/libraries/noun-project/Book-thin_864_584233.svg
Body,12,thumb,thumb,https://d18vdu4p71yql0.cloudfront.net/libraries/mulberry/thumb.svg.varianted-skin.svg,#94a3b8,,34,https://d18vdu4p71yql0.cloudfront.net/libraries/arasaac/body.png.varianted-skin.png,NARBE Words,#ff5ce1,https://d18vdu4p71yql0.cloudfront.net/libraries/noun-project/Book-thin_864_584233.svg
Body,12,palm,palm,https://d18vdu4p71yql0.cloudfront.net/libraries/mulberry/palm.svg,#94a3b8,,35,https://d18vdu4p71yql0.cloudfront.net/libraries/arasaac/body.png.varianted-skin.png,NARBE Words,#ff5ce1,https://d18vdu4p71yql0.cloudfront.net/libraries/noun-project/Book-thin_864_584233.svg
Body,12,waist,waist,https://d18vdu4p71yql0.cloudfront.net/libraries/arasaac/hands to your waist.png.varianted-skin.png,#94a3b8,,36,https://d18vdu4p71yql0.cloudfront.net/libraries/arasaac/body.png.varianted-skin.png,NARBE Words,#ff5ce1,https://d18vdu4p71yql0.cloudfront.net/libraries/noun-project/Book-thin_864_584233.svg
Body,12,ankle,ankle,https://d18vdu4p71yql0.cloudfront.net/libraries/arasaac/ankle.png.varianted-skin.png,#94a3b8,,37,https://d18vdu4p71yql0.cloudfront.net/libraries/arasaac/body.png.varianted-skin.png,NARBE Words,#ff5ce1,https://d18vdu4p71yql0.cloudfront.net/libraries/noun-project/Book-thin_864_584233.svg
Body,12,heel,heel,https://d18vdu4p71yql0.cloudfront.net/libraries/arasaac/heel.png.varianted-skin.png,#94a3b8,,38,https://d18vdu4p71yql0.cloudfront.net/libraries/arasaac/body.png.varianted-skin.png,NARBE Words,#ff5ce1,https://d18vdu4p71yql0.cloudfront.net/libraries/noun-project/Book-thin_864_584233.svg
Body,12,muscle,muscle,https://d18vdu4p71yql0.cloudfront.net/libraries/arasaac/muscle.png.varianted-skin.png,#94a3b8,,39,https://d18vdu4p71yql0.cloudfront.net/libraries/arasaac/body.png.varianted-skin.png,NARBE Words,#ff5ce1,https://d18vdu4p71yql0.cloudfront.net/libraries/noun-project/Book-thin_864_584233.svg
Body,12,bone,bone,https://d18vdu4p71yql0.cloudfront.net/libraries/mulberry/bone.svg,#94a3b8,,40,https://d18vdu4p71yql0.cloudfront.net/libraries/arasaac/body.png.varianted-skin.png,NARBE Words,#ff5ce1,https://d18vdu4p71yql0.cloudfront.net/libraries/noun-project/Book-thin_864_584233.svg
Body,12,throat,throat,https://d18vdu4p71yql0.cloudfront.net/libraries/arasaac/throat.png,#94a3b8,,41,https://d18vdu4p71yql0.cloudfront.net/libraries/arasaac/body.png.varianted-skin.png,NARBE Words,#ff5ce1,https://d18vdu4p71yql0.cloudfront.net/libraries/noun-project/Book-thin_864_584233.svg
Body,12,bottom,bottom,https://d18vdu4p71yql0.cloudfront.net/libraries/mulberry/bottom.svg,#94a3b8,,42,https://d18vdu4p71yql0.cloudfront.net/libraries/arasaac/body.png.varianted-skin.png,NARBE Words,#ff5ce1,https://d18vdu4p71yql0.cloudfront.net/libraries/noun-project/Book-thin_864_584233.svg
Body,12,buttocks,buttocks,https://d18vdu4p71yql0.cloudfront.net/libraries/sclera/buttocks.png,#94a3b8,,43,https://d18vdu4p71yql0.cloudfront.net/libraries/arasaac/body.png.varianted-skin.png,NARBE Words,#ff5ce1,https://d18vdu4p71yql0.cloudfront.net/libraries/noun-project/Book-thin_864_584233.svg
Body,12,eyes,eyes,https://d18vdu4p71yql0.cloudfront.net/libraries/arasaac/eyes.png.varianted-skin.png,#94a3b8,,44,https://d18vdu4p71yql0.cloudfront.net/libraries/arasaac/body.png.varianted-skin.png,NARBE Words,#ff5ce1,https://d18vdu4p71yql0.cloudfront.net/libraries/noun-project/Book-thin_864_584233.svg
Body,12,ears,ears,https://d18vdu4p71yql0.cloudfront.net/libraries/sclera/ears.png,#94a3b8,,45,https://d18vdu4p71yql0.cloudfront.net/libraries/arasaac/body.png.varianted-skin.png,NARBE Words,#ff5ce1,https://d18vdu4p71yql0.cloudfront.net/libraries/noun-project/Book-thin_864_584233.svg
Body,12,hands,hands,https://d18vdu4p71yql0.cloudfront.net/libraries/arasaac/hands.png.varianted-skin.png,#94a3b8,,46,https://d18vdu4p71yql0.cloudfront.net/libraries/arasaac/body.png.varianted-skin.png,NARBE Words,#ff5ce1,https://d18vdu4p71yql0.cloudfront.net/libraries/noun-project/Book-thin_864_584233.svg
Body,12,feet,feet,https://d18vdu4p71yql0.cloudfront.net/libraries/arasaac/feet.png.varianted-skin.png,#94a3b8,,47,https://d18vdu4p71yql0.cloudfront.net/libraries/arasaac/body.png.varianted-skin.png,NARBE Words,#ff5ce1,https://d18vdu4p71yql0.cloudfront.net/libraries/noun-project/Book-thin_864_584233.svg
Body,12,fingers,fingers,https://d18vdu4p71yql0.cloudfront.net/libraries/arasaac/fingers.png,#94a3b8,,48,https://d18vdu4p71yql0.cloudfront.net/libraries/arasaac/body.png.varianted-skin.png,NARBE Words,#ff5ce1,https://d18vdu4p71yql0.cloudfront.net/libraries/noun-project/Book-thin_864_584233.svg
Body,12,toes,toes,,#94a3b8,,49,https://d18vdu4p71yql0.cloudfront.net/libraries/arasaac/body.png.varianted-skin.png,NARBE Words,#ff5ce1,https://d18vdu4p71yql0.cloudfront.net/libraries/noun-project/Book-thin_864_584233.svg
Body,12,arms,arms,https://d18vdu4p71yql0.cloudfront.net/libraries/arasaac/arms.png.varianted-skin.png,#94a3b8,,50,https://d18vdu4p71yql0.cloudfront.net/libraries/arasaac/body.png.varianted-skin.png,NARBE Words,#ff5ce1,https://d18vdu4p71yql0.cloudfront.net/libraries/noun-project/Book-thin_864_584233.svg
Body,12,legs,legs,https://d18vdu4p71yql0.cloudfront.net/libraries/arasaac/legs.png,#94a3b8,,51,https://d18vdu4p71yql0.cloudfront.net/libraries/arasaac/body.png.varianted-skin.png,NARBE Words,#ff5ce1,https://d18vdu4p71yql0.cloudfront.net/libraries/noun-project/Book-thin_864_584233.svg
Body,12,knees,knees,,#94a3b8,,52,https://d18vdu4p71yql0.cloudfront.net/libraries/arasaac/body.png.varianted-skin.png,NARBE Words,#ff5ce1,https://d18vdu4p71yql0.cloudfront.net/libraries/noun-project/Book-thin_864_584233.svg
Body,12,shoulders,shoulders,,#94a3b8,,53,https://d18vdu4p71yql0.cloudfront.net/libraries/arasaac/body.png.varianted-skin.png,NARBE Words,#ff5ce1,https://d18vdu4p71yql0.cloudfront.net/libraries/noun-project/Book-thin_864_584233.svg
Body,12,lungs,lungs,https://d18vdu4p71yql0.cloudfront.net/libraries/arasaac/lungs.png,#94a3b8,,54,https://d18vdu4p71yql0.cloudfront.net/libraries/arasaac/body.png.varianted-skin.png,NARBE Words,#ff5ce1,https://d18vdu4p71yql0.cloudfront.net/libraries/noun-project/Book-thin_864_584233.svg
Body,12,nostril,nostril,https://d18vdu4p71yql0.cloudfront.net/libraries/mulberry/nostril.svg.varianted-skin.svg,#94a3b8,,55,https://d18vdu4p71yql0.cloudfront.net/libraries/arasaac/body.png.varianted-skin.png,NARBE Words,#ff5ce1,https://d18vdu4p71yql0.cloudfront.net/libraries/noun-project/Book-thin_864_584233.svg
Body,12,eyelash,eyelash,https://d18vdu4p71yql0.cloudfront.net/libraries/arasaac/eyelash.png,#94a3b8,,56,https://d18vdu4p71yql0.cloudfront.net/libraries/arasaac/body.png.varianted-skin.png,NARBE Words,#ff5ce1,https://d18vdu4p71yql0.cloudfront.net/libraries/noun-project/Book-thin_864_584233.svg
Body,12,jaw,jaw,,#94a3b8,,57,https://d18vdu4p71yql0.cloudfront.net/libraries/arasaac/body.png.varianted-skin.png,NARBE Words,#ff5ce1,https://d18vdu4p71yql0.cloudfront.net/libraries/noun-project/Book-thin_864_584233.svg
Body,12,gums,gums,,#94a3b8,,58,https://d18vdu4p71yql0.cloudfront.net/libraries/arasaac/body.png.varianted-skin.png,NARBE Words,#ff5ce1,https://d18vdu4p71yql0.cloudfront.net/libraries/noun-project/Book-thin_864_584233.svg
Body,12,saliva,saliva,https://d18vdu4p71yql0.cloudfront.net/libraries/arasaac/saliva.png,#94a3b8,,59,https://d18vdu4p71yql0.cloudfront.net/libraries/arasaac/body.png.varianted-skin.png,NARBE Words,#ff5ce1,https://d18vdu4p71yql0.cloudfront.net/libraries/noun-project/Book-thin_864_584233.svg
Body,12,beard,beard,https://d18vdu4p71yql0.cloudfront.net/libraries/arasaac/beard.png,#94a3b8,,60,https://d18vdu4p71yql0.cloudfront.net/libraries/arasaac/body.png.varianted-skin.png,NARBE Words,#ff5ce1,https://d18vdu4p71yql0.cloudfront.net/libraries/noun-project/Book-thin_864_584233.svg
Body,12,mustache,mustache,https://d18vdu4p71yql0.cloudfront.net/libraries/noun-project/Mustache-32a30709b7.svg,#94a3b8,,61,https://d18vdu4p71yql0.cloudfront.net/libraries/arasaac/body.png.varianted-skin.png,NARBE Words,#ff5ce1,https://d18vdu4p71yql0.cloudfront.net/libraries/noun-project/Book-thin_864_584233.svg
Body,12,scalp,scalp,,#94a3b8,,62,https://d18vdu4p71yql0.cloudfront.net/libraries/arasaac/body.png.varianted-skin.png,NARBE Words,#ff5ce1,https://d18vdu4p71yql0.cloudfront.net/libraries/noun-project/Book-thin_864_584233.svg
Body,12,brain,brain,https://d18vdu4p71yql0.cloudfront.net/libraries/arasaac/brain.png,#94a3b8,,63,https://d18vdu4p71yql0.cloudfront.net/libraries/arasaac/body.png.varianted-skin.png,NARBE Words,#ff5ce1,https://d18vdu4p71yql0.cloudfront.net/libraries/noun-project/Book-thin_864_584233.svg
Body,12,forearm,forearm,https://d18vdu4p71yql0.cloudfront.net/libraries/mulberry/forearm.svg.varianted-skin.svg,#94a3b8,,64,https://d18vdu4p71yql0.cloudfront.net/libraries/arasaac/body.png.varianted-skin.png,NARBE Words,#ff5ce1,https://d18vdu4p71yql0.cloudfront.net/libraries/noun-project/Book-thin_864_584233.svg
Body,12,armpit,armpit,https://d18vdu4p71yql0.cloudfront.net/libraries/arasaac/armpit.png.varianted-skin.png,#94a3b8,,65,https://d18vdu4p71yql0.cloudfront.net/libraries/arasaac/body.png.varianted-skin.png,NARBE Words,#ff5ce1,https://d18vdu4p71yql0.cloudfront.net/libraries/noun-project/Book-thin_864_584233.svg
Body,12,rib,rib,https://d18vdu4p71yql0.cloudfront.net/libraries/arasaac/rib.png,#94a3b8,,66,https://d18vdu4p71yql0.cloudfront.net/libraries/arasaac/body.png.varianted-skin.png,NARBE Words,#ff5ce1,https://d18vdu4p71yql0.cloudfront.net/libraries/noun-project/Book-thin_864_584233.svg
Body,12,ribs,ribs,https://d18vdu4p71yql0.cloudfront.net/libraries/arasaac/ribs.png,#94a3b8,,67,https://d18vdu4p71yql0.cloudfront.net/libraries/arasaac/body.png.varianted-skin.png,NARBE Words,#ff5ce1,https://d18vdu4p71yql0.cloudfront.net/libraries/noun-project/Book-thin_864_584233.svg
Body,12,belly,belly,https://d18vdu4p71yql0.cloudfront.net/libraries/arasaac/belly.png.varianted-skin.png,#94a3b8,,68,https://d18vdu4p71yql0.cloudfront.net/libraries/arasaac/body.png.varianted-skin.png,NARBE Words,#ff5ce1,https://d18vdu4p71yql0.cloudfront.net/libraries/noun-project/Book-thin_864_584233.svg
Body,12,belly button,belly button,https://d18vdu4p71yql0.cloudfront.net/libraries/arasaac/belly button.png.varianted-skin.png,#94a3b8,,69,https://d18vdu4p71yql0.cloudfront.net/libraries/arasaac/body.png.varianted-skin.png,NARBE Words,#ff5ce1,https://d18vdu4p71yql0.cloudfront.net/libraries/noun-project/Book-thin_864_584233.svg
Body,12,pelvis,pelvis,https://d18vdu4p71yql0.cloudfront.net/libraries/arasaac/pelvis.png.varianted-skin.png,#94a3b8,,70,https://d18vdu4p71yql0.cloudfront.net/libraries/arasaac/body.png.varianted-skin.png,NARBE Words,#ff5ce1,https://d18vdu4p71yql0.cloudfront.net/libraries/noun-project/Book-thin_864_584233.svg
Body,12,groin,groin,,#94a3b8,,71,https://d18vdu4p71yql0.cloudfront.net/libraries/arasaac/body.png.varianted-skin.png,NARBE Words,#ff5ce1,https://d18vdu4p71yql0.cloudfront.net/libraries/noun-project/Book-thin_864_584233.svg
Body,12,thigh,thigh,https://d18vdu4p71yql0.cloudfront.net/libraries/arasaac/thigh.png.varianted-skin.png,#94a3b8,,72,https://d18vdu4p71yql0.cloudfront.net/libraries/arasaac/body.png.varianted-skin.png,NARBE Words,#ff5ce1,https://d18vdu4p71yql0.cloudfront.net/libraries/noun-project/Book-thin_864_584233.svg
Body,12,calf,calf,https://d18vdu4p71yql0.cloudfront.net/libraries/mulberry/calf.svg.varianted-skin.svg,#94a3b8,,73,https://d18vdu4p71yql0.cloudfront.net/libraries/arasaac/body.png.varianted-skin.png,NARBE Words,#ff5ce1,https://d18vdu4p71yql0.cloudfront.net/libraries/noun-project/Book-thin_864_584233.svg
Body,12,shin,shin,https://d18vdu4p71yql0.cloudfront.net/libraries/mulberry/shin.svg.varianted-skin.svg,#94a3b8,,74,https://d18vdu4p71yql0.cloudfront.net/libraries/arasaac/body.png.varianted-skin.png,NARBE Words,#ff5ce1,https://d18vdu4p71yql0.cloudfront.net/libraries/noun-project/Book-thin_864_584233.svg
Body,12,sole,sole,https://d18vdu4p71yql0.cloudfront.net/libraries/arasaac/sole.png,#94a3b8,,75,https://d18vdu4p71yql0.cloudfront.net/libraries/arasaac/body.png.varianted-skin.png,NARBE Words,#ff5ce1,https://d18vdu4p71yql0.cloudfront.net/libraries/noun-project/Book-thin_864_584233.svg
Body,12,fingernail,fingernail,https://d18vdu4p71yql0.cloudfront.net/libraries/mulberry/fingernail.svg.varianted-skin.svg,#94a3b8,,76,https://d18vdu4p71yql0.cloudfront.net/libraries/arasaac/body.png.varianted-skin.png,NARBE Words,#ff5ce1,https://d18vdu4p71yql0.cloudfront.net/libraries/noun-project/Book-thin_864_584233.svg
Body,12,toenail,toenail,,#94a3b8,,77,https://d18vdu4p71yql0.cloudfront.net/libraries/arasaac/body.png.varianted-skin.png,NARBE Words,#ff5ce1,https://d18vdu4p71yql0.cloudfront.net/libraries/noun-project/Book-thin_864_584233.svg
Body,12,breast,breast,https://d18vdu4p71yql0.cloudfront.net/libraries/sclera/breast.png,#94a3b8,,78,https://d18vdu4p71yql0.cloudfront.net/libraries/arasaac/body.png.varianted-skin.png,NARBE Words,#ff5ce1,https://d18vdu4p71yql0.cloudfront.net/libraries/noun-project/Book-thin_864_584233.svg
Body,12,breasts,breasts,https://d18vdu4p71yql0.cloudfront.net/libraries/arasaac/breasts.png.varianted-skin.png,#94a3b8,,79,https://d18vdu4p71yql0.cloudfront.net/libraries/arasaac/body.png.varianted-skin.png,NARBE Words,#ff5ce1,https://d18vdu4p71yql0.cloudfront.net/libraries/noun-project/Book-thin_864_584233.svg
Body,12,penis,penis,,#94a3b8,,80,https://d18vdu4p71yql0.cloudfront.net/libraries/arasaac/body.png.varianted-skin.png,NARBE Words,#ff5ce1,https://d18vdu4p71yql0.cloudfront.net/libraries/noun-project/Book-thin_864_584233.svg
Body,12,vulva,vulva,https://d18vdu4p71yql0.cloudfront.net/libraries/arasaac/vulva.png.varianted-skin.png,#94a3b8,,81,https://d18vdu4p71yql0.cloudfront.net/libraries/arasaac/body.png.varianted-skin.png,NARBE Words,#ff5ce1,https://d18vdu4p71yql0.cloudfront.net/libraries/noun-project/Book-thin_864_584233.svg
Body,12,vagina,vagina,,#94a3b8,,82,https://d18vdu4p71yql0.cloudfront.net/libraries/arasaac/body.png.varianted-skin.png,NARBE Words,#ff5ce1,https://d18vdu4p71yql0.cloudfront.net/libraries/noun-project/Book-thin_864_584233.svg
Body,12,testicles,testicles,https://d18vdu4p71yql0.cloudfront.net/libraries/arasaac/testicles.png.varianted-skin.png,#94a3b8,,83,https://d18vdu4p71yql0.cloudfront.net/libraries/arasaac/body.png.varianted-skin.png,NARBE Words,#ff5ce1,https://d18vdu4p71yql0.cloudfront.net/libraries/noun-project/Book-thin_864_584233.svg
Body,12,anus,anus,https://d18vdu4p71yql0.cloudfront.net/libraries/sclera/anus.png,#94a3b8,,84,https://d18vdu4p71yql0.cloudfront.net/libraries/arasaac/body.png.varianted-skin.png,NARBE Words,#ff5ce1,https://d18vdu4p71yql0.cloudfront.net/libraries/noun-project/Book-thin_864_584233.svg
Body,12,blood,blood,https://d18vdu4p71yql0.cloudfront.net/libraries/arasaac/blood.png.varianted-skin.png,#94a3b8,,85,https://d18vdu4p71yql0.cloudfront.net/libraries/arasaac/body.png.varianted-skin.png,NARBE Words,#ff5ce1,https://d18vdu4p71yql0.cloudfront.net/libraries/noun-project/Book-thin_864_584233.svg
Body,12,bladder,bladder,https://d18vdu4p71yql0.cloudfront.net/libraries/arasaac/bladder.png,#94a3b8,,86,https://d18vdu4p71yql0.cloudfront.net/libraries/arasaac/body.png.varianted-skin.png,NARBE Words,#ff5ce1,https://d18vdu4p71yql0.cloudfront.net/libraries/noun-project/Book-thin_864_584233.svg
Body,12,bowel,bowel,https://d18vdu4p71yql0.cloudfront.net/libraries/mulberry/tissues.svg,#94a3b8,,87,https://d18vdu4p71yql0.cloudfront.net/libraries/arasaac/body.png.varianted-skin.png,NARBE Words,#ff5ce1,https://d18vdu4p71yql0.cloudfront.net/libraries/noun-project/Book-thin_864_584233.svg
Places,13,home,home,https://d18vdu4p71yql0.cloudfront.net/libraries/arasaac/home.png,#f97316,,1,https://d18vdu4p71yql0.cloudfront.net/libraries/arasaac/place.png,NARBE Words,#ff5ce1,https://d18vdu4p71yql0.cloudfront.net/libraries/noun-project/Book-thin_864_584233.svg
Places,13,house,house,https://d18vdu4p71yql0.cloudfront.net/libraries/arasaac/house.png,#f97316,,2,https://d18vdu4p71yql0.cloudfront.net/libraries/arasaac/place.png,NARBE Words,#ff5ce1,https://d18vdu4p71yql0.cloudfront.net/libraries/noun-project/Book-thin_864_584233.svg
Places,13,room,room,https://d18vdu4p71yql0.cloudfront.net/libraries/mulberry/room.svg,#f97316,,3,https://d18vdu4p71yql0.cloudfront.net/libraries/arasaac/place.png,NARBE Words,#ff5ce1,https://d18vdu4p71yql0.cloudfront.net/libraries/noun-project/Book-thin_864_584233.svg
Places,13,bedroom,bedroom,https://d18vdu4p71yql0.cloudfront.net/libraries/arasaac/bedroom_1.png,#f97316,,4,https://d18vdu4p71yql0.cloudfront.net/libraries/arasaac/place.png,NARBE Words,#ff5ce1,https://d18vdu4p71yql0.cloudfront.net/libraries/noun-project/Book-thin_864_584233.svg
Places,13,bathroom,bathroom,https://d18vdu4p71yql0.cloudfront.net/libraries/arasaac/toilet bowl.png,#f97316,,5,https://d18vdu4p71yql0.cloudfront.net/libraries/arasaac/place.png,NARBE Words,#ff5ce1,https://d18vdu4p71yql0.cloudfront.net/libraries/noun-project/Book-thin_864_584233.svg
Places,13,kitchen,kitchen,https://d18vdu4p71yql0.cloudfront.net/libraries/arasaac/kitchen.png,#f97316,,6,https://d18vdu4p71yql0.cloudfront.net/libraries/arasaac/place.png,NARBE Words,#ff5ce1,https://d18vdu4p71yql0.cloudfront.net/libraries/noun-project/Book-thin_864_584233.svg
Places,13,living,living,https://d18vdu4p71yql0.cloudfront.net/libraries/sclera/living room.png,#f97316,,7,https://d18vdu4p71yql0.cloudfront.net/libraries/arasaac/place.png,NARBE Words,#ff5ce1,https://d18vdu4p71yql0.cloudfront.net/libraries/noun-project/Book-thin_864_584233.svg
Places,13,hall,hall,https://d18vdu4p71yql0.cloudfront.net/libraries/arasaac/hall.png,#f97316,,8,https://d18vdu4p71yql0.cloudfront.net/libraries/arasaac/place.png,NARBE Words,#ff5ce1,https://d18vdu4p71yql0.cloudfront.net/libraries/noun-project/Book-thin_864_584233.svg
Places,13,door,door,https://d18vdu4p71yql0.cloudfront.net/libraries/mulberry/door.svg,#f97316,,9,https://d18vdu4p71yql0.cloudfront.net/libraries/arasaac/place.png,NARBE Words,#ff5ce1,https://d18vdu4p71yql0.cloudfront.net/libraries/noun-project/Book-thin_864_584233.svg
Places,13,window,window,https://d18vdu4p71yql0.cloudfront.net/libraries/arasaac/window.png,#f97316,,10,https://d18vdu4p71yql0.cloudfront.net/libraries/arasaac/place.png,NARBE Words,#ff5ce1,https://d18vdu4p71yql0.cloudfront.net/libraries/noun-project/Book-thin_864_584233.svg
Places,13,school,school,https://d18vdu4p71yql0.cloudfront.net/libraries/mulberry/school.svg.varianted-skin.svg,#f97316,,11,https://d18vdu4p71yql0.cloudfront.net/libraries/arasaac/place.png,NARBE Words,#ff5ce1,https://d18vdu4p71yql0.cloudfront.net/libraries/noun-project/Book-thin_864_584233.svg
Places,13,hospital,hospital,https://d18vdu4p71yql0.cloudfront.net/libraries/arasaac/hospital.png,#f97316,,12,https://d18vdu4p71yql0.cloudfront.net/libraries/arasaac/place.png,NARBE Words,#ff5ce1,https://d18vdu4p71yql0.cloudfront.net/libraries/noun-project/Book-thin_864_584233.svg
Places,13,clinic,clinic,https://d18vdu4p71yql0.cloudfront.net/libraries/arasaac/clinic.png,#f97316,,13,https://d18vdu4p71yql0.cloudfront.net/libraries/arasaac/place.png,NARBE Words,#ff5ce1,https://d18vdu4p71yql0.cloudfront.net/libraries/noun-project/Book-thin_864_584233.svg
Places,13,store,store,https://d18vdu4p71yql0.cloudfront.net/libraries/noun-project/Store_791_g.svg,#f97316,,14,https://d18vdu4p71yql0.cloudfront.net/libraries/arasaac/place.png,NARBE Words,#ff5ce1,https://d18vdu4p71yql0.cloudfront.net/libraries/noun-project/Book-thin_864_584233.svg
Places,13,park,park,https://d18vdu4p71yql0.cloudfront.net/libraries/tawasol/Park.png,#f97316,,15,https://d18vdu4p71yql0.cloudfront.net/libraries/arasaac/place.png,NARBE Words,#ff5ce1,https://d18vdu4p71yql0.cloudfront.net/libraries/noun-project/Book-thin_864_584233.svg
Places,13,car,car,https://d18vdu4p71yql0.cloudfront.net/libraries/arasaac/car.png,#f97316,,16,https://d18vdu4p71yql0.cloudfront.net/libraries/arasaac/place.png,NARBE Words,#ff5ce1,https://d18vdu4p71yql0.cloudfront.net/libraries/noun-project/Book-thin_864_584233.svg
Places,13,stairs,stairs,https://d18vdu4p71yql0.cloudfront.net/libraries/arasaac/stairs.png,#f97316,,17,https://d18vdu4p71yql0.cloudfront.net/libraries/arasaac/place.png,NARBE Words,#ff5ce1,https://d18vdu4p71yql0.cloudfront.net/libraries/noun-project/Book-thin_864_584233.svg
Places,13,chair,chair,https://d18vdu4p71yql0.cloudfront.net/libraries/mulberry/chair.svg,#f97316,,18,https://d18vdu4p71yql0.cloudfront.net/libraries/arasaac/place.png,NARBE Words,#ff5ce1,https://d18vdu4p71yql0.cloudfront.net/libraries/noun-project/Book-thin_864_584233.svg
Places,13,table,table,https://d18vdu4p71yql0.cloudfront.net/libraries/mulberry/table.svg,#f97316,,19,https://d18vdu4p71yql0.cloudfront.net/libraries/arasaac/place.png,NARBE Words,#ff5ce1,https://d18vdu4p71yql0.cloudfront.net/libraries/noun-project/Book-thin_864_584233.svg
Places,13,bed,bed,https://d18vdu4p71yql0.cloudfront.net/libraries/arasaac/bed.png,#f97316,,20,https://d18vdu4p71yql0.cloudfront.net/libraries/arasaac/place.png,NARBE Words,#ff5ce1,https://d18vdu4p71yql0.cloudfront.net/libraries/noun-project/Book-thin_864_584233.svg
Places,13,toilet,toilet,https://d18vdu4p71yql0.cloudfront.net/libraries/arasaac/toilet.png,#f97316,,21,https://d18vdu4p71yql0.cloudfront.net/libraries/arasaac/place.png,NARBE Words,#ff5ce1,https://d18vdu4p71yql0.cloudfront.net/libraries/noun-project/Book-thin_864_584233.svg
Places,13,sink,sink,https://d18vdu4p71yql0.cloudfront.net/libraries/mulberry/sink.svg,#f97316,,22,https://d18vdu4p71yql0.cloudfront.net/libraries/arasaac/place.png,NARBE Words,#ff5ce1,https://d18vdu4p71yql0.cloudfront.net/libraries/noun-project/Book-thin_864_584233.svg
Places,13,living room,living room,https://d18vdu4p71yql0.cloudfront.net/libraries/arasaac/living room.png,#f97316,,23,https://d18vdu4p71yql0.cloudfront.net/libraries/arasaac/place.png,NARBE Words,#ff5ce1,https://d18vdu4p71yql0.cloudfront.net/libraries/noun-project/Book-thin_864_584233.svg
Places,13,dining room,dining room,https://d18vdu4p71yql0.cloudfront.net/libraries/arasaac/dining room.png,#f97316,,24,https://d18vdu4p71yql0.cloudfront.net/libraries/arasaac/place.png,NARBE Words,#ff5ce1,https://d18vdu4p71yql0.cloudfront.net/libraries/noun-project/Book-thin_864_584233.svg
Places,13,yard,yard,,#f97316,,25,https://d18vdu4p71yql0.cloudfront.net/libraries/arasaac/place.png,NARBE Words,#ff5ce1,https://d18vdu4p71yql0.cloudfront.net/libraries/noun-project/Book-thin_864_584233.svg
Places,13,garden,garden,https://d18vdu4p71yql0.cloudfront.net/libraries/arasaac/garden.png,#f97316,,26,https://d18vdu4p71yql0.cloudfront.net/libraries/arasaac/place.png,NARBE Words,#ff5ce1,https://d18vdu4p71yql0.cloudfront.net/libraries/noun-project/Book-thin_864_584233.svg
Places,13,playground,playground,https://d18vdu4p71yql0.cloudfront.net/libraries/arasaac/park.png,#f97316,,27,https://d18vdu4p71yql0.cloudfront.net/libraries/arasaac/place.png,NARBE Words,#ff5ce1,https://d18vdu4p71yql0.cloudfront.net/libraries/noun-project/Book-thin_864_584233.svg
Places,13,pool,pool,https://d18vdu4p71yql0.cloudfront.net/libraries/sclera/pool.png,#f97316,,28,https://d18vdu4p71yql0.cloudfront.net/libraries/arasaac/place.png,NARBE Words,#ff5ce1,https://d18vdu4p71yql0.cloudfront.net/libraries/noun-project/Book-thin_864_584233.svg
Places,13,beach,beach,https://d18vdu4p71yql0.cloudfront.net/libraries/arasaac/beach.png,#f97316,,29,https://d18vdu4p71yql0.cloudfront.net/libraries/arasaac/place.png,NARBE Words,#ff5ce1,https://d18vdu4p71yql0.cloudfront.net/libraries/noun-project/Book-thin_864_584233.svg
Places,13,library,library,https://d18vdu4p71yql0.cloudfront.net/libraries/arasaac/library.png,#f97316,,30,https://d18vdu4p71yql0.cloudfront.net/libraries/arasaac/place.png,NARBE Words,#ff5ce1,https://d18vdu4p71yql0.cloudfront.net/libraries/noun-project/Book-thin_864_584233.svg
Places,13,restaurant,restaurant,https://d18vdu4p71yql0.cloudfront.net/libraries/arasaac/restaurant.png,#f97316,,31,https://d18vdu4p71yql0.cloudfront.net/libraries/arasaac/place.png,NARBE Words,#ff5ce1,https://d18vdu4p71yql0.cloudfront.net/libraries/noun-project/Book-thin_864_584233.svg
Places,13,cafe,cafe,https://d18vdu4p71yql0.cloudfront.net/libraries/mulberry/cafe.svg.varianted-skin.svg,#f97316,,32,https://d18vdu4p71yql0.cloudfront.net/libraries/arasaac/place.png,NARBE Words,#ff5ce1,https://d18vdu4p71yql0.cloudfront.net/libraries/noun-project/Book-thin_864_584233.svg
Places,13,pharmacy,pharmacy,https://d18vdu4p71yql0.cloudfront.net/libraries/arasaac/pharmacy.png,#f97316,,33,https://d18vdu4p71yql0.cloudfront.net/libraries/arasaac/place.png,NARBE Words,#ff5ce1,https://d18vdu4p71yql0.cloudfront.net/libraries/noun-project/Book-thin_864_584233.svg
Places,13,supermarket,supermarket,https://d18vdu4p71yql0.cloudfront.net/libraries/arasaac/supermarket.png,#f97316,,34,https://d18vdu4p71yql0.cloudfront.net/libraries/arasaac/place.png,NARBE Words,#ff5ce1,https://d18vdu4p71yql0.cloudfront.net/libraries/noun-project/Book-thin_864_584233.svg
Places,13,bank,bank,https://d18vdu4p71yql0.cloudfront.net/libraries/arasaac/bank.png,#f97316,,35,https://d18vdu4p71yql0.cloudfront.net/libraries/arasaac/place.png,NARBE Words,#ff5ce1,https://d18vdu4p71yql0.cloudfront.net/libraries/noun-project/Book-thin_864_584233.svg
Places,13,church,church,https://d18vdu4p71yql0.cloudfront.net/libraries/arasaac/church.png,#f97316,,36,https://d18vdu4p71yql0.cloudfront.net/libraries/arasaac/place.png,NARBE Words,#ff5ce1,https://d18vdu4p71yql0.cloudfront.net/libraries/noun-project/Book-thin_864_584233.svg
Places,13,office,office,https://d18vdu4p71yql0.cloudfront.net/libraries/arasaac/office.png,#f97316,,37,https://d18vdu4p71yql0.cloudfront.net/libraries/arasaac/place.png,NARBE Words,#ff5ce1,https://d18vdu4p71yql0.cloudfront.net/libraries/noun-project/Book-thin_864_584233.svg
Places,13,community center,community center,,#f97316,,38,https://d18vdu4p71yql0.cloudfront.net/libraries/arasaac/place.png,NARBE Words,#ff5ce1,https://d18vdu4p71yql0.cloudfront.net/libraries/noun-project/Book-thin_864_584233.svg
Places,13,elevator,elevator,https://d18vdu4p71yql0.cloudfront.net/libraries/noun-project/Elevator-b9fb511ae4.svg,#f97316,,39,https://d18vdu4p71yql0.cloudfront.net/libraries/arasaac/place.png,NARBE Words,#ff5ce1,https://d18vdu4p71yql0.cloudfront.net/libraries/noun-project/Book-thin_864_584233.svg
Places,13,ramp,ramp,https://d18vdu4p71yql0.cloudfront.net/libraries/arasaac/ramp.png,#f97316,,40,https://d18vdu4p71yql0.cloudfront.net/libraries/arasaac/place.png,NARBE Words,#ff5ce1,https://d18vdu4p71yql0.cloudfront.net/libraries/noun-project/Book-thin_864_584233.svg
Places,13,entrance,entrance,https://d18vdu4p71yql0.cloudfront.net/libraries/arasaac/entrance.png,#f97316,,41,https://d18vdu4p71yql0.cloudfront.net/libraries/arasaac/place.png,NARBE Words,#ff5ce1,https://d18vdu4p71yql0.cloudfront.net/libraries/noun-project/Book-thin_864_584233.svg
Places,13,exit,exit,https://d18vdu4p71yql0.cloudfront.net/libraries/arasaac/exit.png,#f97316,,42,https://d18vdu4p71yql0.cloudfront.net/libraries/arasaac/place.png,NARBE Words,#ff5ce1,https://d18vdu4p71yql0.cloudfront.net/libraries/noun-project/Book-thin_864_584233.svg
Places,13,parking lot,parking lot,https://d18vdu4p71yql0.cloudfront.net/libraries/noun-project/parking-lot_520_g.svg,#f97316,,43,https://d18vdu4p71yql0.cloudfront.net/libraries/arasaac/place.png,NARBE Words,#ff5ce1,https://d18vdu4p71yql0.cloudfront.net/libraries/noun-project/Book-thin_864_584233.svg
Places,13,bus stop,bus stop,https://d18vdu4p71yql0.cloudfront.net/libraries/twemoji/1f68f.svg,#f97316,,44,https://d18vdu4p71yql0.cloudfront.net/libraries/arasaac/place.png,NARBE Words,#ff5ce1,https://d18vdu4p71yql0.cloudfront.net/libraries/noun-project/Book-thin_864_584233.svg
Places,13,station,station,https://d18vdu4p71yql0.cloudfront.net/libraries/arasaac/station.png,#f97316,,45,https://d18vdu4p71yql0.cloudfront.net/libraries/arasaac/place.png,NARBE Words,#ff5ce1,https://d18vdu4p71yql0.cloudfront.net/libraries/noun-project/Book-thin_864_584233.svg
Places,13,airport,airport,https://d18vdu4p71yql0.cloudfront.net/libraries/arasaac/airport.png,#f97316,,46,https://d18vdu4p71yql0.cloudfront.net/libraries/arasaac/place.png,NARBE Words,#ff5ce1,https://d18vdu4p71yql0.cloudfront.net/libraries/noun-project/Book-thin_864_584233.svg
Places,13,hotel,hotel,https://d18vdu4p71yql0.cloudfront.net/libraries/arasaac/hotel.png,#f97316,,47,https://d18vdu4p71yql0.cloudfront.net/libraries/arasaac/place.png,NARBE Words,#ff5ce1,https://d18vdu4p71yql0.cloudfront.net/libraries/noun-project/Book-thin_864_584233.svg
Places,13,apartment,apartment,https://d18vdu4p71yql0.cloudfront.net/libraries/arasaac/apartment.png,#f97316,,48,https://d18vdu4p71yql0.cloudfront.net/libraries/arasaac/place.png,NARBE Words,#ff5ce1,https://d18vdu4p71yql0.cloudfront.net/libraries/noun-project/Book-thin_864_584233.svg
Places,13,building,building,https://d18vdu4p71yql0.cloudfront.net/libraries/arasaac/building.png,#f97316,,49,https://d18vdu4p71yql0.cloudfront.net/libraries/arasaac/place.png,NARBE Words,#ff5ce1,https://d18vdu4p71yql0.cloudfront.net/libraries/noun-project/Book-thin_864_584233.svg
Places,13,floor,floor,https://d18vdu4p71yql0.cloudfront.net/libraries/arasaac/floor.png,#f97316,,50,https://d18vdu4p71yql0.cloudfront.net/libraries/arasaac/place.png,NARBE Words,#ff5ce1,https://d18vdu4p71yql0.cloudfront.net/libraries/noun-project/Book-thin_864_584233.svg
Places,13,ceiling,ceiling,https://d18vdu4p71yql0.cloudfront.net/libraries/arasaac/ceiling.png,#f97316,,51,https://d18vdu4p71yql0.cloudfront.net/libraries/arasaac/place.png,NARBE Words,#ff5ce1,https://d18vdu4p71yql0.cloudfront.net/libraries/noun-project/Book-thin_864_584233.svg
Places,13,wall,wall,https://d18vdu4p71yql0.cloudfront.net/libraries/arasaac/wall.png,#f97316,,52,https://d18vdu4p71yql0.cloudfront.net/libraries/arasaac/place.png,NARBE Words,#ff5ce1,https://d18vdu4p71yql0.cloudfront.net/libraries/noun-project/Book-thin_864_584233.svg
Places,13,roof,roof,https://d18vdu4p71yql0.cloudfront.net/libraries/arasaac/roof.png,#f97316,,53,https://d18vdu4p71yql0.cloudfront.net/libraries/arasaac/place.png,NARBE Words,#ff5ce1,https://d18vdu4p71yql0.cloudfront.net/libraries/noun-project/Book-thin_864_584233.svg
Places,13,porch,porch,,#f97316,,54,https://d18vdu4p71yql0.cloudfront.net/libraries/arasaac/place.png,NARBE Words,#ff5ce1,https://d18vdu4p71yql0.cloudfront.net/libraries/noun-project/Book-thin_864_584233.svg
Places,13,balcony,balcony,https://d18vdu4p71yql0.cloudfront.net/libraries/arasaac/balcony.png,#f97316,,55,https://d18vdu4p71yql0.cloudfront.net/libraries/arasaac/place.png,NARBE Words,#ff5ce1,https://d18vdu4p71yql0.cloudfront.net/libraries/noun-project/Book-thin_864_584233.svg
Places,13,patio,patio,https://d18vdu4p71yql0.cloudfront.net/libraries/arasaac/patio.png,#f97316,,56,https://d18vdu4p71yql0.cloudfront.net/libraries/arasaac/place.png,NARBE Words,#ff5ce1,https://d18vdu4p71yql0.cloudfront.net/libraries/noun-project/Book-thin_864_584233.svg
Places,13,garage,garage,https://d18vdu4p71yql0.cloudfront.net/libraries/arasaac/garage.png,#f97316,,57,https://d18vdu4p71yql0.cloudfront.net/libraries/arasaac/place.png,NARBE Words,#ff5ce1,https://d18vdu4p71yql0.cloudfront.net/libraries/noun-project/Book-thin_864_584233.svg
Places,13,driveway,driveway,,#f97316,,58,https://d18vdu4p71yql0.cloudfront.net/libraries/arasaac/place.png,NARBE Words,#ff5ce1,https://d18vdu4p71yql0.cloudfront.net/libraries/noun-project/Book-thin_864_584233.svg
Places,13,basement,basement,https://d18vdu4p71yql0.cloudfront.net/libraries/arasaac/basement.png,#f97316,,59,https://d18vdu4p71yql0.cloudfront.net/libraries/arasaac/place.png,NARBE Words,#ff5ce1,https://d18vdu4p71yql0.cloudfront.net/libraries/noun-project/Book-thin_864_584233.svg
Places,13,attic,attic,https://d18vdu4p71yql0.cloudfront.net/libraries/arasaac/attic.png,#f97316,,60,https://d18vdu4p71yql0.cloudfront.net/libraries/arasaac/place.png,NARBE Words,#ff5ce1,https://d18vdu4p71yql0.cloudfront.net/libraries/noun-project/Book-thin_864_584233.svg
Places,13,laundry room,laundry room,,#f97316,,61,https://d18vdu4p71yql0.cloudfront.net/libraries/arasaac/place.png,NARBE Words,#ff5ce1,https://d18vdu4p71yql0.cloudfront.net/libraries/noun-project/Book-thin_864_584233.svg
Places,13,hallway,hallway,,#f97316,,62,https://d18vdu4p71yql0.cloudfront.net/libraries/arasaac/place.png,NARBE Words,#ff5ce1,https://d18vdu4p71yql0.cloudfront.net/libraries/noun-project/Book-thin_864_584233.svg
Places,13,closet,closet,https://d18vdu4p71yql0.cloudfront.net/libraries/sclera/closet.png,#f97316,,63,https://d18vdu4p71yql0.cloudfront.net/libraries/arasaac/place.png,NARBE Words,#ff5ce1,https://d18vdu4p71yql0.cloudfront.net/libraries/noun-project/Book-thin_864_584233.svg
Places,13,cupboard,cupboard,https://d18vdu4p71yql0.cloudfront.net/libraries/arasaac/cupboard.png,#f97316,,64,https://d18vdu4p71yql0.cloudfront.net/libraries/arasaac/place.png,NARBE Words,#ff5ce1,https://d18vdu4p71yql0.cloudfront.net/libraries/noun-project/Book-thin_864_584233.svg
Places,13,shelf,shelf,,#f97316,,65,https://d18vdu4p71yql0.cloudfront.net/libraries/arasaac/place.png,NARBE Words,#ff5ce1,https://d18vdu4p71yql0.cloudfront.net/libraries/noun-project/Book-thin_864_584233.svg
Places,13,counter,counter,https://d18vdu4p71yql0.cloudfront.net/libraries/mulberry/counters.svg,#f97316,,66,https://d18vdu4p71yql0.cloudfront.net/libraries/arasaac/place.png,NARBE Words,#ff5ce1,https://d18vdu4p71yql0.cloudfront.net/libraries/noun-project/Book-thin_864_584233.svg
Places,13,desk,desk,https://d18vdu4p71yql0.cloudfront.net/libraries/mulberry/desk.svg,#f97316,,67,https://d18vdu4p71yql0.cloudfront.net/libraries/arasaac/place.png,NARBE Words,#ff5ce1,https://d18vdu4p71yql0.cloudfront.net/libraries/noun-project/Book-thin_864_584233.svg
Places,13,couch,couch,https://d18vdu4p71yql0.cloudfront.net/libraries/sclera/couch.png,#f97316,,68,https://d18vdu4p71yql0.cloudfront.net/libraries/arasaac/place.png,NARBE Words,#ff5ce1,https://d18vdu4p71yql0.cloudfront.net/libraries/noun-project/Book-thin_864_584233.svg
Places,13,sofa,sofa,https://d18vdu4p71yql0.cloudfront.net/libraries/noun-project/Sofa_87_g.svg,#f97316,,69,https://d18vdu4p71yql0.cloudfront.net/libraries/arasaac/place.png,NARBE Words,#ff5ce1,https://d18vdu4p71yql0.cloudfront.net/libraries/noun-project/Book-thin_864_584233.svg
Places,13,armchair,armchair,https://d18vdu4p71yql0.cloudfront.net/libraries/arasaac/armchair.png,#f97316,,70,https://d18vdu4p71yql0.cloudfront.net/libraries/arasaac/place.png,NARBE Words,#ff5ce1,https://d18vdu4p71yql0.cloudfront.net/libraries/noun-project/Book-thin_864_584233.svg
Places,13,bench,bench,https://d18vdu4p71yql0.cloudfront.net/libraries/arasaac/bench.png,#f97316,,71,https://d18vdu4p71yql0.cloudfront.net/libraries/arasaac/place.png,NARBE Words,#ff5ce1,https://d18vdu4p71yql0.cloudfront.net/libraries/noun-project/Book-thin_864_584233.svg
Places,13,bathtub,bathtub,https://d18vdu4p71yql0.cloudfront.net/libraries/twemoji/1f6c1.svg,#f97316,,72,https://d18vdu4p71yql0.cloudfront.net/libraries/arasaac/place.png,NARBE Words,#ff5ce1,https://d18vdu4p71yql0.cloudfront.net/libraries/noun-project/Book-thin_864_584233.svg
Places,13,shower room,shower room,,#f97316,,73,https://d18vdu4p71yql0.cloudfront.net/libraries/arasaac/place.png,NARBE Words,#ff5ce1,https://d18vdu4p71yql0.cloudfront.net/libraries/noun-project/Book-thin_864_584233.svg
Places,13,restroom,restroom,https://d18vdu4p71yql0.cloudfront.net/libraries/twemoji/1f6bb.svg,#f97316,,74,https://d18vdu4p71yql0.cloudfront.net/libraries/arasaac/place.png,NARBE Words,#ff5ce1,https://d18vdu4p71yql0.cloudfront.net/libraries/noun-project/Book-thin_864_584233.svg
Places,13,changing room,changing room,https://d18vdu4p71yql0.cloudfront.net/libraries/arasaac/changing room.png,#f97316,,75,https://d18vdu4p71yql0.cloudfront.net/libraries/arasaac/place.png,NARBE Words,#ff5ce1,https://d18vdu4p71yql0.cloudfront.net/libraries/noun-project/Book-thin_864_584233.svg
Places,13,waiting room,waiting room,https://d18vdu4p71yql0.cloudfront.net/libraries/arasaac/waiting room.png.varianted-skin.png,#f97316,,76,https://d18vdu4p71yql0.cloudfront.net/libraries/arasaac/place.png,NARBE Words,#ff5ce1,https://d18vdu4p71yql0.cloudfront.net/libraries/noun-project/Book-thin_864_584233.svg
Places,13,reception,reception,https://d18vdu4p71yql0.cloudfront.net/libraries/arasaac/reception.png,#f97316,,77,https://d18vdu4p71yql0.cloudfront.net/libraries/arasaac/place.png,NARBE Words,#ff5ce1,https://d18vdu4p71yql0.cloudfront.net/libraries/noun-project/Book-thin_864_584233.svg
Places,13,emergency room,emergency room,,#f97316,,78,https://d18vdu4p71yql0.cloudfront.net/libraries/arasaac/place.png,NARBE Words,#ff5ce1,https://d18vdu4p71yql0.cloudfront.net/libraries/noun-project/Book-thin_864_584233.svg
Places,13,operating room,operating room,,#f97316,,79,https://d18vdu4p71yql0.cloudfront.net/libraries/arasaac/place.png,NARBE Words,#ff5ce1,https://d18vdu4p71yql0.cloudfront.net/libraries/noun-project/Book-thin_864_584233.svg
Places,13,dentist's office,dentist's office,,#f97316,,80,https://d18vdu4p71yql0.cloudfront.net/libraries/arasaac/place.png,NARBE Words,#ff5ce1,https://d18vdu4p71yql0.cloudfront.net/libraries/noun-project/Book-thin_864_584233.svg
Places,13,gym,gym,https://d18vdu4p71yql0.cloudfront.net/libraries/sclera/gym.png,#f97316,,81,https://d18vdu4p71yql0.cloudfront.net/libraries/arasaac/place.png,NARBE Words,#ff5ce1,https://d18vdu4p71yql0.cloudfront.net/libraries/noun-project/Book-thin_864_584233.svg
Places,13,stadium,stadium,https://d18vdu4p71yql0.cloudfront.net/libraries/arasaac/stadium.png,#f97316,,82,https://d18vdu4p71yql0.cloudfront.net/libraries/arasaac/place.png,NARBE Words,#ff5ce1,https://d18vdu4p71yql0.cloudfront.net/libraries/noun-project/Book-thin_864_584233.svg
Places,13,theater,theater,https://d18vdu4p71yql0.cloudfront.net/libraries/arasaac/theatres.png,#f97316,,83,https://d18vdu4p71yql0.cloudfront.net/libraries/arasaac/place.png,NARBE Words,#ff5ce1,https://d18vdu4p71yql0.cloudfront.net/libraries/noun-project/Book-thin_864_584233.svg
Places,13,cinema,cinema,https://d18vdu4p71yql0.cloudfront.net/libraries/arasaac/cinema.png.varianted-skin.png,#f97316,,84,https://d18vdu4p71yql0.cloudfront.net/libraries/arasaac/place.png,NARBE Words,#ff5ce1,https://d18vdu4p71yql0.cloudfront.net/libraries/noun-project/Book-thin_864_584233.svg
Places,13,museum,museum,https://d18vdu4p71yql0.cloudfront.net/libraries/arasaac/museum.png,#f97316,,85,https://d18vdu4p71yql0.cloudfront.net/libraries/arasaac/place.png,NARBE Words,#ff5ce1,https://d18vdu4p71yql0.cloudfront.net/libraries/noun-project/Book-thin_864_584233.svg
Places,13,zoo,zoo,https://d18vdu4p71yql0.cloudfront.net/libraries/sclera/zoo.png,#f97316,,86,https://d18vdu4p71yql0.cloudfront.net/libraries/arasaac/place.png,NARBE Words,#ff5ce1,https://d18vdu4p71yql0.cloudfront.net/libraries/noun-project/Book-thin_864_584233.svg
Places,13,aquarium,aquarium,https://d18vdu4p71yql0.cloudfront.net/libraries/arasaac/aquarium.png,#f97316,,87,https://d18vdu4p71yql0.cloudfront.net/libraries/arasaac/place.png,NARBE Words,#ff5ce1,https://d18vdu4p71yql0.cloudfront.net/libraries/noun-project/Book-thin_864_584233.svg
Places,13,bakery,bakery,https://d18vdu4p71yql0.cloudfront.net/libraries/sclera/bakery.png,#f97316,,88,https://d18vdu4p71yql0.cloudfront.net/libraries/arasaac/place.png,NARBE Words,#ff5ce1,https://d18vdu4p71yql0.cloudfront.net/libraries/noun-project/Book-thin_864_584233.svg
Places,13,post office,post office,https://d18vdu4p71yql0.cloudfront.net/libraries/noun-project/Post-Office_735_g.svg,#f97316,,89,https://d18vdu4p71yql0.cloudfront.net/libraries/arasaac/place.png,NARBE Words,#ff5ce1,https://d18vdu4p71yql0.cloudfront.net/libraries/noun-project/Book-thin_864_584233.svg
Places,13,fire station,fire station,https://d18vdu4p71yql0.cloudfront.net/libraries/arasaac/fire station.png,#f97316,,90,https://d18vdu4p71yql0.cloudfront.net/libraries/arasaac/place.png,NARBE Words,#ff5ce1,https://d18vdu4p71yql0.cloudfront.net/libraries/noun-project/Book-thin_864_584233.svg
Places,13,police station,police station,https://d18vdu4p71yql0.cloudfront.net/libraries/arasaac/police station.png,#f97316,,91,https://d18vdu4p71yql0.cloudfront.net/libraries/arasaac/place.png,NARBE Words,#ff5ce1,https://d18vdu4p71yql0.cloudfront.net/libraries/noun-project/Book-thin_864_584233.svg
Places,13,gas station,gas station,,#f97316,,92,https://d18vdu4p71yql0.cloudfront.net/libraries/arasaac/place.png,NARBE Words,#ff5ce1,https://d18vdu4p71yql0.cloudfront.net/libraries/noun-project/Book-thin_864_584233.svg
Places,13,shopping mall,shopping mall,https://d18vdu4p71yql0.cloudfront.net/libraries/arasaac/shopping mall.png,#f97316,,93,https://d18vdu4p71yql0.cloudfront.net/libraries/arasaac/place.png,NARBE Words,#ff5ce1,https://d18vdu4p71yql0.cloudfront.net/libraries/noun-project/Book-thin_864_584233.svg
Places,13,market,market,https://d18vdu4p71yql0.cloudfront.net/libraries/arasaac/market.png,#f97316,,94,https://d18vdu4p71yql0.cloudfront.net/libraries/arasaac/place.png,NARBE Words,#ff5ce1,https://d18vdu4p71yql0.cloudfront.net/libraries/noun-project/Book-thin_864_584233.svg
Places,13,bar,bar,https://d18vdu4p71yql0.cloudfront.net/libraries/arasaac/bar.png,#f97316,,95,https://d18vdu4p71yql0.cloudfront.net/libraries/arasaac/place.png,NARBE Words,#ff5ce1,https://d18vdu4p71yql0.cloudfront.net/libraries/noun-project/Book-thin_864_584233.svg
Places,13,pub,pub,,#f97316,,96,https://d18vdu4p71yql0.cloudfront.net/libraries/arasaac/place.png,NARBE Words,#ff5ce1,https://d18vdu4p71yql0.cloudfront.net/libraries/noun-project/Book-thin_864_584233.svg
Places,13,mosque,mosque,https://d18vdu4p71yql0.cloudfront.net/libraries/arasaac/mosque.png,#f97316,,97,https://d18vdu4p71yql0.cloudfront.net/libraries/arasaac/place.png,NARBE Words,#ff5ce1,https://d18vdu4p71yql0.cloudfront.net/libraries/noun-project/Book-thin_864_584233.svg
Places,13,temple,temple,https://d18vdu4p71yql0.cloudfront.net/libraries/arasaac/temple.png,#f97316,,98,https://d18vdu4p71yql0.cloudfront.net/libraries/arasaac/place.png,NARBE Words,#ff5ce1,https://d18vdu4p71yql0.cloudfront.net/libraries/noun-project/Book-thin_864_584233.svg
Places,13,synagogue,synagogue,https://d18vdu4p71yql0.cloudfront.net/libraries/arasaac/synagogue.png,#f97316,,99,https://d18vdu4p71yql0.cloudfront.net/libraries/arasaac/place.png,NARBE Words,#ff5ce1,https://d18vdu4p71yql0.cloudfront.net/libraries/noun-project/Book-thin_864_584233.svg
Places,13,cemetery,cemetery,https://d18vdu4p71yql0.cloudfront.net/libraries/arasaac/cemetery.png,#f97316,,100,https://d18vdu4p71yql0.cloudfront.net/libraries/arasaac/place.png,NARBE Words,#ff5ce1,https://d18vdu4p71yql0.cloudfront.net/libraries/noun-project/Book-thin_864_584233.svg
Places,13,town,town,https://d18vdu4p71yql0.cloudfront.net/libraries/arasaac/town.png,#f97316,,101,https://d18vdu4p71yql0.cloudfront.net/libraries/arasaac/place.png,NARBE Words,#ff5ce1,https://d18vdu4p71yql0.cloudfront.net/libraries/noun-project/Book-thin_864_584233.svg
Places,13,city,city,https://d18vdu4p71yql0.cloudfront.net/libraries/arasaac/city.png,#f97316,,102,https://d18vdu4p71yql0.cloudfront.net/libraries/arasaac/place.png,NARBE Words,#ff5ce1,https://d18vdu4p71yql0.cloudfront.net/libraries/noun-project/Book-thin_864_584233.svg
Places,13,village,village,https://d18vdu4p71yql0.cloudfront.net/libraries/arasaac/village.png,#f97316,,103,https://d18vdu4p71yql0.cloudfront.net/libraries/arasaac/place.png,NARBE Words,#ff5ce1,https://d18vdu4p71yql0.cloudfront.net/libraries/noun-project/Book-thin_864_584233.svg
Places,13,country,country,https://d18vdu4p71yql0.cloudfront.net/libraries/arasaac/country.png,#f97316,,104,https://d18vdu4p71yql0.cloudfront.net/libraries/arasaac/place.png,NARBE Words,#ff5ce1,https://d18vdu4p71yql0.cloudfront.net/libraries/noun-project/Book-thin_864_584233.svg
Places,13,neighborhood,neighborhood,https://d18vdu4p71yql0.cloudfront.net/libraries/arasaac/neighborhood.png,#f97316,,105,https://d18vdu4p71yql0.cloudfront.net/libraries/arasaac/place.png,NARBE Words,#ff5ce1,https://d18vdu4p71yql0.cloudfront.net/libraries/noun-project/Book-thin_864_584233.svg
Places,13,downtown,downtown,,#f97316,,106,https://d18vdu4p71yql0.cloudfront.net/libraries/arasaac/place.png,NARBE Words,#ff5ce1,https://d18vdu4p71yql0.cloudfront.net/libraries/noun-project/Book-thin_864_584233.svg
Places,13,countryside,countryside,https://d18vdu4p71yql0.cloudfront.net/libraries/arasaac/countryside.png,#f97316,,107,https://d18vdu4p71yql0.cloudfront.net/libraries/arasaac/place.png,NARBE Words,#ff5ce1,https://d18vdu4p71yql0.cloudfront.net/libraries/noun-project/Book-thin_864_584233.svg
Places,13,farm,farm,https://d18vdu4p71yql0.cloudfront.net/libraries/arasaac/farm.png,#f97316,,108,https://d18vdu4p71yql0.cloudfront.net/libraries/arasaac/place.png,NARBE Words,#ff5ce1,https://d18vdu4p71yql0.cloudfront.net/libraries/noun-project/Book-thin_864_584233.svg
Places,13,forest,forest,https://d18vdu4p71yql0.cloudfront.net/libraries/arasaac/forest.png,#f97316,,109,https://d18vdu4p71yql0.cloudfront.net/libraries/arasaac/place.png,NARBE Words,#ff5ce1,https://d18vdu4p71yql0.cloudfront.net/libraries/noun-project/Book-thin_864_584233.svg
Places,13,campsite,campsite,,#f97316,,110,https://d18vdu4p71yql0.cloudfront.net/libraries/arasaac/place.png,NARBE Words,#ff5ce1,https://d18vdu4p71yql0.cloudfront.net/libraries/noun-project/Book-thin_864_584233.svg
Places,13,university,university,https://d18vdu4p71yql0.cloudfront.net/libraries/arasaac/University.png,#f97316,,111,https://d18vdu4p71yql0.cloudfront.net/libraries/arasaac/place.png,NARBE Words,#ff5ce1,https://d18vdu4p71yql0.cloudfront.net/libraries/noun-project/Book-thin_864_584233.svg
Places,13,college,college,,#f97316,,112,https://d18vdu4p71yql0.cloudfront.net/libraries/arasaac/place.png,NARBE Words,#ff5ce1,https://d18vdu4p71yql0.cloudfront.net/libraries/noun-project/Book-thin_864_584233.svg
Places,13,workplace,workplace,,#f97316,,113,https://d18vdu4p71yql0.cloudfront.net/libraries/arasaac/place.png,NARBE Words,#ff5ce1,https://d18vdu4p71yql0.cloudfront.net/libraries/noun-project/Book-thin_864_584233.svg
Places,13,playroom,playroom,https://d18vdu4p71yql0.cloudfront.net/libraries/sclera/playroom.png,#f97316,,114,https://d18vdu4p71yql0.cloudfront.net/libraries/arasaac/place.png,NARBE Words,#ff5ce1,https://d18vdu4p71yql0.cloudfront.net/libraries/noun-project/Book-thin_864_584233.svg
Places,13,classroom,classroom,https://d18vdu4p71yql0.cloudfront.net/libraries/arasaac/classroom.png,#f97316,,115,https://d18vdu4p71yql0.cloudfront.net/libraries/arasaac/place.png,NARBE Words,#ff5ce1,https://d18vdu4p71yql0.cloudfront.net/libraries/noun-project/Book-thin_864_584233.svg
Places,13,cafeteria,cafeteria,https://d18vdu4p71yql0.cloudfront.net/libraries/arasaac/cafeteria.png,#f97316,,116,https://d18vdu4p71yql0.cloudfront.net/libraries/arasaac/place.png,NARBE Words,#ff5ce1,https://d18vdu4p71yql0.cloudfront.net/libraries/noun-project/Book-thin_864_584233.svg
Objects,14,phone,phone,https://d18vdu4p71yql0.cloudfront.net/libraries/noun-project/Phone_612_g.svg,#06d6a0,,1,https://d18vdu4p71yql0.cloudfront.net/libraries/arasaac/objects.png,NARBE Words,#ff5ce1,https://d18vdu4p71yql0.cloudfront.net/libraries/noun-project/Book-thin_864_584233.svg
Objects,14,tablet,tablet,https://d18vdu4p71yql0.cloudfront.net/libraries/noun-project/Tablet_428_g.svg,#06d6a0,,2,https://d18vdu4p71yql0.cloudfront.net/libraries/arasaac/objects.png,NARBE Words,#ff5ce1,https://d18vdu4p71yql0.cloudfront.net/libraries/noun-project/Book-thin_864_584233.svg
Objects,14,computer,computer,https://d18vdu4p71yql0.cloudfront.net/libraries/arasaac/computer.png,#06d6a0,,3,https://d18vdu4p71yql0.cloudfront.net/libraries/arasaac/objects.png,NARBE Words,#ff5ce1,https://d18vdu4p71yql0.cloudfront.net/libraries/noun-project/Book-thin_864_584233.svg
Objects,14,tv,tv,https://d18vdu4p71yql0.cloudfront.net/libraries/twemoji/1f4fa.svg,#06d6a0,,4,https://d18vdu4p71yql0.cloudfront.net/libraries/arasaac/objects.png,NARBE Words,#ff5ce1,https://d18vdu4p71yql0.cloudfront.net/libraries/noun-project/Book-thin_864_584233.svg
Objects,14,remote,remote,https://d18vdu4p71yql0.cloudfront.net/libraries/arasaac/remote control_1.png,#06d6a0,,5,https://d18vdu4p71yql0.cloudfront.net/libraries/arasaac/objects.png,NARBE Words,#ff5ce1,https://d18vdu4p71yql0.cloudfront.net/libraries/noun-project/Book-thin_864_584233.svg
Objects,14,switch,switch,https://d18vdu4p71yql0.cloudfront.net/libraries/arasaac/switch.png,#06d6a0,,6,https://d18vdu4p71yql0.cloudfront.net/libraries/arasaac/objects.png,NARBE Words,#ff5ce1,https://d18vdu4p71yql0.cloudfront.net/libraries/noun-project/Book-thin_864_584233.svg
Objects,14,button,button,https://d18vdu4p71yql0.cloudfront.net/libraries/arasaac/button.png,#06d6a0,,7,https://d18vdu4p71yql0.cloudfront.net/libraries/arasaac/objects.png,NARBE Words,#ff5ce1,https://d18vdu4p71yql0.cloudfront.net/libraries/noun-project/Book-thin_864_584233.svg
Objects,14,charger,charger,https://d18vdu4p71yql0.cloudfront.net/libraries/arasaac/charger_1.png,#06d6a0,,8,https://d18vdu4p71yql0.cloudfront.net/libraries/arasaac/objects.png,NARBE Words,#ff5ce1,https://d18vdu4p71yql0.cloudfront.net/libraries/noun-project/Book-thin_864_584233.svg
Objects,14,cable,cable,https://d18vdu4p71yql0.cloudfront.net/libraries/arasaac/cable.png,#06d6a0,,9,https://d18vdu4p71yql0.cloudfront.net/libraries/arasaac/objects.png,NARBE Words,#ff5ce1,https://d18vdu4p71yql0.cloudfront.net/libraries/noun-project/Book-thin_864_584233.svg
Objects,14,keyboard,keyboard,https://d18vdu4p71yql0.cloudfront.net/libraries/arasaac/keyboard.png,#06d6a0,,10,https://d18vdu4p71yql0.cloudfront.net/libraries/arasaac/objects.png,NARBE Words,#ff5ce1,https://d18vdu4p71yql0.cloudfront.net/libraries/noun-project/Book-thin_864_584233.svg
Objects,14,mouse,mouse,https://d18vdu4p71yql0.cloudfront.net/libraries/mulberry/mouse.svg.varianted-skin.svg,#06d6a0,,11,https://d18vdu4p71yql0.cloudfront.net/libraries/arasaac/objects.png,NARBE Words,#ff5ce1,https://d18vdu4p71yql0.cloudfront.net/libraries/noun-project/Book-thin_864_584233.svg
Objects,14,screen,screen,https://d18vdu4p71yql0.cloudfront.net/libraries/icomoon/screen.svg,#06d6a0,,12,https://d18vdu4p71yql0.cloudfront.net/libraries/arasaac/objects.png,NARBE Words,#ff5ce1,https://d18vdu4p71yql0.cloudfront.net/libraries/noun-project/Book-thin_864_584233.svg
Objects,14,cup,cup,https://d18vdu4p71yql0.cloudfront.net/libraries/noun-project/Cup-35dae4d6c2.svg,#06d6a0,,13,https://d18vdu4p71yql0.cloudfront.net/libraries/arasaac/objects.png,NARBE Words,#ff5ce1,https://d18vdu4p71yql0.cloudfront.net/libraries/noun-project/Book-thin_864_584233.svg
Objects,14,bottle,bottle,https://d18vdu4p71yql0.cloudfront.net/libraries/noun-project/Bottle-9c38a4d122.svg,#06d6a0,,14,https://d18vdu4p71yql0.cloudfront.net/libraries/arasaac/objects.png,NARBE Words,#ff5ce1,https://d18vdu4p71yql0.cloudfront.net/libraries/noun-project/Book-thin_864_584233.svg
Objects,14,straw,straw,https://d18vdu4p71yql0.cloudfront.net/libraries/noun-project/straw_25_g.svg,#06d6a0,,15,https://d18vdu4p71yql0.cloudfront.net/libraries/arasaac/objects.png,NARBE Words,#ff5ce1,https://d18vdu4p71yql0.cloudfront.net/libraries/noun-project/Book-thin_864_584233.svg
Objects,14,plate,plate,https://d18vdu4p71yql0.cloudfront.net/libraries/noun-project/Plate_445_g.svg,#06d6a0,,16,https://d18vdu4p71yql0.cloudfront.net/libraries/arasaac/objects.png,NARBE Words,#ff5ce1,https://d18vdu4p71yql0.cloudfront.net/libraries/noun-project/Book-thin_864_584233.svg
Objects,14,bowl,bowl,https://d18vdu4p71yql0.cloudfront.net/libraries/noun-project/Bowl-c7c8a71170.svg,#06d6a0,,17,https://d18vdu4p71yql0.cloudfront.net/libraries/arasaac/objects.png,NARBE Words,#ff5ce1,https://d18vdu4p71yql0.cloudfront.net/libraries/noun-project/Book-thin_864_584233.svg
Objects,14,spoon,spoon,https://d18vdu4p71yql0.cloudfront.net/libraries/arasaac/spoon.png,#06d6a0,,18,https://d18vdu4p71yql0.cloudfront.net/libraries/arasaac/objects.png,NARBE Words,#ff5ce1,https://d18vdu4p71yql0.cloudfront.net/libraries/noun-project/Book-thin_864_584233.svg
Objects,14,fork,fork,https://d18vdu4p71yql0.cloudfront.net/libraries/arasaac/fork.png,#06d6a0,,19,https://d18vdu4p71yql0.cloudfront.net/libraries/arasaac/objects.png,NARBE Words,#ff5ce1,https://d18vdu4p71yql0.cloudfront.net/libraries/noun-project/Book-thin_864_584233.svg
Objects,14,napkin,napkin,https://d18vdu4p71yql0.cloudfront.net/libraries/arasaac/napkin.png,#06d6a0,,20,https://d18vdu4p71yql0.cloudfront.net/libraries/arasaac/objects.png,NARBE Words,#ff5ce1,https://d18vdu4p71yql0.cloudfront.net/libraries/noun-project/Book-thin_864_584233.svg
Objects,14,towel,towel,https://d18vdu4p71yql0.cloudfront.net/libraries/arasaac/towel.png,#06d6a0,,21,https://d18vdu4p71yql0.cloudfront.net/libraries/arasaac/objects.png,NARBE Words,#ff5ce1,https://d18vdu4p71yql0.cloudfront.net/libraries/noun-project/Book-thin_864_584233.svg
Objects,14,blanket,blanket,https://d18vdu4p71yql0.cloudfront.net/libraries/arasaac/blanket.png,#06d6a0,,22,https://d18vdu4p71yql0.cloudfront.net/libraries/arasaac/objects.png,NARBE Words,#ff5ce1,https://d18vdu4p71yql0.cloudfront.net/libraries/noun-project/Book-thin_864_584233.svg
Objects,14,pillow,pillow,https://d18vdu4p71yql0.cloudfront.net/libraries/arasaac/pillow.png,#06d6a0,,23,https://d18vdu4p71yql0.cloudfront.net/libraries/arasaac/objects.png,NARBE Words,#ff5ce1,https://d18vdu4p71yql0.cloudfront.net/libraries/noun-project/Book-thin_864_584233.svg
Objects,14,book,book,https://d18vdu4p71yql0.cloudfront.net/libraries/arasaac/book.png,#06d6a0,,24,https://d18vdu4p71yql0.cloudfront.net/libraries/arasaac/objects.png,NARBE Words,#ff5ce1,https://d18vdu4p71yql0.cloudfront.net/libraries/noun-project/Book-thin_864_584233.svg
Objects,14,pen,pen,https://d18vdu4p71yql0.cloudfront.net/libraries/noun-project/Pen_228_g.svg,#06d6a0,,25,https://d18vdu4p71yql0.cloudfront.net/libraries/arasaac/objects.png,NARBE Words,#ff5ce1,https://d18vdu4p71yql0.cloudfront.net/libraries/noun-project/Book-thin_864_584233.svg
Objects,14,paper,paper,https://d18vdu4p71yql0.cloudfront.net/libraries/arasaac/paper.png,#06d6a0,,26,https://d18vdu4p71yql0.cloudfront.net/libraries/arasaac/objects.png,NARBE Words,#ff5ce1,https://d18vdu4p71yql0.cloudfront.net/libraries/noun-project/Book-thin_864_584233.svg
Objects,14,headphones,headphones,https://d18vdu4p71yql0.cloudfront.net/libraries/arasaac/headphones.png,#06d6a0,,27,https://d18vdu4p71yql0.cloudfront.net/libraries/arasaac/objects.png,NARBE Words,#ff5ce1,https://d18vdu4p71yql0.cloudfront.net/libraries/noun-project/Book-thin_864_584233.svg
Objects,14,speaker,speaker,https://d18vdu4p71yql0.cloudfront.net/libraries/arasaac/speaker.png,#06d6a0,,28,https://d18vdu4p71yql0.cloudfront.net/libraries/arasaac/objects.png,NARBE Words,#ff5ce1,https://d18vdu4p71yql0.cloudfront.net/libraries/noun-project/Book-thin_864_584233.svg
Objects,14,microphone,microphone,https://d18vdu4p71yql0.cloudfront.net/libraries/arasaac/microphone.png,#06d6a0,,29,https://d18vdu4p71yql0.cloudfront.net/libraries/arasaac/objects.png,NARBE Words,#ff5ce1,https://d18vdu4p71yql0.cloudfront.net/libraries/noun-project/Book-thin_864_584233.svg
Objects,14,camera,camera,https://d18vdu4p71yql0.cloudfront.net/libraries/arasaac/camera.png,#06d6a0,,30,https://d18vdu4p71yql0.cloudfront.net/libraries/arasaac/objects.png,NARBE Words,#ff5ce1,https://d18vdu4p71yql0.cloudfront.net/libraries/noun-project/Book-thin_864_584233.svg
Objects,14,clock,clock,https://d18vdu4p71yql0.cloudfront.net/libraries/mulberry/clock.svg,#06d6a0,,31,https://d18vdu4p71yql0.cloudfront.net/libraries/arasaac/objects.png,NARBE Words,#ff5ce1,https://d18vdu4p71yql0.cloudfront.net/libraries/noun-project/Book-thin_864_584233.svg
Objects,14,calendar,calendar,https://d18vdu4p71yql0.cloudfront.net/libraries/arasaac/calendar.png,#06d6a0,,32,https://d18vdu4p71yql0.cloudfront.net/libraries/arasaac/objects.png,NARBE Words,#ff5ce1,https://d18vdu4p71yql0.cloudfront.net/libraries/noun-project/Book-thin_864_584233.svg
Objects,14,keys,keys,https://d18vdu4p71yql0.cloudfront.net/libraries/arasaac/keys.png,#06d6a0,,33,https://d18vdu4p71yql0.cloudfront.net/libraries/arasaac/objects.png,NARBE Words,#ff5ce1,https://d18vdu4p71yql0.cloudfront.net/libraries/noun-project/Book-thin_864_584233.svg
Objects,14,wallet,wallet,https://d18vdu4p71yql0.cloudfront.net/libraries/arasaac/wallet.png,#06d6a0,,34,https://d18vdu4p71yql0.cloudfront.net/libraries/arasaac/objects.png,NARBE Words,#ff5ce1,https://d18vdu4p71yql0.cloudfront.net/libraries/noun-project/Book-thin_864_584233.svg
Objects,14,bag,bag,https://d18vdu4p71yql0.cloudfront.net/libraries/arasaac/bag.png,#06d6a0,,35,https://d18vdu4p71yql0.cloudfront.net/libraries/arasaac/objects.png,NARBE Words,#ff5ce1,https://d18vdu4p71yql0.cloudfront.net/libraries/noun-project/Book-thin_864_584233.svg
Objects,14,backpack,backpack,https://d18vdu4p71yql0.cloudfront.net/libraries/arasaac/rucksack.png,#06d6a0,,36,https://d18vdu4p71yql0.cloudfront.net/libraries/arasaac/objects.png,NARBE Words,#ff5ce1,https://d18vdu4p71yql0.cloudfront.net/libraries/noun-project/Book-thin_864_584233.svg
Objects,14,mirror,mirror,https://d18vdu4p71yql0.cloudfront.net/libraries/arasaac/mirror.png.varianted-skin.png,#06d6a0,,37,https://d18vdu4p71yql0.cloudfront.net/libraries/arasaac/objects.png,NARBE Words,#ff5ce1,https://d18vdu4p71yql0.cloudfront.net/libraries/noun-project/Book-thin_864_584233.svg
Objects,14,tissue,tissue,https://d18vdu4p71yql0.cloudfront.net/libraries/arasaac/tissue.png,#06d6a0,,38,https://d18vdu4p71yql0.cloudfront.net/libraries/arasaac/objects.png,NARBE Words,#ff5ce1,https://d18vdu4p71yql0.cloudfront.net/libraries/noun-project/Book-thin_864_584233.svg
Objects,14,soap,soap,https://d18vdu4p71yql0.cloudfront.net/libraries/arasaac/soap.png,#06d6a0,,39,https://d18vdu4p71yql0.cloudfront.net/libraries/arasaac/objects.png,NARBE Words,#ff5ce1,https://d18vdu4p71yql0.cloudfront.net/libraries/noun-project/Book-thin_864_584233.svg
Objects,14,shampoo,shampoo,https://d18vdu4p71yql0.cloudfront.net/libraries/arasaac/shampoo.png,#06d6a0,,40,https://d18vdu4p71yql0.cloudfront.net/libraries/arasaac/objects.png,NARBE Words,#ff5ce1,https://d18vdu4p71yql0.cloudfront.net/libraries/noun-project/Book-thin_864_584233.svg
Objects,14,toothbrush,toothbrush,https://d18vdu4p71yql0.cloudfront.net/libraries/arasaac/toothbrush.png,#06d6a0,,41,https://d18vdu4p71yql0.cloudfront.net/libraries/arasaac/objects.png,NARBE Words,#ff5ce1,https://d18vdu4p71yql0.cloudfront.net/libraries/noun-project/Book-thin_864_584233.svg
Objects,14,toothpaste,toothpaste,https://d18vdu4p71yql0.cloudfront.net/libraries/arasaac/toothpaste.png,#06d6a0,,42,https://d18vdu4p71yql0.cloudfront.net/libraries/arasaac/objects.png,NARBE Words,#ff5ce1,https://d18vdu4p71yql0.cloudfront.net/libraries/noun-project/Book-thin_864_584233.svg
Objects,14,comb,comb,https://d18vdu4p71yql0.cloudfront.net/libraries/arasaac/comb.png.varianted-skin.png,#06d6a0,,43,https://d18vdu4p71yql0.cloudfront.net/libraries/arasaac/objects.png,NARBE Words,#ff5ce1,https://d18vdu4p71yql0.cloudfront.net/libraries/noun-project/Book-thin_864_584233.svg
Objects,14,razor,razor,https://d18vdu4p71yql0.cloudfront.net/libraries/mulberry/razor.svg,#06d6a0,,44,https://d18vdu4p71yql0.cloudfront.net/libraries/arasaac/objects.png,NARBE Words,#ff5ce1,https://d18vdu4p71yql0.cloudfront.net/libraries/noun-project/Book-thin_864_584233.svg
Objects,14,deodorant,deodorant,https://d18vdu4p71yql0.cloudfront.net/libraries/arasaac/deodorant.png,#06d6a0,,45,https://d18vdu4p71yql0.cloudfront.net/libraries/arasaac/objects.png,NARBE Words,#ff5ce1,https://d18vdu4p71yql0.cloudfront.net/libraries/noun-project/Book-thin_864_584233.svg
Objects,14,sunscreen,sunscreen,https://d18vdu4p71yql0.cloudfront.net/libraries/arasaac/sunscreen.png,#06d6a0,,46,https://d18vdu4p71yql0.cloudfront.net/libraries/arasaac/objects.png,NARBE Words,#ff5ce1,https://d18vdu4p71yql0.cloudfront.net/libraries/noun-project/Book-thin_864_584233.svg
Objects,14,glasses,glasses,https://d18vdu4p71yql0.cloudfront.net/libraries/arasaac/glasses.png,#06d6a0,,47,https://d18vdu4p71yql0.cloudfront.net/libraries/arasaac/objects.png,NARBE Words,#ff5ce1,https://d18vdu4p71yql0.cloudfront.net/libraries/noun-project/Book-thin_864_584233.svg
Objects,14,hearing aid,hearing aid,https://d18vdu4p71yql0.cloudfront.net/libraries/arasaac/hearing aid.png,#06d6a0,,48,https://d18vdu4p71yql0.cloudfront.net/libraries/arasaac/objects.png,NARBE Words,#ff5ce1,https://d18vdu4p71yql0.cloudfront.net/libraries/noun-project/Book-thin_864_584233.svg
Objects,14,wheelchair,wheelchair,https://d18vdu4p71yql0.cloudfront.net/libraries/arasaac/wheelchair.png,#06d6a0,,49,https://d18vdu4p71yql0.cloudfront.net/libraries/arasaac/objects.png,NARBE Words,#ff5ce1,https://d18vdu4p71yql0.cloudfront.net/libraries/noun-project/Book-thin_864_584233.svg
Objects,14,walker,walker,https://d18vdu4p71yql0.cloudfront.net/libraries/arasaac/walker.png,#06d6a0,,50,https://d18vdu4p71yql0.cloudfront.net/libraries/arasaac/objects.png,NARBE Words,#ff5ce1,https://d18vdu4p71yql0.cloudfront.net/libraries/noun-project/Book-thin_864_584233.svg
Objects,14,cane,cane,https://d18vdu4p71yql0.cloudfront.net/libraries/arasaac/dog.png,#06d6a0,,51,https://d18vdu4p71yql0.cloudfront.net/libraries/arasaac/objects.png,NARBE Words,#ff5ce1,https://d18vdu4p71yql0.cloudfront.net/libraries/noun-project/Book-thin_864_584233.svg
Objects,14,brace,brace,https://d18vdu4p71yql0.cloudfront.net/libraries/arasaac/brace.png,#06d6a0,,52,https://d18vdu4p71yql0.cloudfront.net/libraries/arasaac/objects.png,NARBE Words,#ff5ce1,https://d18vdu4p71yql0.cloudfront.net/libraries/noun-project/Book-thin_864_584233.svg
Objects,14,splint,splint,https://d18vdu4p71yql0.cloudfront.net/libraries/arasaac/splint.png,#06d6a0,,53,https://d18vdu4p71yql0.cloudfront.net/libraries/arasaac/objects.png,NARBE Words,#ff5ce1,https://d18vdu4p71yql0.cloudfront.net/libraries/noun-project/Book-thin_864_584233.svg
Objects,14,seatbelt,seatbelt,https://d18vdu4p71yql0.cloudfront.net/libraries/noun-project/Seat Belt-347c5a05a5.svg,#06d6a0,,54,https://d18vdu4p71yql0.cloudfront.net/libraries/arasaac/objects.png,NARBE Words,#ff5ce1,https://d18vdu4p71yql0.cloudfront.net/libraries/noun-project/Book-thin_864_584233.svg
Objects,14,cushion,cushion,https://d18vdu4p71yql0.cloudfront.net/libraries/arasaac/cushion.png,#06d6a0,,55,https://d18vdu4p71yql0.cloudfront.net/libraries/arasaac/objects.png,NARBE Words,#ff5ce1,https://d18vdu4p71yql0.cloudfront.net/libraries/noun-project/Book-thin_864_584233.svg
Objects,14,tray,tray,https://d18vdu4p71yql0.cloudfront.net/libraries/arasaac/tray.png,#06d6a0,,56,https://d18vdu4p71yql0.cloudfront.net/libraries/arasaac/objects.png,NARBE Words,#ff5ce1,https://d18vdu4p71yql0.cloudfront.net/libraries/noun-project/Book-thin_864_584233.svg
Objects,14,fan,fan,https://d18vdu4p71yql0.cloudfront.net/libraries/arasaac/fan.png,#06d6a0,,57,https://d18vdu4p71yql0.cloudfront.net/libraries/arasaac/objects.png,NARBE Words,#ff5ce1,https://d18vdu4p71yql0.cloudfront.net/libraries/noun-project/Book-thin_864_584233.svg
Objects,14,heater,heater,https://d18vdu4p71yql0.cloudfront.net/libraries/arasaac/electric heater.png,#06d6a0,,58,https://d18vdu4p71yql0.cloudfront.net/libraries/arasaac/objects.png,NARBE Words,#ff5ce1,https://d18vdu4p71yql0.cloudfront.net/libraries/noun-project/Book-thin_864_584233.svg
Objects,14,lamp,lamp,https://d18vdu4p71yql0.cloudfront.net/libraries/arasaac/lamp.png,#06d6a0,,59,https://d18vdu4p71yql0.cloudfront.net/libraries/arasaac/objects.png,NARBE Words,#ff5ce1,https://d18vdu4p71yql0.cloudfront.net/libraries/noun-project/Book-thin_864_584233.svg
Objects,14,battery,battery,https://d18vdu4p71yql0.cloudfront.net/libraries/arasaac/battery.png,#06d6a0,,60,https://d18vdu4p71yql0.cloudfront.net/libraries/arasaac/objects.png,NARBE Words,#ff5ce1,https://d18vdu4p71yql0.cloudfront.net/libraries/noun-project/Book-thin_864_584233.svg
Objects,14,plug,plug,https://d18vdu4p71yql0.cloudfront.net/libraries/arasaac/plug.png,#06d6a0,,61,https://d18vdu4p71yql0.cloudfront.net/libraries/arasaac/objects.png,NARBE Words,#ff5ce1,https://d18vdu4p71yql0.cloudfront.net/libraries/noun-project/Book-thin_864_584233.svg
Objects,14,outlet,outlet,https://d18vdu4p71yql0.cloudfront.net/libraries/sclera/outlet.png,#06d6a0,,62,https://d18vdu4p71yql0.cloudfront.net/libraries/arasaac/objects.png,NARBE Words,#ff5ce1,https://d18vdu4p71yql0.cloudfront.net/libraries/noun-project/Book-thin_864_584233.svg
Objects,14,scissors,scissors,https://d18vdu4p71yql0.cloudfront.net/libraries/arasaac/scissors.png,#06d6a0,,63,https://d18vdu4p71yql0.cloudfront.net/libraries/arasaac/objects.png,NARBE Words,#ff5ce1,https://d18vdu4p71yql0.cloudfront.net/libraries/noun-project/Book-thin_864_584233.svg
Objects,14,tape,tape,https://d18vdu4p71yql0.cloudfront.net/libraries/arasaac/tape.png,#06d6a0,,64,https://d18vdu4p71yql0.cloudfront.net/libraries/arasaac/objects.png,NARBE Words,#ff5ce1,https://d18vdu4p71yql0.cloudfront.net/libraries/noun-project/Book-thin_864_584233.svg
Objects,14,pencil,pencil,https://d18vdu4p71yql0.cloudfront.net/libraries/arasaac/pencil.png,#06d6a0,,65,https://d18vdu4p71yql0.cloudfront.net/libraries/arasaac/objects.png,NARBE Words,#ff5ce1,https://d18vdu4p71yql0.cloudfront.net/libraries/noun-project/Book-thin_864_584233.svg
Objects,14,crayon,crayon,https://d18vdu4p71yql0.cloudfront.net/libraries/arasaac/pencil.png,#06d6a0,,66,https://d18vdu4p71yql0.cloudfront.net/libraries/arasaac/objects.png,NARBE Words,#ff5ce1,https://d18vdu4p71yql0.cloudfront.net/libraries/noun-project/Book-thin_864_584233.svg
Objects,14,photo,photo,https://d18vdu4p71yql0.cloudfront.net/libraries/noun-project/Photo_185_g.svg,#06d6a0,,67,https://d18vdu4p71yql0.cloudfront.net/libraries/arasaac/objects.png,NARBE Words,#ff5ce1,https://d18vdu4p71yql0.cloudfront.net/libraries/noun-project/Book-thin_864_584233.svg
Objects,14,picture,picture,https://d18vdu4p71yql0.cloudfront.net/libraries/mulberry/picture.svg,#06d6a0,,68,https://d18vdu4p71yql0.cloudfront.net/libraries/arasaac/objects.png,NARBE Words,#ff5ce1,https://d18vdu4p71yql0.cloudfront.net/libraries/noun-project/Book-thin_864_584233.svg
Objects,14,thing,thing,https://d18vdu4p71yql0.cloudfront.net/libraries/noun-project/thing_718_g.svg,#06d6a0,,69,https://d18vdu4p71yql0.cloudfront.net/libraries/arasaac/objects.png,NARBE Words,#ff5ce1,https://d18vdu4p71yql0.cloudfront.net/libraries/noun-project/Book-thin_864_584233.svg
Objects,14,stuff,stuff,,#06d6a0,,70,https://d18vdu4p71yql0.cloudfront.net/libraries/arasaac/objects.png,NARBE Words,#ff5ce1,https://d18vdu4p71yql0.cloudfront.net/libraries/noun-project/Book-thin_864_584233.svg
Objects,14,ball,ball,https://d18vdu4p71yql0.cloudfront.net/libraries/arasaac/ball.png,#06d6a0,,71,https://d18vdu4p71yql0.cloudfront.net/libraries/arasaac/objects.png,NARBE Words,#ff5ce1,https://d18vdu4p71yql0.cloudfront.net/libraries/noun-project/Book-thin_864_584233.svg
Objects,14,toy,toy,https://d18vdu4p71yql0.cloudfront.net/libraries/arasaac/toy.png,#06d6a0,,72,https://d18vdu4p71yql0.cloudfront.net/libraries/arasaac/objects.png,NARBE Words,#ff5ce1,https://d18vdu4p71yql0.cloudfront.net/libraries/noun-project/Book-thin_864_584233.svg
Objects,14,doll,doll,https://d18vdu4p71yql0.cloudfront.net/libraries/arasaac/doll.png,#06d6a0,,73,https://d18vdu4p71yql0.cloudfront.net/libraries/arasaac/objects.png,NARBE Words,#ff5ce1,https://d18vdu4p71yql0.cloudfront.net/libraries/noun-project/Book-thin_864_584233.svg
Objects,14,blocks,blocks,https://d18vdu4p71yql0.cloudfront.net/libraries/arasaac/blocks.png,#06d6a0,,74,https://d18vdu4p71yql0.cloudfront.net/libraries/arasaac/objects.png,NARBE Words,#ff5ce1,https://d18vdu4p71yql0.cloudfront.net/libraries/noun-project/Book-thin_864_584233.svg
Objects,14,teddy bear,teddy bear,https://d18vdu4p71yql0.cloudfront.net/libraries/arasaac/teddy bear.png,#06d6a0,,75,https://d18vdu4p71yql0.cloudfront.net/libraries/arasaac/objects.png,NARBE Words,#ff5ce1,https://d18vdu4p71yql0.cloudfront.net/libraries/noun-project/Book-thin_864_584233.svg
Objects,14,bubbles,bubbles,https://d18vdu4p71yql0.cloudfront.net/libraries/arasaac/bubbles.png,#06d6a0,,76,https://d18vdu4p71yql0.cloudfront.net/libraries/arasaac/objects.png,NARBE Words,#ff5ce1,https://d18vdu4p71yql0.cloudfront.net/libraries/noun-project/Book-thin_864_584233.svg
Objects,14,kite,kite,https://d18vdu4p71yql0.cloudfront.net/libraries/mulberry/kite.svg,#06d6a0,,77,https://d18vdu4p71yql0.cloudfront.net/libraries/arasaac/objects.png,NARBE Words,#ff5ce1,https://d18vdu4p71yql0.cloudfront.net/libraries/noun-project/Book-thin_864_584233.svg
Objects,14,balloon,balloon,https://d18vdu4p71yql0.cloudfront.net/libraries/arasaac/balloon.png,#06d6a0,,78,https://d18vdu4p71yql0.cloudfront.net/libraries/arasaac/objects.png,NARBE Words,#ff5ce1,https://d18vdu4p71yql0.cloudfront.net/libraries/noun-project/Book-thin_864_584233.svg
Objects,14,hairbrush,hairbrush,https://d18vdu4p71yql0.cloudfront.net/libraries/arasaac/hairbrush.png,#06d6a0,,79,https://d18vdu4p71yql0.cloudfront.net/libraries/arasaac/objects.png,NARBE Words,#ff5ce1,https://d18vdu4p71yql0.cloudfront.net/libraries/noun-project/Book-thin_864_584233.svg
Objects,14,hair dryer,hair dryer,https://d18vdu4p71yql0.cloudfront.net/libraries/arasaac/hair dryer.png,#06d6a0,,80,https://d18vdu4p71yql0.cloudfront.net/libraries/arasaac/objects.png,NARBE Words,#ff5ce1,https://d18vdu4p71yql0.cloudfront.net/libraries/noun-project/Book-thin_864_584233.svg
Objects,14,nail clippers,nail clippers,https://d18vdu4p71yql0.cloudfront.net/libraries/arasaac/nail clippers.png,#06d6a0,,81,https://d18vdu4p71yql0.cloudfront.net/libraries/arasaac/objects.png,NARBE Words,#ff5ce1,https://d18vdu4p71yql0.cloudfront.net/libraries/noun-project/Book-thin_864_584233.svg
Objects,14,washcloth,washcloth,https://d18vdu4p71yql0.cloudfront.net/libraries/sclera/washcloth.png,#06d6a0,,82,https://d18vdu4p71yql0.cloudfront.net/libraries/arasaac/objects.png,NARBE Words,#ff5ce1,https://d18vdu4p71yql0.cloudfront.net/libraries/noun-project/Book-thin_864_584233.svg
Objects,14,sponge,sponge,https://d18vdu4p71yql0.cloudfront.net/libraries/arasaac/sponge.png,#06d6a0,,83,https://d18vdu4p71yql0.cloudfront.net/libraries/arasaac/objects.png,NARBE Words,#ff5ce1,https://d18vdu4p71yql0.cloudfront.net/libraries/noun-project/Book-thin_864_584233.svg
Objects,14,bucket,bucket,https://d18vdu4p71yql0.cloudfront.net/libraries/arasaac/bucket.png,#06d6a0,,84,https://d18vdu4p71yql0.cloudfront.net/libraries/arasaac/objects.png,NARBE Words,#ff5ce1,https://d18vdu4p71yql0.cloudfront.net/libraries/noun-project/Book-thin_864_584233.svg
Objects,14,broom,broom,https://d18vdu4p71yql0.cloudfront.net/libraries/arasaac/broom.png,#06d6a0,,85,https://d18vdu4p71yql0.cloudfront.net/libraries/arasaac/objects.png,NARBE Words,#ff5ce1,https://d18vdu4p71yql0.cloudfront.net/libraries/noun-project/Book-thin_864_584233.svg
Objects,14,vacuum cleaner,vacuum cleaner,https://d18vdu4p71yql0.cloudfront.net/libraries/sclera/vacuum cleaner.png,#06d6a0,,86,https://d18vdu4p71yql0.cloudfront.net/libraries/arasaac/objects.png,NARBE Words,#ff5ce1,https://d18vdu4p71yql0.cloudfront.net/libraries/noun-project/Book-thin_864_584233.svg
Objects,14,laundry basket,laundry basket,https://d18vdu4p71yql0.cloudfront.net/libraries/arasaac/laundry basket.png,#06d6a0,,87,https://d18vdu4p71yql0.cloudfront.net/libraries/arasaac/objects.png,NARBE Words,#ff5ce1,https://d18vdu4p71yql0.cloudfront.net/libraries/noun-project/Book-thin_864_584233.svg
Objects,14,washing machine,washing machine,https://d18vdu4p71yql0.cloudfront.net/libraries/arasaac/washing machine.png,#06d6a0,,88,https://d18vdu4p71yql0.cloudfront.net/libraries/arasaac/objects.png,NARBE Words,#ff5ce1,https://d18vdu4p71yql0.cloudfront.net/libraries/noun-project/Book-thin_864_584233.svg
Objects,14,dryer,dryer,https://d18vdu4p71yql0.cloudfront.net/libraries/arasaac/dryer.png,#06d6a0,,89,https://d18vdu4p71yql0.cloudfront.net/libraries/arasaac/objects.png,NARBE Words,#ff5ce1,https://d18vdu4p71yql0.cloudfront.net/libraries/noun-project/Book-thin_864_584233.svg
Objects,14,dishwasher,dishwasher,https://d18vdu4p71yql0.cloudfront.net/libraries/arasaac/dishwasher.png,#06d6a0,,90,https://d18vdu4p71yql0.cloudfront.net/libraries/arasaac/objects.png,NARBE Words,#ff5ce1,https://d18vdu4p71yql0.cloudfront.net/libraries/noun-project/Book-thin_864_584233.svg
Objects,14,oven,oven,https://d18vdu4p71yql0.cloudfront.net/libraries/arasaac/oven.png,#06d6a0,,91,https://d18vdu4p71yql0.cloudfront.net/libraries/arasaac/objects.png,NARBE Words,#ff5ce1,https://d18vdu4p71yql0.cloudfront.net/libraries/noun-project/Book-thin_864_584233.svg
Objects,14,stove,stove,https://d18vdu4p71yql0.cloudfront.net/libraries/arasaac/stove.png,#06d6a0,,92,https://d18vdu4p71yql0.cloudfront.net/libraries/arasaac/objects.png,NARBE Words,#ff5ce1,https://d18vdu4p71yql0.cloudfront.net/libraries/noun-project/Book-thin_864_584233.svg
Objects,14,microwave,microwave,https://d18vdu4p71yql0.cloudfront.net/libraries/arasaac/microwave.png,#06d6a0,,93,https://d18vdu4p71yql0.cloudfront.net/libraries/arasaac/objects.png,NARBE Words,#ff5ce1,https://d18vdu4p71yql0.cloudfront.net/libraries/noun-project/Book-thin_864_584233.svg
Objects,14,refrigerator,refrigerator,https://d18vdu4p71yql0.cloudfront.net/libraries/arasaac/refrigerator.png,#06d6a0,,94,https://d18vdu4p71yql0.cloudfront.net/libraries/arasaac/objects.png,NARBE Words,#ff5ce1,https://d18vdu4p71yql0.cloudfront.net/libraries/noun-project/Book-thin_864_584233.svg
Objects,14,freezer,freezer,https://d18vdu4p71yql0.cloudfront.net/libraries/mulberry/freezer.svg,#06d6a0,,95,https://d18vdu4p71yql0.cloudfront.net/libraries/arasaac/objects.png,NARBE Words,#ff5ce1,https://d18vdu4p71yql0.cloudfront.net/libraries/noun-project/Book-thin_864_584233.svg
Objects,14,kettle,kettle,https://d18vdu4p71yql0.cloudfront.net/libraries/mulberry/kettle.svg.varianted-skin.svg,#06d6a0,,96,https://d18vdu4p71yql0.cloudfront.net/libraries/arasaac/objects.png,NARBE Words,#ff5ce1,https://d18vdu4p71yql0.cloudfront.net/libraries/noun-project/Book-thin_864_584233.svg
Objects,14,toaster,toaster,https://d18vdu4p71yql0.cloudfront.net/libraries/arasaac/toaster.png,#06d6a0,,97,https://d18vdu4p71yql0.cloudfront.net/libraries/arasaac/objects.png,NARBE Words,#ff5ce1,https://d18vdu4p71yql0.cloudfront.net/libraries/noun-project/Book-thin_864_584233.svg
Objects,14,pan,pan,https://d18vdu4p71yql0.cloudfront.net/libraries/arasaac/gentleman.png,#06d6a0,,98,https://d18vdu4p71yql0.cloudfront.net/libraries/arasaac/objects.png,NARBE Words,#ff5ce1,https://d18vdu4p71yql0.cloudfront.net/libraries/noun-project/Book-thin_864_584233.svg
Objects,14,pot,pot,https://d18vdu4p71yql0.cloudfront.net/libraries/arasaac/pot.png,#06d6a0,,99,https://d18vdu4p71yql0.cloudfront.net/libraries/arasaac/objects.png,NARBE Words,#ff5ce1,https://d18vdu4p71yql0.cloudfront.net/libraries/noun-project/Book-thin_864_584233.svg
Objects,14,lid,lid,https://d18vdu4p71yql0.cloudfront.net/libraries/arasaac/lid.png,#06d6a0,,100,https://d18vdu4p71yql0.cloudfront.net/libraries/arasaac/objects.png,NARBE Words,#ff5ce1,https://d18vdu4p71yql0.cloudfront.net/libraries/noun-project/Book-thin_864_584233.svg
Objects,14,knife,knife,https://d18vdu4p71yql0.cloudfront.net/libraries/arasaac/knife.png,#06d6a0,,101,https://d18vdu4p71yql0.cloudfront.net/libraries/arasaac/objects.png,NARBE Words,#ff5ce1,https://d18vdu4p71yql0.cloudfront.net/libraries/noun-project/Book-thin_864_584233.svg
Objects,14,chopsticks,chopsticks,https://d18vdu4p71yql0.cloudfront.net/libraries/twemoji/1f962.svg,#06d6a0,,102,https://d18vdu4p71yql0.cloudfront.net/libraries/arasaac/objects.png,NARBE Words,#ff5ce1,https://d18vdu4p71yql0.cloudfront.net/libraries/noun-project/Book-thin_864_584233.svg
Objects,14,mug,mug,https://d18vdu4p71yql0.cloudfront.net/libraries/arasaac/mosquito.png,#06d6a0,,103,https://d18vdu4p71yql0.cloudfront.net/libraries/arasaac/objects.png,NARBE Words,#ff5ce1,https://d18vdu4p71yql0.cloudfront.net/libraries/noun-project/Book-thin_864_584233.svg
Objects,14,jug,jug,https://d18vdu4p71yql0.cloudfront.net/libraries/arasaac/jug.png,#06d6a0,,104,https://d18vdu4p71yql0.cloudfront.net/libraries/arasaac/objects.png,NARBE Words,#ff5ce1,https://d18vdu4p71yql0.cloudfront.net/libraries/noun-project/Book-thin_864_584233.svg
Objects,14,lunchbox,lunchbox,https://d18vdu4p71yql0.cloudfront.net/libraries/sclera/lunchbox.png,#06d6a0,,105,https://d18vdu4p71yql0.cloudfront.net/libraries/arasaac/objects.png,NARBE Words,#ff5ce1,https://d18vdu4p71yql0.cloudfront.net/libraries/noun-project/Book-thin_864_584233.svg
Objects,14,water bottle,water bottle,https://d18vdu4p71yql0.cloudfront.net/libraries/noun-project/Water Bottle-01881fe2af.svg,#06d6a0,,106,https://d18vdu4p71yql0.cloudfront.net/libraries/arasaac/objects.png,NARBE Words,#ff5ce1,https://d18vdu4p71yql0.cloudfront.net/libraries/noun-project/Book-thin_864_584233.svg
Objects,14,can opener,can opener,https://d18vdu4p71yql0.cloudfront.net/libraries/mulberry/can opener.svg,#06d6a0,,107,https://d18vdu4p71yql0.cloudfront.net/libraries/arasaac/objects.png,NARBE Words,#ff5ce1,https://d18vdu4p71yql0.cloudfront.net/libraries/noun-project/Book-thin_864_584233.svg
Objects,14,baking tray,baking tray,https://d18vdu4p71yql0.cloudfront.net/libraries/mulberry/baking tray.svg,#06d6a0,,108,https://d18vdu4p71yql0.cloudfront.net/libraries/arasaac/objects.png,NARBE Words,#ff5ce1,https://d18vdu4p71yql0.cloudfront.net/libraries/noun-project/Book-thin_864_584233.svg
Objects,14,cutting board,cutting board,https://d18vdu4p71yql0.cloudfront.net/libraries/noun-project/Cutting-Board_245_557396.svg,#06d6a0,,109,https://d18vdu4p71yql0.cloudfront.net/libraries/arasaac/objects.png,NARBE Words,#ff5ce1,https://d18vdu4p71yql0.cloudfront.net/libraries/noun-project/Book-thin_864_584233.svg
Objects,14,trash can,trash can,https://d18vdu4p71yql0.cloudfront.net/libraries/noun-project/Trash-Can_797_662837.svg,#06d6a0,,110,https://d18vdu4p71yql0.cloudfront.net/libraries/arasaac/objects.png,NARBE Words,#ff5ce1,https://d18vdu4p71yql0.cloudfront.net/libraries/noun-project/Book-thin_864_584233.svg
Objects,14,garbage bag,garbage bag,https://d18vdu4p71yql0.cloudfront.net/libraries/sclera/garbage bag.png,#06d6a0,,111,https://d18vdu4p71yql0.cloudfront.net/libraries/arasaac/objects.png,NARBE Words,#ff5ce1,https://d18vdu4p71yql0.cloudfront.net/libraries/noun-project/Book-thin_864_584233.svg
Objects,14,recycling bin,recycling bin,https://d18vdu4p71yql0.cloudfront.net/libraries/mulberry/recycling bins.svg,#06d6a0,,112,https://d18vdu4p71yql0.cloudfront.net/libraries/arasaac/objects.png,NARBE Words,#ff5ce1,https://d18vdu4p71yql0.cloudfront.net/libraries/noun-project/Book-thin_864_584233.svg
Objects,14,detergent,detergent,https://d18vdu4p71yql0.cloudfront.net/libraries/arasaac/detergent.png.varianted-skin.png,#06d6a0,,113,https://d18vdu4p71yql0.cloudfront.net/libraries/arasaac/objects.png,NARBE Words,#ff5ce1,https://d18vdu4p71yql0.cloudfront.net/libraries/noun-project/Book-thin_864_584233.svg
Objects,14,toilet paper,toilet paper,https://d18vdu4p71yql0.cloudfront.net/libraries/arasaac/toilet paper.png,#06d6a0,,114,https://d18vdu4p71yql0.cloudfront.net/libraries/arasaac/objects.png,NARBE Words,#ff5ce1,https://d18vdu4p71yql0.cloudfront.net/libraries/noun-project/Book-thin_864_584233.svg
Objects,14,wet wipes,wet wipes,https://d18vdu4p71yql0.cloudfront.net/libraries/sclera/wet wipes.png,#06d6a0,,115,https://d18vdu4p71yql0.cloudfront.net/libraries/arasaac/objects.png,NARBE Words,#ff5ce1,https://d18vdu4p71yql0.cloudfront.net/libraries/noun-project/Book-thin_864_584233.svg
Objects,14,pad,pad,https://d18vdu4p71yql0.cloudfront.net/libraries/arasaac/pad.png,#06d6a0,,116,https://d18vdu4p71yql0.cloudfront.net/libraries/arasaac/objects.png,NARBE Words,#ff5ce1,https://d18vdu4p71yql0.cloudfront.net/libraries/noun-project/Book-thin_864_584233.svg
Objects,14,tampon,tampon,https://d18vdu4p71yql0.cloudfront.net/libraries/arasaac/bumper.png,#06d6a0,,117,https://d18vdu4p71yql0.cloudfront.net/libraries/arasaac/objects.png,NARBE Words,#ff5ce1,https://d18vdu4p71yql0.cloudfront.net/libraries/noun-project/Book-thin_864_584233.svg
Objects,14,urinal,urinal,https://d18vdu4p71yql0.cloudfront.net/libraries/arasaac/urinal.png,#06d6a0,,118,https://d18vdu4p71yql0.cloudfront.net/libraries/arasaac/objects.png,NARBE Words,#ff5ce1,https://d18vdu4p71yql0.cloudfront.net/libraries/noun-project/Book-thin_864_584233.svg
Objects,14,commode,commode,https://d18vdu4p71yql0.cloudfront.net/libraries/arasaac/chest of drawers.png,#06d6a0,,119,https://d18vdu4p71yql0.cloudfront.net/libraries/arasaac/objects.png,NARBE Words,#ff5ce1,https://d18vdu4p71yql0.cloudfront.net/libraries/noun-project/Book-thin_864_584233.svg
Objects,14,shower chair,shower chair,,#06d6a0,,120,https://d18vdu4p71yql0.cloudfront.net/libraries/arasaac/objects.png,NARBE Words,#ff5ce1,https://d18vdu4p71yql0.cloudfront.net/libraries/noun-project/Book-thin_864_584233.svg
Objects,14,grab rail,grab rail,,#06d6a0,,121,https://d18vdu4p71yql0.cloudfront.net/libraries/arasaac/objects.png,NARBE Words,#ff5ce1,https://d18vdu4p71yql0.cloudfront.net/libraries/noun-project/Book-thin_864_584233.svg
Objects,14,hoist,hoist,https://d18vdu4p71yql0.cloudfront.net/libraries/mulberry/hoist.svg,#06d6a0,,122,https://d18vdu4p71yql0.cloudfront.net/libraries/arasaac/objects.png,NARBE Words,#ff5ce1,https://d18vdu4p71yql0.cloudfront.net/libraries/noun-project/Book-thin_864_584233.svg
Objects,14,sling,sling,https://d18vdu4p71yql0.cloudfront.net/libraries/mulberry/sling.svg.varianted-skin.svg,#06d6a0,,123,https://d18vdu4p71yql0.cloudfront.net/libraries/arasaac/objects.png,NARBE Words,#ff5ce1,https://d18vdu4p71yql0.cloudfront.net/libraries/noun-project/Book-thin_864_584233.svg
Objects,14,catheter,catheter,https://d18vdu4p71yql0.cloudfront.net/libraries/noun-project/catheter_791_g.svg,#06d6a0,,124,https://d18vdu4p71yql0.cloudfront.net/libraries/arasaac/objects.png,NARBE Words,#ff5ce1,https://d18vdu4p71yql0.cloudfront.net/libraries/noun-project/Book-thin_864_584233.svg
Objects,14,feeding tube,feeding tube,,#06d6a0,,125,https://d18vdu4p71yql0.cloudfront.net/libraries/arasaac/objects.png,NARBE Words,#ff5ce1,https://d18vdu4p71yql0.cloudfront.net/libraries/noun-project/Book-thin_864_584233.svg
Objects,14,syringe,syringe,https://d18vdu4p71yql0.cloudfront.net/libraries/arasaac/syringe.png,#06d6a0,,126,https://d18vdu4p71yql0.cloudfront.net/libraries/arasaac/objects.png,NARBE Words,#ff5ce1,https://d18vdu4p71yql0.cloudfront.net/libraries/noun-project/Book-thin_864_584233.svg
Objects,14,thermometer,thermometer,https://d18vdu4p71yql0.cloudfront.net/libraries/arasaac/thermometer.png,#06d6a0,,127,https://d18vdu4p71yql0.cloudfront.net/libraries/arasaac/objects.png,NARBE Words,#ff5ce1,https://d18vdu4p71yql0.cloudfront.net/libraries/noun-project/Book-thin_864_584233.svg
Objects,14,mask,mask,https://d18vdu4p71yql0.cloudfront.net/libraries/arasaac/mask.png,#06d6a0,,128,https://d18vdu4p71yql0.cloudfront.net/libraries/arasaac/objects.png,NARBE Words,#ff5ce1,https://d18vdu4p71yql0.cloudfront.net/libraries/noun-project/Book-thin_864_584233.svg
Objects,14,first aid kit,first aid kit,https://d18vdu4p71yql0.cloudfront.net/libraries/noun-project/first-aid-kit_796_g.svg,#06d6a0,,129,https://d18vdu4p71yql0.cloudfront.net/libraries/arasaac/objects.png,NARBE Words,#ff5ce1,https://d18vdu4p71yql0.cloudfront.net/libraries/noun-project/Book-thin_864_584233.svg
Objects,14,splints,splints,https://d18vdu4p71yql0.cloudfront.net/libraries/arasaac/splints.png,#06d6a0,,130,https://d18vdu4p71yql0.cloudfront.net/libraries/arasaac/objects.png,NARBE Words,#ff5ce1,https://d18vdu4p71yql0.cloudfront.net/libraries/noun-project/Book-thin_864_584233.svg
Objects,14,crutches,crutches,https://d18vdu4p71yql0.cloudfront.net/libraries/arasaac/crutches.png,#06d6a0,,131,https://d18vdu4p71yql0.cloudfront.net/libraries/arasaac/objects.png,NARBE Words,#ff5ce1,https://d18vdu4p71yql0.cloudfront.net/libraries/noun-project/Book-thin_864_584233.svg
Objects,14,power chair,power chair,,#06d6a0,,132,https://d18vdu4p71yql0.cloudfront.net/libraries/arasaac/objects.png,NARBE Words,#ff5ce1,https://d18vdu4p71yql0.cloudfront.net/libraries/noun-project/Book-thin_864_584233.svg
Objects,14,seat,seat,https://d18vdu4p71yql0.cloudfront.net/libraries/arasaac/seat.png,#06d6a0,,133,https://d18vdu4p71yql0.cloudfront.net/libraries/arasaac/objects.png,NARBE Words,#ff5ce1,https://d18vdu4p71yql0.cloudfront.net/libraries/noun-project/Book-thin_864_584233.svg
Objects,14,headrest,headrest,,#06d6a0,,134,https://d18vdu4p71yql0.cloudfront.net/libraries/arasaac/objects.png,NARBE Words,#ff5ce1,https://d18vdu4p71yql0.cloudfront.net/libraries/noun-project/Book-thin_864_584233.svg
Objects,14,footrest,footrest,,#06d6a0,,135,https://d18vdu4p71yql0.cloudfront.net/libraries/arasaac/objects.png,NARBE Words,#ff5ce1,https://d18vdu4p71yql0.cloudfront.net/libraries/noun-project/Book-thin_864_584233.svg
Objects,14,armrest,armrest,,#06d6a0,,136,https://d18vdu4p71yql0.cloudfront.net/libraries/arasaac/objects.png,NARBE Words,#ff5ce1,https://d18vdu4p71yql0.cloudfront.net/libraries/noun-project/Book-thin_864_584233.svg
Objects,14,joystick,joystick,https://d18vdu4p71yql0.cloudfront.net/libraries/arasaac/joystick.png,#06d6a0,,137,https://d18vdu4p71yql0.cloudfront.net/libraries/arasaac/objects.png,NARBE Words,#ff5ce1,https://d18vdu4p71yql0.cloudfront.net/libraries/noun-project/Book-thin_864_584233.svg
Objects,14,mount,mount,https://d18vdu4p71yql0.cloudfront.net/libraries/arasaac/mount.png,#06d6a0,,138,https://d18vdu4p71yql0.cloudfront.net/libraries/arasaac/objects.png,NARBE Words,#ff5ce1,https://d18vdu4p71yql0.cloudfront.net/libraries/noun-project/Book-thin_864_584233.svg
Objects,14,stylus,stylus,,#06d6a0,,139,https://d18vdu4p71yql0.cloudfront.net/libraries/arasaac/objects.png,NARBE Words,#ff5ce1,https://d18vdu4p71yql0.cloudfront.net/libraries/noun-project/Book-thin_864_584233.svg
Objects,14,pointer,pointer,https://d18vdu4p71yql0.cloudfront.net/libraries/icon_archive/Pointer.png,#06d6a0,,140,https://d18vdu4p71yql0.cloudfront.net/libraries/arasaac/objects.png,NARBE Words,#ff5ce1,https://d18vdu4p71yql0.cloudfront.net/libraries/noun-project/Book-thin_864_584233.svg
Objects,14,communication board,communication board,https://d18vdu4p71yql0.cloudfront.net/libraries/arasaac/communication board.png,#06d6a0,,141,https://d18vdu4p71yql0.cloudfront.net/libraries/arasaac/objects.png,NARBE Words,#ff5ce1,https://d18vdu4p71yql0.cloudfront.net/libraries/noun-project/Book-thin_864_584233.svg
Objects,14,alarm,alarm,https://d18vdu4p71yql0.cloudfront.net/libraries/arasaac/alarm.png,#06d6a0,,142,https://d18vdu4p71yql0.cloudfront.net/libraries/arasaac/objects.png,NARBE Words,#ff5ce1,https://d18vdu4p71yql0.cloudfront.net/libraries/noun-project/Book-thin_864_584233.svg
Objects,14,timer,timer,https://d18vdu4p71yql0.cloudfront.net/libraries/sclera/timer.png,#06d6a0,,143,https://d18vdu4p71yql0.cloudfront.net/libraries/arasaac/objects.png,NARBE Words,#ff5ce1,https://d18vdu4p71yql0.cloudfront.net/libraries/noun-project/Book-thin_864_584233.svg
Objects,14,envelope,envelope,https://d18vdu4p71yql0.cloudfront.net/libraries/arasaac/envelope.png,#06d6a0,,144,https://d18vdu4p71yql0.cloudfront.net/libraries/arasaac/objects.png,NARBE Words,#ff5ce1,https://d18vdu4p71yql0.cloudfront.net/libraries/noun-project/Book-thin_864_584233.svg
Objects,14,stamp,stamp,https://d18vdu4p71yql0.cloudfront.net/libraries/arasaac/stamp.png,#06d6a0,,145,https://d18vdu4p71yql0.cloudfront.net/libraries/arasaac/objects.png,NARBE Words,#ff5ce1,https://d18vdu4p71yql0.cloudfront.net/libraries/noun-project/Book-thin_864_584233.svg
Objects,14,notebook,notebook,https://d18vdu4p71yql0.cloudfront.net/libraries/arasaac/notebook.png,#06d6a0,,146,https://d18vdu4p71yql0.cloudfront.net/libraries/arasaac/objects.png,NARBE Words,#ff5ce1,https://d18vdu4p71yql0.cloudfront.net/libraries/noun-project/Book-thin_864_584233.svg
Objects,14,folder,folder,https://d18vdu4p71yql0.cloudfront.net/libraries/arasaac/folder.png,#06d6a0,,147,https://d18vdu4p71yql0.cloudfront.net/libraries/arasaac/objects.png,NARBE Words,#ff5ce1,https://d18vdu4p71yql0.cloudfront.net/libraries/noun-project/Book-thin_864_584233.svg
Objects,14,eraser,eraser,https://d18vdu4p71yql0.cloudfront.net/libraries/arasaac/eraser.png,#06d6a0,,148,https://d18vdu4p71yql0.cloudfront.net/libraries/arasaac/objects.png,NARBE Words,#ff5ce1,https://d18vdu4p71yql0.cloudfront.net/libraries/noun-project/Book-thin_864_584233.svg
Objects,14,ruler,ruler,https://d18vdu4p71yql0.cloudfront.net/libraries/arasaac/ruler.png,#06d6a0,,149,https://d18vdu4p71yql0.cloudfront.net/libraries/arasaac/objects.png,NARBE Words,#ff5ce1,https://d18vdu4p71yql0.cloudfront.net/libraries/noun-project/Book-thin_864_584233.svg
Objects,14,glue,glue,https://d18vdu4p71yql0.cloudfront.net/libraries/arasaac/glue.png,#06d6a0,,150,https://d18vdu4p71yql0.cloudfront.net/libraries/arasaac/objects.png,NARBE Words,#ff5ce1,https://d18vdu4p71yql0.cloudfront.net/libraries/noun-project/Book-thin_864_584233.svg
Objects,14,stapler,stapler,https://d18vdu4p71yql0.cloudfront.net/libraries/arasaac/stapler.png,#06d6a0,,151,https://d18vdu4p71yql0.cloudfront.net/libraries/arasaac/objects.png,NARBE Words,#ff5ce1,https://d18vdu4p71yql0.cloudfront.net/libraries/noun-project/Book-thin_864_584233.svg
Objects,14,paper clip,paper clip,https://d18vdu4p71yql0.cloudfront.net/libraries/sclera/paper clip.png,#06d6a0,,152,https://d18vdu4p71yql0.cloudfront.net/libraries/arasaac/objects.png,NARBE Words,#ff5ce1,https://d18vdu4p71yql0.cloudfront.net/libraries/noun-project/Book-thin_864_584233.svg
Objects,14,rubber band,rubber band,,#06d6a0,,153,https://d18vdu4p71yql0.cloudfront.net/libraries/arasaac/objects.png,NARBE Words,#ff5ce1,https://d18vdu4p71yql0.cloudfront.net/libraries/noun-project/Book-thin_864_584233.svg
Objects,14,string,string,https://d18vdu4p71yql0.cloudfront.net/libraries/mulberry/string.svg.varianted-skin.svg,#06d6a0,,154,https://d18vdu4p71yql0.cloudfront.net/libraries/arasaac/objects.png,NARBE Words,#ff5ce1,https://d18vdu4p71yql0.cloudfront.net/libraries/noun-project/Book-thin_864_584233.svg
Objects,14,rope,rope,https://d18vdu4p71yql0.cloudfront.net/libraries/arasaac/rope.png,#06d6a0,,155,https://d18vdu4p71yql0.cloudfront.net/libraries/arasaac/objects.png,NARBE Words,#ff5ce1,https://d18vdu4p71yql0.cloudfront.net/libraries/noun-project/Book-thin_864_584233.svg
Objects,14,chain,chain,https://d18vdu4p71yql0.cloudfront.net/libraries/arasaac/chain.png,#06d6a0,,156,https://d18vdu4p71yql0.cloudfront.net/libraries/arasaac/objects.png,NARBE Words,#ff5ce1,https://d18vdu4p71yql0.cloudfront.net/libraries/noun-project/Book-thin_864_584233.svg
Objects,14,padlock,padlock,https://d18vdu4p71yql0.cloudfront.net/libraries/arasaac/padlock.png,#06d6a0,,157,https://d18vdu4p71yql0.cloudfront.net/libraries/arasaac/objects.png,NARBE Words,#ff5ce1,https://d18vdu4p71yql0.cloudfront.net/libraries/noun-project/Book-thin_864_584233.svg
Objects,14,umbrella,umbrella,https://d18vdu4p71yql0.cloudfront.net/libraries/arasaac/umbrella.png,#06d6a0,,158,https://d18vdu4p71yql0.cloudfront.net/libraries/arasaac/objects.png,NARBE Words,#ff5ce1,https://d18vdu4p71yql0.cloudfront.net/libraries/noun-project/Book-thin_864_584233.svg
Objects,14,flashlight,flashlight,https://d18vdu4p71yql0.cloudfront.net/libraries/twemoji/1f526.svg,#06d6a0,,159,https://d18vdu4p71yql0.cloudfront.net/libraries/arasaac/objects.png,NARBE Words,#ff5ce1,https://d18vdu4p71yql0.cloudfront.net/libraries/noun-project/Book-thin_864_584233.svg
Objects,14,tool,tool,https://d18vdu4p71yql0.cloudfront.net/libraries/arasaac/tool.png,#06d6a0,,160,https://d18vdu4p71yql0.cloudfront.net/libraries/arasaac/objects.png,NARBE Words,#ff5ce1,https://d18vdu4p71yql0.cloudfront.net/libraries/noun-project/Book-thin_864_584233.svg
Objects,14,hammer,hammer,https://d18vdu4p71yql0.cloudfront.net/libraries/arasaac/hammer.png,#06d6a0,,161,https://d18vdu4p71yql0.cloudfront.net/libraries/arasaac/objects.png,NARBE Words,#ff5ce1,https://d18vdu4p71yql0.cloudfront.net/libraries/noun-project/Book-thin_864_584233.svg
Objects,14,screwdriver,screwdriver,https://d18vdu4p71yql0.cloudfront.net/libraries/arasaac/screwdriver.png,#06d6a0,,162,https://d18vdu4p71yql0.cloudfront.net/libraries/arasaac/objects.png,NARBE Words,#ff5ce1,https://d18vdu4p71yql0.cloudfront.net/libraries/noun-project/Book-thin_864_584233.svg
Objects,14,screw,screw,https://d18vdu4p71yql0.cloudfront.net/libraries/arasaac/screw.png,#06d6a0,,163,https://d18vdu4p71yql0.cloudfront.net/libraries/arasaac/objects.png,NARBE Words,#ff5ce1,https://d18vdu4p71yql0.cloudfront.net/libraries/noun-project/Book-thin_864_584233.svg
Objects,14,nail,nail,https://d18vdu4p71yql0.cloudfront.net/libraries/arasaac/nail.png.varianted-skin.png,#06d6a0,,164,https://d18vdu4p71yql0.cloudfront.net/libraries/arasaac/objects.png,NARBE Words,#ff5ce1,https://d18vdu4p71yql0.cloudfront.net/libraries/noun-project/Book-thin_864_584233.svg
Objects,14,ladder,ladder,https://d18vdu4p71yql0.cloudfront.net/libraries/sclera/ladder.png,#06d6a0,,165,https://d18vdu4p71yql0.cloudfront.net/libraries/arasaac/objects.png,NARBE Words,#ff5ce1,https://d18vdu4p71yql0.cloudfront.net/libraries/noun-project/Book-thin_864_584233.svg
Objects,14,hose,hose,https://d18vdu4p71yql0.cloudfront.net/libraries/arasaac/hose.png,#06d6a0,,166,https://d18vdu4p71yql0.cloudfront.net/libraries/arasaac/objects.png,NARBE Words,#ff5ce1,https://d18vdu4p71yql0.cloudfront.net/libraries/noun-project/Book-thin_864_584233.svg
Objects,14,watering can,watering can,https://d18vdu4p71yql0.cloudfront.net/libraries/arasaac/watering can.png,#06d6a0,,167,https://d18vdu4p71yql0.cloudfront.net/libraries/arasaac/objects.png,NARBE Words,#ff5ce1,https://d18vdu4p71yql0.cloudfront.net/libraries/noun-project/Book-thin_864_584233.svg
Objects,14,leash,leash,,#06d6a0,,168,https://d18vdu4p71yql0.cloudfront.net/libraries/arasaac/objects.png,NARBE Words,#ff5ce1,https://d18vdu4p71yql0.cloudfront.net/libraries/noun-project/Book-thin_864_584233.svg
Objects,14,collar,collar,https://d18vdu4p71yql0.cloudfront.net/libraries/arasaac/collar.png,#06d6a0,,169,https://d18vdu4p71yql0.cloudfront.net/libraries/arasaac/objects.png,NARBE Words,#ff5ce1,https://d18vdu4p71yql0.cloudfront.net/libraries/noun-project/Book-thin_864_584233.svg
Objects,14,pet food,pet food,,#06d6a0,,170,https://d18vdu4p71yql0.cloudfront.net/libraries/arasaac/objects.png,NARBE Words,#ff5ce1,https://d18vdu4p71yql0.cloudfront.net/libraries/noun-project/Book-thin_864_584233.svg
Clothing,15,shirt,shirt,https://d18vdu4p71yql0.cloudfront.net/libraries/mulberry/shirt.svg,#60a5fa,,1,https://d18vdu4p71yql0.cloudfront.net/libraries/sclera/clothing.png,NARBE Words,#ff5ce1,https://d18vdu4p71yql0.cloudfront.net/libraries/noun-project/Book-thin_864_584233.svg
Clothing,15,pants,pants,https://d18vdu4p71yql0.cloudfront.net/libraries/noun-project/pants_70_g.svg,#60a5fa,,2,https://d18vdu4p71yql0.cloudfront.net/libraries/sclera/clothing.png,NARBE Words,#ff5ce1,https://d18vdu4p71yql0.cloudfront.net/libraries/noun-project/Book-thin_864_584233.svg
Clothing,15,shorts,shorts,https://d18vdu4p71yql0.cloudfront.net/libraries/mulberry/shorts.svg,#60a5fa,,3,https://d18vdu4p71yql0.cloudfront.net/libraries/sclera/clothing.png,NARBE Words,#ff5ce1,https://d18vdu4p71yql0.cloudfront.net/libraries/noun-project/Book-thin_864_584233.svg
Clothing,15,socks,socks,https://d18vdu4p71yql0.cloudfront.net/libraries/arasaac/socks.png,#60a5fa,,4,https://d18vdu4p71yql0.cloudfront.net/libraries/sclera/clothing.png,NARBE Words,#ff5ce1,https://d18vdu4p71yql0.cloudfront.net/libraries/noun-project/Book-thin_864_584233.svg
Clothing,15,shoes,shoes,https://d18vdu4p71yql0.cloudfront.net/libraries/arasaac/sports shoes.png,#60a5fa,,5,https://d18vdu4p71yql0.cloudfront.net/libraries/sclera/clothing.png,NARBE Words,#ff5ce1,https://d18vdu4p71yql0.cloudfront.net/libraries/noun-project/Book-thin_864_584233.svg
Clothing,15,jacket,jacket,https://d18vdu4p71yql0.cloudfront.net/libraries/noun-project/Jacket_215_g.svg,#60a5fa,,6,https://d18vdu4p71yql0.cloudfront.net/libraries/sclera/clothing.png,NARBE Words,#ff5ce1,https://d18vdu4p71yql0.cloudfront.net/libraries/noun-project/Book-thin_864_584233.svg
Clothing,15,coat,coat,https://d18vdu4p71yql0.cloudfront.net/libraries/mulberry/coat.svg,#60a5fa,,7,https://d18vdu4p71yql0.cloudfront.net/libraries/sclera/clothing.png,NARBE Words,#ff5ce1,https://d18vdu4p71yql0.cloudfront.net/libraries/noun-project/Book-thin_864_584233.svg
Clothing,15,sweater,sweater,https://d18vdu4p71yql0.cloudfront.net/libraries/sclera/sweater.png,#60a5fa,,8,https://d18vdu4p71yql0.cloudfront.net/libraries/sclera/clothing.png,NARBE Words,#ff5ce1,https://d18vdu4p71yql0.cloudfront.net/libraries/noun-project/Book-thin_864_584233.svg
Clothing,15,hat,hat,https://d18vdu4p71yql0.cloudfront.net/libraries/arasaac/hat.png,#60a5fa,,9,https://d18vdu4p71yql0.cloudfront.net/libraries/sclera/clothing.png,NARBE Words,#ff5ce1,https://d18vdu4p71yql0.cloudfront.net/libraries/noun-project/Book-thin_864_584233.svg
Clothing,15,gloves,gloves,https://d18vdu4p71yql0.cloudfront.net/libraries/arasaac/gloves.png,#60a5fa,,10,https://d18vdu4p71yql0.cloudfront.net/libraries/sclera/clothing.png,NARBE Words,#ff5ce1,https://d18vdu4p71yql0.cloudfront.net/libraries/noun-project/Book-thin_864_584233.svg
Clothing,15,scarf,scarf,https://d18vdu4p71yql0.cloudfront.net/libraries/arasaac/scarf.png,#60a5fa,,11,https://d18vdu4p71yql0.cloudfront.net/libraries/sclera/clothing.png,NARBE Words,#ff5ce1,https://d18vdu4p71yql0.cloudfront.net/libraries/noun-project/Book-thin_864_584233.svg
Clothing,15,underwear,underwear,https://d18vdu4p71yql0.cloudfront.net/libraries/arasaac/underwear.png,#60a5fa,,12,https://d18vdu4p71yql0.cloudfront.net/libraries/sclera/clothing.png,NARBE Words,#ff5ce1,https://d18vdu4p71yql0.cloudfront.net/libraries/noun-project/Book-thin_864_584233.svg
Clothing,15,diaper,diaper,https://d18vdu4p71yql0.cloudfront.net/libraries/noun-project/diaper_103_679999.svg,#60a5fa,,13,https://d18vdu4p71yql0.cloudfront.net/libraries/sclera/clothing.png,NARBE Words,#ff5ce1,https://d18vdu4p71yql0.cloudfront.net/libraries/noun-project/Book-thin_864_584233.svg
Clothing,15,bra,bra,https://d18vdu4p71yql0.cloudfront.net/libraries/arasaac/bra.png,#60a5fa,,14,https://d18vdu4p71yql0.cloudfront.net/libraries/sclera/clothing.png,NARBE Words,#ff5ce1,https://d18vdu4p71yql0.cloudfront.net/libraries/noun-project/Book-thin_864_584233.svg
Clothing,15,pajamas,pajamas,https://d18vdu4p71yql0.cloudfront.net/libraries/noun-project/Pajamas_243_g.svg,#60a5fa,,15,https://d18vdu4p71yql0.cloudfront.net/libraries/sclera/clothing.png,NARBE Words,#ff5ce1,https://d18vdu4p71yql0.cloudfront.net/libraries/noun-project/Book-thin_864_584233.svg
Clothing,15,boots,boots,https://d18vdu4p71yql0.cloudfront.net/libraries/arasaac/boots.png,#60a5fa,,16,https://d18vdu4p71yql0.cloudfront.net/libraries/sclera/clothing.png,NARBE Words,#ff5ce1,https://d18vdu4p71yql0.cloudfront.net/libraries/noun-project/Book-thin_864_584233.svg
Clothing,15,sandals,sandals,https://d18vdu4p71yql0.cloudfront.net/libraries/arasaac/sandals.png,#60a5fa,,17,https://d18vdu4p71yql0.cloudfront.net/libraries/sclera/clothing.png,NARBE Words,#ff5ce1,https://d18vdu4p71yql0.cloudfront.net/libraries/noun-project/Book-thin_864_584233.svg
Clothing,15,belt,belt,https://d18vdu4p71yql0.cloudfront.net/libraries/arasaac/belt.png,#60a5fa,,18,https://d18vdu4p71yql0.cloudfront.net/libraries/sclera/clothing.png,NARBE Words,#ff5ce1,https://d18vdu4p71yql0.cloudfront.net/libraries/noun-project/Book-thin_864_584233.svg
Clothing,15,zipper,zipper,https://d18vdu4p71yql0.cloudfront.net/libraries/arasaac/zipper.png,#60a5fa,,19,https://d18vdu4p71yql0.cloudfront.net/libraries/sclera/clothing.png,NARBE Words,#ff5ce1,https://d18vdu4p71yql0.cloudfront.net/libraries/noun-project/Book-thin_864_584233.svg
Clothing,15,pocket,pocket,https://d18vdu4p71yql0.cloudfront.net/libraries/arasaac/pocket.png,#60a5fa,,20,https://d18vdu4p71yql0.cloudfront.net/libraries/sclera/clothing.png,NARBE Words,#ff5ce1,https://d18vdu4p71yql0.cloudfront.net/libraries/noun-project/Book-thin_864_584233.svg
Clothing,15,uniform,uniform,https://d18vdu4p71yql0.cloudfront.net/libraries/sclera/uniform.png,#60a5fa,,21,https://d18vdu4p71yql0.cloudfront.net/libraries/sclera/clothing.png,NARBE Words,#ff5ce1,https://d18vdu4p71yql0.cloudfront.net/libraries/noun-project/Book-thin_864_584233.svg
Clothing,15,raincoat,raincoat,https://d18vdu4p71yql0.cloudfront.net/libraries/arasaac/raincoat.png,#60a5fa,,22,https://d18vdu4p71yql0.cloudfront.net/libraries/sclera/clothing.png,NARBE Words,#ff5ce1,https://d18vdu4p71yql0.cloudfront.net/libraries/noun-project/Book-thin_864_584233.svg
Clothing,15,skirt,skirt,https://d18vdu4p71yql0.cloudfront.net/libraries/arasaac/skirt.png,#60a5fa,,23,https://d18vdu4p71yql0.cloudfront.net/libraries/sclera/clothing.png,NARBE Words,#ff5ce1,https://d18vdu4p71yql0.cloudfront.net/libraries/noun-project/Book-thin_864_584233.svg
Clothing,15,jeans,jeans,https://d18vdu4p71yql0.cloudfront.net/libraries/arasaac/jeans.png,#60a5fa,,24,https://d18vdu4p71yql0.cloudfront.net/libraries/sclera/clothing.png,NARBE Words,#ff5ce1,https://d18vdu4p71yql0.cloudfront.net/libraries/noun-project/Book-thin_864_584233.svg
Clothing,15,leggings,leggings,,#60a5fa,,25,https://d18vdu4p71yql0.cloudfront.net/libraries/sclera/clothing.png,NARBE Words,#ff5ce1,https://d18vdu4p71yql0.cloudfront.net/libraries/noun-project/Book-thin_864_584233.svg
Clothing,15,tights,tights,https://d18vdu4p71yql0.cloudfront.net/libraries/arasaac/tights.png.varianted-skin.png,#60a5fa,,26,https://d18vdu4p71yql0.cloudfront.net/libraries/sclera/clothing.png,NARBE Words,#ff5ce1,https://d18vdu4p71yql0.cloudfront.net/libraries/noun-project/Book-thin_864_584233.svg
Clothing,15,sweatshirt,sweatshirt,https://d18vdu4p71yql0.cloudfront.net/libraries/arasaac/sweat shirt.png,#60a5fa,,27,https://d18vdu4p71yql0.cloudfront.net/libraries/sclera/clothing.png,NARBE Words,#ff5ce1,https://d18vdu4p71yql0.cloudfront.net/libraries/noun-project/Book-thin_864_584233.svg
Clothing,15,hoodie,hoodie,,#60a5fa,,28,https://d18vdu4p71yql0.cloudfront.net/libraries/sclera/clothing.png,NARBE Words,#ff5ce1,https://d18vdu4p71yql0.cloudfront.net/libraries/noun-project/Book-thin_864_584233.svg
Clothing,15,vest,vest,https://d18vdu4p71yql0.cloudfront.net/libraries/arasaac/West.png,#60a5fa,,29,https://d18vdu4p71yql0.cloudfront.net/libraries/sclera/clothing.png,NARBE Words,#ff5ce1,https://d18vdu4p71yql0.cloudfront.net/libraries/noun-project/Book-thin_864_584233.svg
Clothing,15,cardigan,cardigan,https://d18vdu4p71yql0.cloudfront.net/libraries/arasaac/cardigan.png,#60a5fa,,30,https://d18vdu4p71yql0.cloudfront.net/libraries/sclera/clothing.png,NARBE Words,#ff5ce1,https://d18vdu4p71yql0.cloudfront.net/libraries/noun-project/Book-thin_864_584233.svg
Clothing,15,suit,suit,https://d18vdu4p71yql0.cloudfront.net/libraries/arasaac/suit.png,#60a5fa,,31,https://d18vdu4p71yql0.cloudfront.net/libraries/sclera/clothing.png,NARBE Words,#ff5ce1,https://d18vdu4p71yql0.cloudfront.net/libraries/noun-project/Book-thin_864_584233.svg
Clothing,15,swimsuit,swimsuit,https://d18vdu4p71yql0.cloudfront.net/libraries/arasaac/swimsuit.png,#60a5fa,,32,https://d18vdu4p71yql0.cloudfront.net/libraries/sclera/clothing.png,NARBE Words,#ff5ce1,https://d18vdu4p71yql0.cloudfront.net/libraries/noun-project/Book-thin_864_584233.svg
Clothing,15,bathing suit,bathing suit,https://d18vdu4p71yql0.cloudfront.net/libraries/sclera/bathing suit.png,#60a5fa,,33,https://d18vdu4p71yql0.cloudfront.net/libraries/sclera/clothing.png,NARBE Words,#ff5ce1,https://d18vdu4p71yql0.cloudfront.net/libraries/noun-project/Book-thin_864_584233.svg
Clothing,15,slippers,slippers,https://d18vdu4p71yql0.cloudfront.net/libraries/arasaac/slippers.png,#60a5fa,,34,https://d18vdu4p71yql0.cloudfront.net/libraries/sclera/clothing.png,NARBE Words,#ff5ce1,https://d18vdu4p71yql0.cloudfront.net/libraries/noun-project/Book-thin_864_584233.svg
Clothing,15,sneakers,sneakers,https://d18vdu4p71yql0.cloudfront.net/libraries/tawasol/Sneakers.png,#60a5fa,,35,https://d18vdu4p71yql0.cloudfront.net/libraries/sclera/clothing.png,NARBE Words,#ff5ce1,https://d18vdu4p71yql0.cloudfront.net/libraries/noun-project/Book-thin_864_584233.svg
Clothing,15,trainers,trainers,https://d18vdu4p71yql0.cloudfront.net/libraries/mulberry/trainers.svg.varianted-skin.svg,#60a5fa,,36,https://d18vdu4p71yql0.cloudfront.net/libraries/sclera/clothing.png,NARBE Words,#ff5ce1,https://d18vdu4p71yql0.cloudfront.net/libraries/noun-project/Book-thin_864_584233.svg
Clothing,15,mittens,mittens,https://d18vdu4p71yql0.cloudfront.net/libraries/arasaac/mittens.png,#60a5fa,,37,https://d18vdu4p71yql0.cloudfront.net/libraries/sclera/clothing.png,NARBE Words,#ff5ce1,https://d18vdu4p71yql0.cloudfront.net/libraries/noun-project/Book-thin_864_584233.svg
Clothing,15,cap,cap,https://d18vdu4p71yql0.cloudfront.net/libraries/arasaac/cap.png,#60a5fa,,38,https://d18vdu4p71yql0.cloudfront.net/libraries/sclera/clothing.png,NARBE Words,#ff5ce1,https://d18vdu4p71yql0.cloudfront.net/libraries/noun-project/Book-thin_864_584233.svg
Clothing,15,helmet,helmet,https://d18vdu4p71yql0.cloudfront.net/libraries/arasaac/helmet.png,#60a5fa,,39,https://d18vdu4p71yql0.cloudfront.net/libraries/sclera/clothing.png,NARBE Words,#ff5ce1,https://d18vdu4p71yql0.cloudfront.net/libraries/noun-project/Book-thin_864_584233.svg
Clothing,15,apron,apron,https://d18vdu4p71yql0.cloudfront.net/libraries/arasaac/apron.png,#60a5fa,,40,https://d18vdu4p71yql0.cloudfront.net/libraries/sclera/clothing.png,NARBE Words,#ff5ce1,https://d18vdu4p71yql0.cloudfront.net/libraries/noun-project/Book-thin_864_584233.svg
Clothing,15,bib,bib,https://d18vdu4p71yql0.cloudfront.net/libraries/arasaac/bib.png,#60a5fa,,41,https://d18vdu4p71yql0.cloudfront.net/libraries/sclera/clothing.png,NARBE Words,#ff5ce1,https://d18vdu4p71yql0.cloudfront.net/libraries/noun-project/Book-thin_864_584233.svg
Clothing,15,overalls,overalls,https://d18vdu4p71yql0.cloudfront.net/libraries/arasaac/overalls.png,#60a5fa,,42,https://d18vdu4p71yql0.cloudfront.net/libraries/sclera/clothing.png,NARBE Words,#ff5ce1,https://d18vdu4p71yql0.cloudfront.net/libraries/noun-project/Book-thin_864_584233.svg
Clothing,15,robe,robe,https://d18vdu4p71yql0.cloudfront.net/libraries/arasaac/dress.png,#60a5fa,,43,https://d18vdu4p71yql0.cloudfront.net/libraries/sclera/clothing.png,NARBE Words,#ff5ce1,https://d18vdu4p71yql0.cloudfront.net/libraries/noun-project/Book-thin_864_584233.svg
Clothing,15,poncho,poncho,https://d18vdu4p71yql0.cloudfront.net/libraries/arasaac/poncho.png,#60a5fa,,44,https://d18vdu4p71yql0.cloudfront.net/libraries/sclera/clothing.png,NARBE Words,#ff5ce1,https://d18vdu4p71yql0.cloudfront.net/libraries/noun-project/Book-thin_864_584233.svg
Clothing,15,rain boots,rain boots,,#60a5fa,,45,https://d18vdu4p71yql0.cloudfront.net/libraries/sclera/clothing.png,NARBE Words,#ff5ce1,https://d18vdu4p71yql0.cloudfront.net/libraries/noun-project/Book-thin_864_584233.svg
Clothing,15,sunglasses,sunglasses,https://d18vdu4p71yql0.cloudfront.net/libraries/arasaac/sunglasses.png,#60a5fa,,46,https://d18vdu4p71yql0.cloudfront.net/libraries/sclera/clothing.png,NARBE Words,#ff5ce1,https://d18vdu4p71yql0.cloudfront.net/libraries/noun-project/Book-thin_864_584233.svg
Clothing,15,jewelry,jewelry,https://d18vdu4p71yql0.cloudfront.net/libraries/arasaac/jewelry.png,#60a5fa,,47,https://d18vdu4p71yql0.cloudfront.net/libraries/sclera/clothing.png,NARBE Words,#ff5ce1,https://d18vdu4p71yql0.cloudfront.net/libraries/noun-project/Book-thin_864_584233.svg
Clothing,15,necklace,necklace,https://d18vdu4p71yql0.cloudfront.net/libraries/mulberry/necklace.svg,#60a5fa,,48,https://d18vdu4p71yql0.cloudfront.net/libraries/sclera/clothing.png,NARBE Words,#ff5ce1,https://d18vdu4p71yql0.cloudfront.net/libraries/noun-project/Book-thin_864_584233.svg
Clothing,15,bracelet,bracelet,https://d18vdu4p71yql0.cloudfront.net/libraries/sclera/bracelet.png,#60a5fa,,49,https://d18vdu4p71yql0.cloudfront.net/libraries/sclera/clothing.png,NARBE Words,#ff5ce1,https://d18vdu4p71yql0.cloudfront.net/libraries/noun-project/Book-thin_864_584233.svg
Clothing,15,earring,earring,https://d18vdu4p71yql0.cloudfront.net/libraries/arasaac/earring.png,#60a5fa,,50,https://d18vdu4p71yql0.cloudfront.net/libraries/sclera/clothing.png,NARBE Words,#ff5ce1,https://d18vdu4p71yql0.cloudfront.net/libraries/noun-project/Book-thin_864_584233.svg
Clothing,15,watch strap,watch strap,,#60a5fa,,51,https://d18vdu4p71yql0.cloudfront.net/libraries/sclera/clothing.png,NARBE Words,#ff5ce1,https://d18vdu4p71yql0.cloudfront.net/libraries/noun-project/Book-thin_864_584233.svg
Clothing,15,shoelace,shoelace,https://d18vdu4p71yql0.cloudfront.net/libraries/noun-project/shoelace_905_g.svg,#60a5fa,,52,https://d18vdu4p71yql0.cloudfront.net/libraries/sclera/clothing.png,NARBE Words,#ff5ce1,https://d18vdu4p71yql0.cloudfront.net/libraries/noun-project/Book-thin_864_584233.svg
Clothing,15,buckle,buckle,https://d18vdu4p71yql0.cloudfront.net/libraries/mulberry/buckle.svg,#60a5fa,,53,https://d18vdu4p71yql0.cloudfront.net/libraries/sclera/clothing.png,NARBE Words,#ff5ce1,https://d18vdu4p71yql0.cloudfront.net/libraries/noun-project/Book-thin_864_584233.svg
Clothing,15,buttonhole,buttonhole,,#60a5fa,,54,https://d18vdu4p71yql0.cloudfront.net/libraries/sclera/clothing.png,NARBE Words,#ff5ce1,https://d18vdu4p71yql0.cloudfront.net/libraries/noun-project/Book-thin_864_584233.svg
Clothing,15,sleeve,sleeve,https://d18vdu4p71yql0.cloudfront.net/libraries/arasaac/sleeve.png,#60a5fa,,55,https://d18vdu4p71yql0.cloudfront.net/libraries/sclera/clothing.png,NARBE Words,#ff5ce1,https://d18vdu4p71yql0.cloudfront.net/libraries/noun-project/Book-thin_864_584233.svg
Clothing,15,hood,hood,https://d18vdu4p71yql0.cloudfront.net/libraries/arasaac/hood.png,#60a5fa,,56,https://d18vdu4p71yql0.cloudfront.net/libraries/sclera/clothing.png,NARBE Words,#ff5ce1,https://d18vdu4p71yql0.cloudfront.net/libraries/noun-project/Book-thin_864_584233.svg
Clothing,15,fabric,fabric,https://d18vdu4p71yql0.cloudfront.net/libraries/arasaac/fabric.png,#60a5fa,,57,https://d18vdu4p71yql0.cloudfront.net/libraries/sclera/clothing.png,NARBE Words,#ff5ce1,https://d18vdu4p71yql0.cloudfront.net/libraries/noun-project/Book-thin_864_584233.svg
Clothing,15,cotton,cotton,https://d18vdu4p71yql0.cloudfront.net/libraries/arasaac/cotton.png,#60a5fa,,58,https://d18vdu4p71yql0.cloudfront.net/libraries/sclera/clothing.png,NARBE Words,#ff5ce1,https://d18vdu4p71yql0.cloudfront.net/libraries/noun-project/Book-thin_864_584233.svg
Clothing,15,wool,wool,https://d18vdu4p71yql0.cloudfront.net/libraries/arasaac/wool.png,#60a5fa,,59,https://d18vdu4p71yql0.cloudfront.net/libraries/sclera/clothing.png,NARBE Words,#ff5ce1,https://d18vdu4p71yql0.cloudfront.net/libraries/noun-project/Book-thin_864_584233.svg
Clothing,15,size,size,https://d18vdu4p71yql0.cloudfront.net/libraries/arasaac/size.png,#60a5fa,,60,https://d18vdu4p71yql0.cloudfront.net/libraries/sclera/clothing.png,NARBE Words,#ff5ce1,https://d18vdu4p71yql0.cloudfront.net/libraries/noun-project/Book-thin_864_584233.svg
Food,16,water,water,https://d18vdu4p71yql0.cloudfront.net/libraries/noun-project/Water-042a5f030b.svg,#d946ef,,1,https://d18vdu4p71yql0.cloudfront.net/libraries/arasaac/food.png,NARBE Words,#ff5ce1,https://d18vdu4p71yql0.cloudfront.net/libraries/noun-project/Book-thin_864_584233.svg
Food,16,juice,juice,https://d18vdu4p71yql0.cloudfront.net/libraries/arasaac/juice.png,#d946ef,,2,https://d18vdu4p71yql0.cloudfront.net/libraries/arasaac/food.png,NARBE Words,#ff5ce1,https://d18vdu4p71yql0.cloudfront.net/libraries/noun-project/Book-thin_864_584233.svg
Food,16,coffee,coffee,https://d18vdu4p71yql0.cloudfront.net/libraries/noun-project/Coffee_930_11819.svg,#d946ef,,3,https://d18vdu4p71yql0.cloudfront.net/libraries/arasaac/food.png,NARBE Words,#ff5ce1,https://d18vdu4p71yql0.cloudfront.net/libraries/noun-project/Book-thin_864_584233.svg
Food,16,tea,tea,https://d18vdu4p71yql0.cloudfront.net/libraries/mulberry/tea.svg,#d946ef,,4,https://d18vdu4p71yql0.cloudfront.net/libraries/arasaac/food.png,NARBE Words,#ff5ce1,https://d18vdu4p71yql0.cloudfront.net/libraries/noun-project/Book-thin_864_584233.svg
Food,16,milk,milk,https://d18vdu4p71yql0.cloudfront.net/libraries/arasaac/milk.png,#d946ef,,5,https://d18vdu4p71yql0.cloudfront.net/libraries/arasaac/food.png,NARBE Words,#ff5ce1,https://d18vdu4p71yql0.cloudfront.net/libraries/noun-project/Book-thin_864_584233.svg
Food,16,bread,bread,https://d18vdu4p71yql0.cloudfront.net/libraries/mulberry/bread.svg,#d946ef,,6,https://d18vdu4p71yql0.cloudfront.net/libraries/arasaac/food.png,NARBE Words,#ff5ce1,https://d18vdu4p71yql0.cloudfront.net/libraries/noun-project/Book-thin_864_584233.svg
Food,16,rice,rice,https://d18vdu4p71yql0.cloudfront.net/libraries/arasaac/rice.png,#d946ef,,7,https://d18vdu4p71yql0.cloudfront.net/libraries/arasaac/food.png,NARBE Words,#ff5ce1,https://d18vdu4p71yql0.cloudfront.net/libraries/noun-project/Book-thin_864_584233.svg
Food,16,pasta,pasta,https://d18vdu4p71yql0.cloudfront.net/libraries/arasaac/pasta.png,#d946ef,,8,https://d18vdu4p71yql0.cloudfront.net/libraries/arasaac/food.png,NARBE Words,#ff5ce1,https://d18vdu4p71yql0.cloudfront.net/libraries/noun-project/Book-thin_864_584233.svg
Food,16,chicken,chicken,https://d18vdu4p71yql0.cloudfront.net/libraries/arasaac/chicken.png,#d946ef,,9,https://d18vdu4p71yql0.cloudfront.net/libraries/arasaac/food.png,NARBE Words,#ff5ce1,https://d18vdu4p71yql0.cloudfront.net/libraries/noun-project/Book-thin_864_584233.svg
Food,16,fish,fish,https://d18vdu4p71yql0.cloudfront.net/libraries/twemoji/1f41f.svg,#d946ef,,10,https://d18vdu4p71yql0.cloudfront.net/libraries/arasaac/food.png,NARBE Words,#ff5ce1,https://d18vdu4p71yql0.cloudfront.net/libraries/noun-project/Book-thin_864_584233.svg
Food,16,meat,meat,https://d18vdu4p71yql0.cloudfront.net/libraries/arasaac/meat.png,#d946ef,,11,https://d18vdu4p71yql0.cloudfront.net/libraries/arasaac/food.png,NARBE Words,#ff5ce1,https://d18vdu4p71yql0.cloudfront.net/libraries/noun-project/Book-thin_864_584233.svg
Food,16,bean,bean,https://d18vdu4p71yql0.cloudfront.net/libraries/arasaac/bean.png,#d946ef,,12,https://d18vdu4p71yql0.cloudfront.net/libraries/arasaac/food.png,NARBE Words,#ff5ce1,https://d18vdu4p71yql0.cloudfront.net/libraries/noun-project/Book-thin_864_584233.svg
Food,16,soup,soup,https://d18vdu4p71yql0.cloudfront.net/libraries/noun-project/Soup_657_g.svg,#d946ef,,13,https://d18vdu4p71yql0.cloudfront.net/libraries/arasaac/food.png,NARBE Words,#ff5ce1,https://d18vdu4p71yql0.cloudfront.net/libraries/noun-project/Book-thin_864_584233.svg
Food,16,egg,egg,https://d18vdu4p71yql0.cloudfront.net/libraries/noun-project/Egg-1467daf7c5.svg,#d946ef,,14,https://d18vdu4p71yql0.cloudfront.net/libraries/arasaac/food.png,NARBE Words,#ff5ce1,https://d18vdu4p71yql0.cloudfront.net/libraries/noun-project/Book-thin_864_584233.svg
Food,16,cheese,cheese,https://d18vdu4p71yql0.cloudfront.net/libraries/arasaac/cheese.png,#d946ef,,15,https://d18vdu4p71yql0.cloudfront.net/libraries/arasaac/food.png,NARBE Words,#ff5ce1,https://d18vdu4p71yql0.cloudfront.net/libraries/noun-project/Book-thin_864_584233.svg
Food,16,yogurt,yogurt,https://d18vdu4p71yql0.cloudfront.net/libraries/arasaac/yogurt.png,#d946ef,,16,https://d18vdu4p71yql0.cloudfront.net/libraries/arasaac/food.png,NARBE Words,#ff5ce1,https://d18vdu4p71yql0.cloudfront.net/libraries/noun-project/Book-thin_864_584233.svg
Food,16,apple,apple,https://d18vdu4p71yql0.cloudfront.net/libraries/arasaac/apple.png,#d946ef,,17,https://d18vdu4p71yql0.cloudfront.net/libraries/arasaac/food.png,NARBE Words,#ff5ce1,https://d18vdu4p71yql0.cloudfront.net/libraries/noun-project/Book-thin_864_584233.svg
Food,16,banana,banana,https://d18vdu4p71yql0.cloudfront.net/libraries/twemoji/1f34c.svg,#d946ef,,18,https://d18vdu4p71yql0.cloudfront.net/libraries/arasaac/food.png,NARBE Words,#ff5ce1,https://d18vdu4p71yql0.cloudfront.net/libraries/noun-project/Book-thin_864_584233.svg
Food,16,orange,orange,https://d18vdu4p71yql0.cloudfront.net/libraries/noun-project/orange.svg,#d946ef,,19,https://d18vdu4p71yql0.cloudfront.net/libraries/arasaac/food.png,NARBE Words,#ff5ce1,https://d18vdu4p71yql0.cloudfront.net/libraries/noun-project/Book-thin_864_584233.svg
Food,16,grape,grape,https://d18vdu4p71yql0.cloudfront.net/libraries/twemoji/1f347.svg,#d946ef,,20,https://d18vdu4p71yql0.cloudfront.net/libraries/arasaac/food.png,NARBE Words,#ff5ce1,https://d18vdu4p71yql0.cloudfront.net/libraries/noun-project/Book-thin_864_584233.svg
Food,16,strawberry,strawberry,https://d18vdu4p71yql0.cloudfront.net/libraries/arasaac/strawberry.png,#d946ef,,21,https://d18vdu4p71yql0.cloudfront.net/libraries/arasaac/food.png,NARBE Words,#ff5ce1,https://d18vdu4p71yql0.cloudfront.net/libraries/noun-project/Book-thin_864_584233.svg
Food,16,blueberry,blueberry,https://d18vdu4p71yql0.cloudfront.net/libraries/arasaac/blueberry.png,#d946ef,,22,https://d18vdu4p71yql0.cloudfront.net/libraries/arasaac/food.png,NARBE Words,#ff5ce1,https://d18vdu4p71yql0.cloudfront.net/libraries/noun-project/Book-thin_864_584233.svg
Food,16,peach,peach,https://d18vdu4p71yql0.cloudfront.net/libraries/arasaac/peach_1.png,#d946ef,,23,https://d18vdu4p71yql0.cloudfront.net/libraries/arasaac/food.png,NARBE Words,#ff5ce1,https://d18vdu4p71yql0.cloudfront.net/libraries/noun-project/Book-thin_864_584233.svg
Food,16,pear,pear,https://d18vdu4p71yql0.cloudfront.net/libraries/twemoji/1f350.svg,#d946ef,,24,https://d18vdu4p71yql0.cloudfront.net/libraries/arasaac/food.png,NARBE Words,#ff5ce1,https://d18vdu4p71yql0.cloudfront.net/libraries/noun-project/Book-thin_864_584233.svg
Food,16,carrot,carrot,https://d18vdu4p71yql0.cloudfront.net/libraries/arasaac/carrot.png,#d946ef,,25,https://d18vdu4p71yql0.cloudfront.net/libraries/arasaac/food.png,NARBE Words,#ff5ce1,https://d18vdu4p71yql0.cloudfront.net/libraries/noun-project/Book-thin_864_584233.svg
Food,16,broccoli,broccoli,https://d18vdu4p71yql0.cloudfront.net/libraries/arasaac/broccoli.png,#d946ef,,26,https://d18vdu4p71yql0.cloudfront.net/libraries/arasaac/food.png,NARBE Words,#ff5ce1,https://d18vdu4p71yql0.cloudfront.net/libraries/noun-project/Book-thin_864_584233.svg
Food,16,potato,potato,https://d18vdu4p71yql0.cloudfront.net/libraries/arasaac/potato.png,#d946ef,,27,https://d18vdu4p71yql0.cloudfront.net/libraries/arasaac/food.png,NARBE Words,#ff5ce1,https://d18vdu4p71yql0.cloudfront.net/libraries/noun-project/Book-thin_864_584233.svg
Food,16,corn,corn,https://d18vdu4p71yql0.cloudfront.net/libraries/arasaac/maize_1.png,#d946ef,,28,https://d18vdu4p71yql0.cloudfront.net/libraries/arasaac/food.png,NARBE Words,#ff5ce1,https://d18vdu4p71yql0.cloudfront.net/libraries/noun-project/Book-thin_864_584233.svg
Food,16,pea,pea,https://d18vdu4p71yql0.cloudfront.net/libraries/mulberry/pea.svg,#d946ef,,29,https://d18vdu4p71yql0.cloudfront.net/libraries/arasaac/food.png,NARBE Words,#ff5ce1,https://d18vdu4p71yql0.cloudfront.net/libraries/noun-project/Book-thin_864_584233.svg
Food,16,tomato,tomato,https://d18vdu4p71yql0.cloudfront.net/libraries/arasaac/tomato.png,#d946ef,,30,https://d18vdu4p71yql0.cloudfront.net/libraries/arasaac/food.png,NARBE Words,#ff5ce1,https://d18vdu4p71yql0.cloudfront.net/libraries/noun-project/Book-thin_864_584233.svg
Food,16,lettuce,lettuce,https://d18vdu4p71yql0.cloudfront.net/libraries/arasaac/lettuce.png,#d946ef,,31,https://d18vdu4p71yql0.cloudfront.net/libraries/arasaac/food.png,NARBE Words,#ff5ce1,https://d18vdu4p71yql0.cloudfront.net/libraries/noun-project/Book-thin_864_584233.svg
Food,16,onion,onion,https://d18vdu4p71yql0.cloudfront.net/libraries/arasaac/onion.png,#d946ef,,32,https://d18vdu4p71yql0.cloudfront.net/libraries/arasaac/food.png,NARBE Words,#ff5ce1,https://d18vdu4p71yql0.cloudfront.net/libraries/noun-project/Book-thin_864_584233.svg
Food,16,cookie,cookie,https://d18vdu4p71yql0.cloudfront.net/libraries/noun-project/Cookie-56d936cd78.svg,#d946ef,,33,https://d18vdu4p71yql0.cloudfront.net/libraries/arasaac/food.png,NARBE Words,#ff5ce1,https://d18vdu4p71yql0.cloudfront.net/libraries/noun-project/Book-thin_864_584233.svg
Food,16,cracker,cracker,https://d18vdu4p71yql0.cloudfront.net/libraries/twemoji/1f358.svg,#d946ef,,34,https://d18vdu4p71yql0.cloudfront.net/libraries/arasaac/food.png,NARBE Words,#ff5ce1,https://d18vdu4p71yql0.cloudfront.net/libraries/noun-project/Book-thin_864_584233.svg
Food,16,chip,chip,https://d18vdu4p71yql0.cloudfront.net/libraries/arasaac/bags of chips.png,#d946ef,,35,https://d18vdu4p71yql0.cloudfront.net/libraries/arasaac/food.png,NARBE Words,#ff5ce1,https://d18vdu4p71yql0.cloudfront.net/libraries/noun-project/Book-thin_864_584233.svg
Food,16,candy,candy,https://d18vdu4p71yql0.cloudfront.net/libraries/arasaac/sweets.png,#d946ef,,36,https://d18vdu4p71yql0.cloudfront.net/libraries/arasaac/food.png,NARBE Words,#ff5ce1,https://d18vdu4p71yql0.cloudfront.net/libraries/noun-project/Book-thin_864_584233.svg
Food,16,chocolate,chocolate,https://d18vdu4p71yql0.cloudfront.net/libraries/mulberry/chocolate.svg,#d946ef,,37,https://d18vdu4p71yql0.cloudfront.net/libraries/arasaac/food.png,NARBE Words,#ff5ce1,https://d18vdu4p71yql0.cloudfront.net/libraries/noun-project/Book-thin_864_584233.svg
Food,16,icecream,icecream,https://d18vdu4p71yql0.cloudfront.net/libraries/sclera/icecream bucket.png,#d946ef,,38,https://d18vdu4p71yql0.cloudfront.net/libraries/arasaac/food.png,NARBE Words,#ff5ce1,https://d18vdu4p71yql0.cloudfront.net/libraries/noun-project/Book-thin_864_584233.svg
Food,16,salt,salt,https://d18vdu4p71yql0.cloudfront.net/libraries/arasaac/salt.png,#d946ef,,39,https://d18vdu4p71yql0.cloudfront.net/libraries/arasaac/food.png,NARBE Words,#ff5ce1,https://d18vdu4p71yql0.cloudfront.net/libraries/noun-project/Book-thin_864_584233.svg
Food,16,pepper,pepper,https://d18vdu4p71yql0.cloudfront.net/libraries/noun-project/Pepper-6c946020bd.svg,#d946ef,,40,https://d18vdu4p71yql0.cloudfront.net/libraries/arasaac/food.png,NARBE Words,#ff5ce1,https://d18vdu4p71yql0.cloudfront.net/libraries/noun-project/Book-thin_864_584233.svg
Food,16,oil,oil,https://d18vdu4p71yql0.cloudfront.net/libraries/noun-project/Oil-74980faff4.svg,#d946ef,,41,https://d18vdu4p71yql0.cloudfront.net/libraries/arasaac/food.png,NARBE Words,#ff5ce1,https://d18vdu4p71yql0.cloudfront.net/libraries/noun-project/Book-thin_864_584233.svg
Food,16,butter,butter,https://d18vdu4p71yql0.cloudfront.net/libraries/arasaac/butter.png,#d946ef,,42,https://d18vdu4p71yql0.cloudfront.net/libraries/arasaac/food.png,NARBE Words,#ff5ce1,https://d18vdu4p71yql0.cloudfront.net/libraries/noun-project/Book-thin_864_584233.svg
Food,16,sauce,sauce,https://d18vdu4p71yql0.cloudfront.net/libraries/twemoji/1f35d.svg,#d946ef,,43,https://d18vdu4p71yql0.cloudfront.net/libraries/arasaac/food.png,NARBE Words,#ff5ce1,https://d18vdu4p71yql0.cloudfront.net/libraries/noun-project/Book-thin_864_584233.svg
Food,16,sandwich,sandwich,https://d18vdu4p71yql0.cloudfront.net/libraries/arasaac/sandwich.png,#d946ef,,44,https://d18vdu4p71yql0.cloudfront.net/libraries/arasaac/food.png,NARBE Words,#ff5ce1,https://d18vdu4p71yql0.cloudfront.net/libraries/noun-project/Book-thin_864_584233.svg
Food,16,toast,toast,https://d18vdu4p71yql0.cloudfront.net/libraries/arasaac/toast.png,#d946ef,,45,https://d18vdu4p71yql0.cloudfront.net/libraries/arasaac/food.png,NARBE Words,#ff5ce1,https://d18vdu4p71yql0.cloudfront.net/libraries/noun-project/Book-thin_864_584233.svg
Food,16,cereal,cereal,https://d18vdu4p71yql0.cloudfront.net/libraries/mulberry/cereal.svg.varianted-skin.svg,#d946ef,,46,https://d18vdu4p71yql0.cloudfront.net/libraries/arasaac/food.png,NARBE Words,#ff5ce1,https://d18vdu4p71yql0.cloudfront.net/libraries/noun-project/Book-thin_864_584233.svg
Food,16,oatmeal,oatmeal,https://d18vdu4p71yql0.cloudfront.net/libraries/mulberry/porridge.svg,#d946ef,,47,https://d18vdu4p71yql0.cloudfront.net/libraries/arasaac/food.png,NARBE Words,#ff5ce1,https://d18vdu4p71yql0.cloudfront.net/libraries/noun-project/Book-thin_864_584233.svg
Food,16,pancake,pancake,https://d18vdu4p71yql0.cloudfront.net/libraries/noun-project/Pancake_539_g.svg,#d946ef,,48,https://d18vdu4p71yql0.cloudfront.net/libraries/arasaac/food.png,NARBE Words,#ff5ce1,https://d18vdu4p71yql0.cloudfront.net/libraries/noun-project/Book-thin_864_584233.svg
Food,16,waffle,waffle,,#d946ef,,49,https://d18vdu4p71yql0.cloudfront.net/libraries/arasaac/food.png,NARBE Words,#ff5ce1,https://d18vdu4p71yql0.cloudfront.net/libraries/noun-project/Book-thin_864_584233.svg
Food,16,muffin,muffin,https://d18vdu4p71yql0.cloudfront.net/libraries/arasaac/muffin.png,#d946ef,,50,https://d18vdu4p71yql0.cloudfront.net/libraries/arasaac/food.png,NARBE Words,#ff5ce1,https://d18vdu4p71yql0.cloudfront.net/libraries/noun-project/Book-thin_864_584233.svg
Food,16,bagel,bagel,https://d18vdu4p71yql0.cloudfront.net/libraries/mulberry/bagel.svg,#d946ef,,51,https://d18vdu4p71yql0.cloudfront.net/libraries/arasaac/food.png,NARBE Words,#ff5ce1,https://d18vdu4p71yql0.cloudfront.net/libraries/noun-project/Book-thin_864_584233.svg
Food,16,salad,salad,https://d18vdu4p71yql0.cloudfront.net/libraries/arasaac/salad.png,#d946ef,,52,https://d18vdu4p71yql0.cloudfront.net/libraries/arasaac/food.png,NARBE Words,#ff5ce1,https://d18vdu4p71yql0.cloudfront.net/libraries/noun-project/Book-thin_864_584233.svg
Food,16,pizza,pizza,https://d18vdu4p71yql0.cloudfront.net/libraries/arasaac/pizza.png,#d946ef,,53,https://d18vdu4p71yql0.cloudfront.net/libraries/arasaac/food.png,NARBE Words,#ff5ce1,https://d18vdu4p71yql0.cloudfront.net/libraries/noun-project/Book-thin_864_584233.svg
Food,16,burger,burger,https://d18vdu4p71yql0.cloudfront.net/libraries/arasaac/hamburger.png,#d946ef,,54,https://d18vdu4p71yql0.cloudfront.net/libraries/arasaac/food.png,NARBE Words,#ff5ce1,https://d18vdu4p71yql0.cloudfront.net/libraries/noun-project/Book-thin_864_584233.svg
Food,16,taco,taco,https://d18vdu4p71yql0.cloudfront.net/libraries/noun-project/Taco_401_209032.svg,#d946ef,,55,https://d18vdu4p71yql0.cloudfront.net/libraries/arasaac/food.png,NARBE Words,#ff5ce1,https://d18vdu4p71yql0.cloudfront.net/libraries/noun-project/Book-thin_864_584233.svg
Food,16,potatoes,potatoes,https://d18vdu4p71yql0.cloudfront.net/libraries/arasaac/potatoes.png,#d946ef,,56,https://d18vdu4p71yql0.cloudfront.net/libraries/arasaac/food.png,NARBE Words,#ff5ce1,https://d18vdu4p71yql0.cloudfront.net/libraries/noun-project/Book-thin_864_584233.svg
Food,16,noodles,noodles,https://d18vdu4p71yql0.cloudfront.net/libraries/arasaac/noodles.png,#d946ef,,57,https://d18vdu4p71yql0.cloudfront.net/libraries/arasaac/food.png,NARBE Words,#ff5ce1,https://d18vdu4p71yql0.cloudfront.net/libraries/noun-project/Book-thin_864_584233.svg
Food,16,eggplant,eggplant,https://d18vdu4p71yql0.cloudfront.net/libraries/twemoji/1f346.svg,#d946ef,,58,https://d18vdu4p71yql0.cloudfront.net/libraries/arasaac/food.png,NARBE Words,#ff5ce1,https://d18vdu4p71yql0.cloudfront.net/libraries/noun-project/Book-thin_864_584233.svg
Food,16,cucumber,cucumber,https://d18vdu4p71yql0.cloudfront.net/libraries/arasaac/cucumber.png,#d946ef,,59,https://d18vdu4p71yql0.cloudfront.net/libraries/arasaac/food.png,NARBE Words,#ff5ce1,https://d18vdu4p71yql0.cloudfront.net/libraries/noun-project/Book-thin_864_584233.svg
Food,16,mushroom,mushroom,https://d18vdu4p71yql0.cloudfront.net/libraries/arasaac/mushroom.png,#d946ef,,60,https://d18vdu4p71yql0.cloudfront.net/libraries/arasaac/food.png,NARBE Words,#ff5ce1,https://d18vdu4p71yql0.cloudfront.net/libraries/noun-project/Book-thin_864_584233.svg
Food,16,spinach,spinach,https://d18vdu4p71yql0.cloudfront.net/libraries/arasaac/spinach.png,#d946ef,,61,https://d18vdu4p71yql0.cloudfront.net/libraries/arasaac/food.png,NARBE Words,#ff5ce1,https://d18vdu4p71yql0.cloudfront.net/libraries/noun-project/Book-thin_864_584233.svg
Food,16,peas,peas,https://d18vdu4p71yql0.cloudfront.net/libraries/arasaac/peas.png,#d946ef,,62,https://d18vdu4p71yql0.cloudfront.net/libraries/arasaac/food.png,NARBE Words,#ff5ce1,https://d18vdu4p71yql0.cloudfront.net/libraries/noun-project/Book-thin_864_584233.svg
Food,16,beans,beans,https://d18vdu4p71yql0.cloudfront.net/libraries/arasaac/beans.png,#d946ef,,63,https://d18vdu4p71yql0.cloudfront.net/libraries/arasaac/food.png,NARBE Words,#ff5ce1,https://d18vdu4p71yql0.cloudfront.net/libraries/noun-project/Book-thin_864_584233.svg
Food,16,berries,berries,https://d18vdu4p71yql0.cloudfront.net/libraries/arasaac/berries.png,#d946ef,,64,https://d18vdu4p71yql0.cloudfront.net/libraries/arasaac/food.png,NARBE Words,#ff5ce1,https://d18vdu4p71yql0.cloudfront.net/libraries/noun-project/Book-thin_864_584233.svg
Food,16,melon,melon,https://d18vdu4p71yql0.cloudfront.net/libraries/arasaac/melon.png,#d946ef,,65,https://d18vdu4p71yql0.cloudfront.net/libraries/arasaac/food.png,NARBE Words,#ff5ce1,https://d18vdu4p71yql0.cloudfront.net/libraries/noun-project/Book-thin_864_584233.svg
Food,16,watermelon,watermelon,https://d18vdu4p71yql0.cloudfront.net/libraries/arasaac/watermelon.png,#d946ef,,66,https://d18vdu4p71yql0.cloudfront.net/libraries/arasaac/food.png,NARBE Words,#ff5ce1,https://d18vdu4p71yql0.cloudfront.net/libraries/noun-project/Book-thin_864_584233.svg
Food,16,pineapple,pineapple,https://d18vdu4p71yql0.cloudfront.net/libraries/arasaac/pineapple.png.varianted-skin.png,#d946ef,,67,https://d18vdu4p71yql0.cloudfront.net/libraries/arasaac/food.png,NARBE Words,#ff5ce1,https://d18vdu4p71yql0.cloudfront.net/libraries/noun-project/Book-thin_864_584233.svg
Food,16,mango,mango,https://d18vdu4p71yql0.cloudfront.net/libraries/mulberry/mango.svg,#d946ef,,68,https://d18vdu4p71yql0.cloudfront.net/libraries/arasaac/food.png,NARBE Words,#ff5ce1,https://d18vdu4p71yql0.cloudfront.net/libraries/noun-project/Book-thin_864_584233.svg
Food,16,lemon,lemon,https://d18vdu4p71yql0.cloudfront.net/libraries/arasaac/lemon.png,#d946ef,,69,https://d18vdu4p71yql0.cloudfront.net/libraries/arasaac/food.png,NARBE Words,#ff5ce1,https://d18vdu4p71yql0.cloudfront.net/libraries/noun-project/Book-thin_864_584233.svg
Food,16,lime,lime,https://d18vdu4p71yql0.cloudfront.net/libraries/arasaac/lime.png,#d946ef,,70,https://d18vdu4p71yql0.cloudfront.net/libraries/arasaac/food.png,NARBE Words,#ff5ce1,https://d18vdu4p71yql0.cloudfront.net/libraries/noun-project/Book-thin_864_584233.svg
Food,16,avocado,avocado,https://d18vdu4p71yql0.cloudfront.net/libraries/arasaac/avocado.png,#d946ef,,71,https://d18vdu4p71yql0.cloudfront.net/libraries/arasaac/food.png,NARBE Words,#ff5ce1,https://d18vdu4p71yql0.cloudfront.net/libraries/noun-project/Book-thin_864_584233.svg
Food,16,peanut,peanut,https://d18vdu4p71yql0.cloudfront.net/libraries/arasaac/peanut.png,#d946ef,,72,https://d18vdu4p71yql0.cloudfront.net/libraries/arasaac/food.png,NARBE Words,#ff5ce1,https://d18vdu4p71yql0.cloudfront.net/libraries/noun-project/Book-thin_864_584233.svg
Food,16,nuts,nuts,https://d18vdu4p71yql0.cloudfront.net/libraries/mulberry/nuts.svg,#d946ef,,73,https://d18vdu4p71yql0.cloudfront.net/libraries/arasaac/food.png,NARBE Words,#ff5ce1,https://d18vdu4p71yql0.cloudfront.net/libraries/noun-project/Book-thin_864_584233.svg
Food,16,peanut butter,peanut butter,https://d18vdu4p71yql0.cloudfront.net/libraries/mulberry/peanut butter.svg.varianted-skin.svg,#d946ef,,74,https://d18vdu4p71yql0.cloudfront.net/libraries/arasaac/food.png,NARBE Words,#ff5ce1,https://d18vdu4p71yql0.cloudfront.net/libraries/noun-project/Book-thin_864_584233.svg
Food,16,jam,jam,https://d18vdu4p71yql0.cloudfront.net/libraries/arasaac/jam.png,#d946ef,,75,https://d18vdu4p71yql0.cloudfront.net/libraries/arasaac/food.png,NARBE Words,#ff5ce1,https://d18vdu4p71yql0.cloudfront.net/libraries/noun-project/Book-thin_864_584233.svg
Food,16,honey,honey,https://d18vdu4p71yql0.cloudfront.net/libraries/arasaac/honey.png,#d946ef,,76,https://d18vdu4p71yql0.cloudfront.net/libraries/arasaac/food.png,NARBE Words,#ff5ce1,https://d18vdu4p71yql0.cloudfront.net/libraries/noun-project/Book-thin_864_584233.svg
Food,16,ketchup,ketchup,https://d18vdu4p71yql0.cloudfront.net/libraries/arasaac/ketchup.png,#d946ef,,77,https://d18vdu4p71yql0.cloudfront.net/libraries/arasaac/food.png,NARBE Words,#ff5ce1,https://d18vdu4p71yql0.cloudfront.net/libraries/noun-project/Book-thin_864_584233.svg
Food,16,mustard,mustard,https://d18vdu4p71yql0.cloudfront.net/libraries/arasaac/mustard.png,#d946ef,,78,https://d18vdu4p71yql0.cloudfront.net/libraries/arasaac/food.png,NARBE Words,#ff5ce1,https://d18vdu4p71yql0.cloudfront.net/libraries/noun-project/Book-thin_864_584233.svg
Food,16,pudding,pudding,https://d18vdu4p71yql0.cloudfront.net/libraries/arasaac/pudding.png,#d946ef,,79,https://d18vdu4p71yql0.cloudfront.net/libraries/arasaac/food.png,NARBE Words,#ff5ce1,https://d18vdu4p71yql0.cloudfront.net/libraries/noun-project/Book-thin_864_584233.svg
Food,16,cake,cake,https://d18vdu4p71yql0.cloudfront.net/libraries/arasaac/cake.png,#d946ef,,80,https://d18vdu4p71yql0.cloudfront.net/libraries/arasaac/food.png,NARBE Words,#ff5ce1,https://d18vdu4p71yql0.cloudfront.net/libraries/noun-project/Book-thin_864_584233.svg
Food,16,popcorn,popcorn,https://d18vdu4p71yql0.cloudfront.net/libraries/arasaac/popcorn.png,#d946ef,,81,https://d18vdu4p71yql0.cloudfront.net/libraries/arasaac/food.png,NARBE Words,#ff5ce1,https://d18vdu4p71yql0.cloudfront.net/libraries/noun-project/Book-thin_864_584233.svg
Food,16,pretzel,pretzel,https://d18vdu4p71yql0.cloudfront.net/libraries/mulberry/pretzel.svg,#d946ef,,82,https://d18vdu4p71yql0.cloudfront.net/libraries/arasaac/food.png,NARBE Words,#ff5ce1,https://d18vdu4p71yql0.cloudfront.net/libraries/noun-project/Book-thin_864_584233.svg
Food,16,biscuit,biscuit,https://d18vdu4p71yql0.cloudfront.net/libraries/arasaac/biscuit.png,#d946ef,,83,https://d18vdu4p71yql0.cloudfront.net/libraries/arasaac/food.png,NARBE Words,#ff5ce1,https://d18vdu4p71yql0.cloudfront.net/libraries/noun-project/Book-thin_864_584233.svg
Food,16,sausage,sausage,https://d18vdu4p71yql0.cloudfront.net/libraries/arasaac/sausage.png,#d946ef,,84,https://d18vdu4p71yql0.cloudfront.net/libraries/arasaac/food.png,NARBE Words,#ff5ce1,https://d18vdu4p71yql0.cloudfront.net/libraries/noun-project/Book-thin_864_584233.svg
Food,16,turkey,turkey,https://d18vdu4p71yql0.cloudfront.net/libraries/arasaac/Turkey.png,#d946ef,,85,https://d18vdu4p71yql0.cloudfront.net/libraries/arasaac/food.png,NARBE Words,#ff5ce1,https://d18vdu4p71yql0.cloudfront.net/libraries/noun-project/Book-thin_864_584233.svg
Food,16,ham,ham,https://d18vdu4p71yql0.cloudfront.net/libraries/arasaac/ham.png,#d946ef,,86,https://d18vdu4p71yql0.cloudfront.net/libraries/arasaac/food.png,NARBE Words,#ff5ce1,https://d18vdu4p71yql0.cloudfront.net/libraries/noun-project/Book-thin_864_584233.svg
Food,16,beef,beef,https://d18vdu4p71yql0.cloudfront.net/libraries/arasaac/beef.png,#d946ef,,87,https://d18vdu4p71yql0.cloudfront.net/libraries/arasaac/food.png,NARBE Words,#ff5ce1,https://d18vdu4p71yql0.cloudfront.net/libraries/noun-project/Book-thin_864_584233.svg
Food,16,tofu,tofu,https://d18vdu4p71yql0.cloudfront.net/libraries/noun-project/Tofu_441_104472.svg,#d946ef,,88,https://d18vdu4p71yql0.cloudfront.net/libraries/arasaac/food.png,NARBE Words,#ff5ce1,https://d18vdu4p71yql0.cloudfront.net/libraries/noun-project/Book-thin_864_584233.svg
Food,16,lentils,lentils,https://d18vdu4p71yql0.cloudfront.net/libraries/arasaac/lentils.png,#d946ef,,89,https://d18vdu4p71yql0.cloudfront.net/libraries/arasaac/food.png,NARBE Words,#ff5ce1,https://d18vdu4p71yql0.cloudfront.net/libraries/noun-project/Book-thin_864_584233.svg
Food,16,soda,soda,https://d18vdu4p71yql0.cloudfront.net/libraries/arasaac/soda.png,#d946ef,,90,https://d18vdu4p71yql0.cloudfront.net/libraries/arasaac/food.png,NARBE Words,#ff5ce1,https://d18vdu4p71yql0.cloudfront.net/libraries/noun-project/Book-thin_864_584233.svg
Food,16,smoothie,smoothie,,#d946ef,,91,https://d18vdu4p71yql0.cloudfront.net/libraries/arasaac/food.png,NARBE Words,#ff5ce1,https://d18vdu4p71yql0.cloudfront.net/libraries/noun-project/Book-thin_864_584233.svg
Food,16,lemonade,lemonade,https://d18vdu4p71yql0.cloudfront.net/libraries/arasaac/lemonade.png,#d946ef,,92,https://d18vdu4p71yql0.cloudfront.net/libraries/arasaac/food.png,NARBE Words,#ff5ce1,https://d18vdu4p71yql0.cloudfront.net/libraries/noun-project/Book-thin_864_584233.svg
Food,16,hot chocolate,hot chocolate,https://d18vdu4p71yql0.cloudfront.net/libraries/arasaac/hot chocolate.png,#d946ef,,93,https://d18vdu4p71yql0.cloudfront.net/libraries/arasaac/food.png,NARBE Words,#ff5ce1,https://d18vdu4p71yql0.cloudfront.net/libraries/noun-project/Book-thin_864_584233.svg
Food,16,food,food,https://d18vdu4p71yql0.cloudfront.net/libraries/arasaac/food.png,#d946ef,,94,https://d18vdu4p71yql0.cloudfront.net/libraries/arasaac/food.png,NARBE Words,#ff5ce1,https://d18vdu4p71yql0.cloudfront.net/libraries/noun-project/Book-thin_864_584233.svg
Food,16,meal,meal,https://d18vdu4p71yql0.cloudfront.net/libraries/tawasol/meals.png,#d946ef,,95,https://d18vdu4p71yql0.cloudfront.net/libraries/arasaac/food.png,NARBE Words,#ff5ce1,https://d18vdu4p71yql0.cloudfront.net/libraries/noun-project/Book-thin_864_584233.svg
Food,16,snack,snack,https://d18vdu4p71yql0.cloudfront.net/libraries/arasaac/snack.png.varianted-skin.png,#d946ef,,96,https://d18vdu4p71yql0.cloudfront.net/libraries/arasaac/food.png,NARBE Words,#ff5ce1,https://d18vdu4p71yql0.cloudfront.net/libraries/noun-project/Book-thin_864_584233.svg
Food,16,breakfast,breakfast,https://d18vdu4p71yql0.cloudfront.net/libraries/arasaac/breakfast.png.varianted-skin.png,#d946ef,,97,https://d18vdu4p71yql0.cloudfront.net/libraries/arasaac/food.png,NARBE Words,#ff5ce1,https://d18vdu4p71yql0.cloudfront.net/libraries/noun-project/Book-thin_864_584233.svg
Food,16,lunch,lunch,https://d18vdu4p71yql0.cloudfront.net/libraries/sclera/lunch.png,#d946ef,,98,https://d18vdu4p71yql0.cloudfront.net/libraries/arasaac/food.png,NARBE Words,#ff5ce1,https://d18vdu4p71yql0.cloudfront.net/libraries/noun-project/Book-thin_864_584233.svg
Food,16,dinner,dinner,https://d18vdu4p71yql0.cloudfront.net/libraries/arasaac/dinner.png,#d946ef,,99,https://d18vdu4p71yql0.cloudfront.net/libraries/arasaac/food.png,NARBE Words,#ff5ce1,https://d18vdu4p71yql0.cloudfront.net/libraries/noun-project/Book-thin_864_584233.svg
Food,16,dessert,dessert,https://d18vdu4p71yql0.cloudfront.net/libraries/arasaac/dessert.png,#d946ef,,100,https://d18vdu4p71yql0.cloudfront.net/libraries/arasaac/food.png,NARBE Words,#ff5ce1,https://d18vdu4p71yql0.cloudfront.net/libraries/noun-project/Book-thin_864_584233.svg
Food,16,fruit,fruit,https://d18vdu4p71yql0.cloudfront.net/libraries/arasaac/fruit.png,#d946ef,,101,https://d18vdu4p71yql0.cloudfront.net/libraries/arasaac/food.png,NARBE Words,#ff5ce1,https://d18vdu4p71yql0.cloudfront.net/libraries/noun-project/Book-thin_864_584233.svg
Food,16,vegetable,vegetable,https://d18vdu4p71yql0.cloudfront.net/libraries/arasaac/vegetable.png,#d946ef,,102,https://d18vdu4p71yql0.cloudfront.net/libraries/arasaac/food.png,NARBE Words,#ff5ce1,https://d18vdu4p71yql0.cloudfront.net/libraries/noun-project/Book-thin_864_584233.svg
Food,16,vegetables,vegetables,https://d18vdu4p71yql0.cloudfront.net/libraries/arasaac/vegetables.png,#d946ef,,103,https://d18vdu4p71yql0.cloudfront.net/libraries/arasaac/food.png,NARBE Words,#ff5ce1,https://d18vdu4p71yql0.cloudfront.net/libraries/noun-project/Book-thin_864_584233.svg
Food,16,protein,protein,https://d18vdu4p71yql0.cloudfront.net/libraries/arasaac/protein.png,#d946ef,,104,https://d18vdu4p71yql0.cloudfront.net/libraries/arasaac/food.png,NARBE Words,#ff5ce1,https://d18vdu4p71yql0.cloudfront.net/libraries/noun-project/Book-thin_864_584233.svg
Food,16,grain,grain,https://d18vdu4p71yql0.cloudfront.net/libraries/sclera/grain.png,#d946ef,,105,https://d18vdu4p71yql0.cloudfront.net/libraries/arasaac/food.png,NARBE Words,#ff5ce1,https://d18vdu4p71yql0.cloudfront.net/libraries/noun-project/Book-thin_864_584233.svg
Food,16,flour,flour,https://d18vdu4p71yql0.cloudfront.net/libraries/arasaac/flour.png,#d946ef,,106,https://d18vdu4p71yql0.cloudfront.net/libraries/arasaac/food.png,NARBE Words,#ff5ce1,https://d18vdu4p71yql0.cloudfront.net/libraries/noun-project/Book-thin_864_584233.svg
Food,16,sugar,sugar,https://d18vdu4p71yql0.cloudfront.net/libraries/arasaac/sugar.png,#d946ef,,107,https://d18vdu4p71yql0.cloudfront.net/libraries/arasaac/food.png,NARBE Words,#ff5ce1,https://d18vdu4p71yql0.cloudfront.net/libraries/noun-project/Book-thin_864_584233.svg
Food,16,cream,cream,https://d18vdu4p71yql0.cloudfront.net/libraries/arasaac/cream.png,#d946ef,,108,https://d18vdu4p71yql0.cloudfront.net/libraries/arasaac/food.png,NARBE Words,#ff5ce1,https://d18vdu4p71yql0.cloudfront.net/libraries/noun-project/Book-thin_864_584233.svg
Food,16,ice,ice,https://d18vdu4p71yql0.cloudfront.net/libraries/arasaac/ice.png,#d946ef,,109,https://d18vdu4p71yql0.cloudfront.net/libraries/arasaac/food.png,NARBE Words,#ff5ce1,https://d18vdu4p71yql0.cloudfront.net/libraries/noun-project/Book-thin_864_584233.svg
Food,16,ice cream,ice cream,https://d18vdu4p71yql0.cloudfront.net/libraries/mulberry/ice cream.svg,#d946ef,,110,https://d18vdu4p71yql0.cloudfront.net/libraries/arasaac/food.png,NARBE Words,#ff5ce1,https://d18vdu4p71yql0.cloudfront.net/libraries/noun-project/Book-thin_864_584233.svg
Food,16,sparkling water,sparkling water,,#d946ef,,111,https://d18vdu4p71yql0.cloudfront.net/libraries/arasaac/food.png,NARBE Words,#ff5ce1,https://d18vdu4p71yql0.cloudfront.net/libraries/noun-project/Book-thin_864_584233.svg
Food,16,decaf,decaf,,#d946ef,,112,https://d18vdu4p71yql0.cloudfront.net/libraries/arasaac/food.png,NARBE Words,#ff5ce1,https://d18vdu4p71yql0.cloudfront.net/libraries/noun-project/Book-thin_864_584233.svg
Food,16,herbal tea,herbal tea,,#d946ef,,113,https://d18vdu4p71yql0.cloudfront.net/libraries/arasaac/food.png,NARBE Words,#ff5ce1,https://d18vdu4p71yql0.cloudfront.net/libraries/noun-project/Book-thin_864_584233.svg
Food,16,apple juice,apple juice,https://d18vdu4p71yql0.cloudfront.net/libraries/arasaac/apple juice.png,#d946ef,,114,https://d18vdu4p71yql0.cloudfront.net/libraries/arasaac/food.png,NARBE Words,#ff5ce1,https://d18vdu4p71yql0.cloudfront.net/libraries/noun-project/Book-thin_864_584233.svg
Food,16,orange juice,orange juice,https://d18vdu4p71yql0.cloudfront.net/libraries/arasaac/orange juice.png,#d946ef,,115,https://d18vdu4p71yql0.cloudfront.net/libraries/arasaac/food.png,NARBE Words,#ff5ce1,https://d18vdu4p71yql0.cloudfront.net/libraries/noun-project/Book-thin_864_584233.svg
Food,16,beer,beer,https://d18vdu4p71yql0.cloudfront.net/libraries/arasaac/beer.png,#d946ef,,116,https://d18vdu4p71yql0.cloudfront.net/libraries/arasaac/food.png,NARBE Words,#ff5ce1,https://d18vdu4p71yql0.cloudfront.net/libraries/noun-project/Book-thin_864_584233.svg
Food,16,wine,wine,https://d18vdu4p71yql0.cloudfront.net/libraries/arasaac/wine.png,#d946ef,,117,https://d18vdu4p71yql0.cloudfront.net/libraries/arasaac/food.png,NARBE Words,#ff5ce1,https://d18vdu4p71yql0.cloudfront.net/libraries/noun-project/Book-thin_864_584233.svg
Food,16,cocktail,cocktail,https://d18vdu4p71yql0.cloudfront.net/libraries/arasaac/cocktail.png,#d946ef,,118,https://d18vdu4p71yql0.cloudfront.net/libraries/arasaac/food.png,NARBE Words,#ff5ce1,https://d18vdu4p71yql0.cloudfront.net/libraries/noun-project/Book-thin_864_584233.svg
Food,16,alcohol,alcohol,https://d18vdu4p71yql0.cloudfront.net/libraries/arasaac/alcohol.png,#d946ef,,119,https://d18vdu4p71yql0.cloudfront.net/libraries/arasaac/food.png,NARBE Words,#ff5ce1,https://d18vdu4p71yql0.cloudfront.net/libraries/noun-project/Book-thin_864_584233.svg
Food,16,nonalcoholic,nonalcoholic,,#d946ef,,120,https://d18vdu4p71yql0.cloudfront.net/libraries/arasaac/food.png,NARBE Words,#ff5ce1,https://d18vdu4p71yql0.cloudfront.net/libraries/noun-project/Book-thin_864_584233.svg
Food,16,sausage roll,sausage roll,https://d18vdu4p71yql0.cloudfront.net/libraries/mulberry/sausage roll.svg,#d946ef,,121,https://d18vdu4p71yql0.cloudfront.net/libraries/arasaac/food.png,NARBE Words,#ff5ce1,https://d18vdu4p71yql0.cloudfront.net/libraries/noun-project/Book-thin_864_584233.svg
Food,16,bacon,bacon,https://d18vdu4p71yql0.cloudfront.net/libraries/arasaac/bacon.png,#d946ef,,122,https://d18vdu4p71yql0.cloudfront.net/libraries/arasaac/food.png,NARBE Words,#ff5ce1,https://d18vdu4p71yql0.cloudfront.net/libraries/noun-project/Book-thin_864_584233.svg
Food,16,steak,steak,https://d18vdu4p71yql0.cloudfront.net/libraries/arasaac/steak.png,#d946ef,,123,https://d18vdu4p71yql0.cloudfront.net/libraries/arasaac/food.png,NARBE Words,#ff5ce1,https://d18vdu4p71yql0.cloudfront.net/libraries/noun-project/Book-thin_864_584233.svg
Food,16,pork,pork,https://d18vdu4p71yql0.cloudfront.net/libraries/arasaac/pork.png,#d946ef,,124,https://d18vdu4p71yql0.cloudfront.net/libraries/arasaac/food.png,NARBE Words,#ff5ce1,https://d18vdu4p71yql0.cloudfront.net/libraries/noun-project/Book-thin_864_584233.svg
Food,16,lamb,lamb,https://d18vdu4p71yql0.cloudfront.net/libraries/arasaac/lamb.png,#d946ef,,125,https://d18vdu4p71yql0.cloudfront.net/libraries/arasaac/food.png,NARBE Words,#ff5ce1,https://d18vdu4p71yql0.cloudfront.net/libraries/noun-project/Book-thin_864_584233.svg
Food,16,salmon,salmon,https://d18vdu4p71yql0.cloudfront.net/libraries/arasaac/salmon.png,#d946ef,,126,https://d18vdu4p71yql0.cloudfront.net/libraries/arasaac/food.png,NARBE Words,#ff5ce1,https://d18vdu4p71yql0.cloudfront.net/libraries/noun-project/Book-thin_864_584233.svg
Food,16,tuna,tuna,https://d18vdu4p71yql0.cloudfront.net/libraries/arasaac/tuna.png,#d946ef,,127,https://d18vdu4p71yql0.cloudfront.net/libraries/arasaac/food.png,NARBE Words,#ff5ce1,https://d18vdu4p71yql0.cloudfront.net/libraries/noun-project/Book-thin_864_584233.svg
Food,16,shrimp,shrimp,https://d18vdu4p71yql0.cloudfront.net/libraries/arasaac/shrimp.png,#d946ef,,128,https://d18vdu4p71yql0.cloudfront.net/libraries/arasaac/food.png,NARBE Words,#ff5ce1,https://d18vdu4p71yql0.cloudfront.net/libraries/noun-project/Book-thin_864_584233.svg
Food,16,prawns,prawns,,#d946ef,,129,https://d18vdu4p71yql0.cloudfront.net/libraries/arasaac/food.png,NARBE Words,#ff5ce1,https://d18vdu4p71yql0.cloudfront.net/libraries/noun-project/Book-thin_864_584233.svg
Food,16,crab,crab,https://d18vdu4p71yql0.cloudfront.net/libraries/arasaac/crab.png,#d946ef,,130,https://d18vdu4p71yql0.cloudfront.net/libraries/arasaac/food.png,NARBE Words,#ff5ce1,https://d18vdu4p71yql0.cloudfront.net/libraries/noun-project/Book-thin_864_584233.svg
Food,16,sushi,sushi,https://d18vdu4p71yql0.cloudfront.net/libraries/twemoji/1f363.svg,#d946ef,,131,https://d18vdu4p71yql0.cloudfront.net/libraries/arasaac/food.png,NARBE Words,#ff5ce1,https://d18vdu4p71yql0.cloudfront.net/libraries/noun-project/Book-thin_864_584233.svg
Food,16,curry,curry,https://d18vdu4p71yql0.cloudfront.net/libraries/mulberry/curry.svg.varianted-skin.svg,#d946ef,,132,https://d18vdu4p71yql0.cloudfront.net/libraries/arasaac/food.png,NARBE Words,#ff5ce1,https://d18vdu4p71yql0.cloudfront.net/libraries/noun-project/Book-thin_864_584233.svg
Food,16,stew,stew,https://d18vdu4p71yql0.cloudfront.net/libraries/arasaac/stew.png,#d946ef,,133,https://d18vdu4p71yql0.cloudfront.net/libraries/arasaac/food.png,NARBE Words,#ff5ce1,https://d18vdu4p71yql0.cloudfront.net/libraries/noun-project/Book-thin_864_584233.svg
Food,16,chili,chili,https://d18vdu4p71yql0.cloudfront.net/libraries/arasaac/Chile.png,#d946ef,,134,https://d18vdu4p71yql0.cloudfront.net/libraries/arasaac/food.png,NARBE Words,#ff5ce1,https://d18vdu4p71yql0.cloudfront.net/libraries/noun-project/Book-thin_864_584233.svg
Food,16,lasagna,lasagna,https://d18vdu4p71yql0.cloudfront.net/libraries/noun-project/lasagna_53_g.svg,#d946ef,,135,https://d18vdu4p71yql0.cloudfront.net/libraries/arasaac/food.png,NARBE Words,#ff5ce1,https://d18vdu4p71yql0.cloudfront.net/libraries/noun-project/Book-thin_864_584233.svg
Food,16,macaroni,macaroni,https://d18vdu4p71yql0.cloudfront.net/libraries/arasaac/macaroni.png,#d946ef,,136,https://d18vdu4p71yql0.cloudfront.net/libraries/arasaac/food.png,NARBE Words,#ff5ce1,https://d18vdu4p71yql0.cloudfront.net/libraries/noun-project/Book-thin_864_584233.svg
Food,16,mashed potatoes,mashed potatoes,https://d18vdu4p71yql0.cloudfront.net/libraries/sclera/mashed potatoes.png,#d946ef,,137,https://d18vdu4p71yql0.cloudfront.net/libraries/arasaac/food.png,NARBE Words,#ff5ce1,https://d18vdu4p71yql0.cloudfront.net/libraries/noun-project/Book-thin_864_584233.svg
Food,16,french fries,french fries,https://d18vdu4p71yql0.cloudfront.net/libraries/twemoji/1f35f.svg,#d946ef,,138,https://d18vdu4p71yql0.cloudfront.net/libraries/arasaac/food.png,NARBE Words,#ff5ce1,https://d18vdu4p71yql0.cloudfront.net/libraries/noun-project/Book-thin_864_584233.svg
Food,16,baked potato,baked potato,,#d946ef,,139,https://d18vdu4p71yql0.cloudfront.net/libraries/arasaac/food.png,NARBE Words,#ff5ce1,https://d18vdu4p71yql0.cloudfront.net/libraries/noun-project/Book-thin_864_584233.svg
Food,16,scrambled eggs,scrambled eggs,,#d946ef,,140,https://d18vdu4p71yql0.cloudfront.net/libraries/arasaac/food.png,NARBE Words,#ff5ce1,https://d18vdu4p71yql0.cloudfront.net/libraries/noun-project/Book-thin_864_584233.svg
Food,16,omelet,omelet,,#d946ef,,141,https://d18vdu4p71yql0.cloudfront.net/libraries/arasaac/food.png,NARBE Words,#ff5ce1,https://d18vdu4p71yql0.cloudfront.net/libraries/noun-project/Book-thin_864_584233.svg
Food,16,boiled egg,boiled egg,,#d946ef,,142,https://d18vdu4p71yql0.cloudfront.net/libraries/arasaac/food.png,NARBE Words,#ff5ce1,https://d18vdu4p71yql0.cloudfront.net/libraries/noun-project/Book-thin_864_584233.svg
Food,16,quiche,quiche,https://d18vdu4p71yql0.cloudfront.net/libraries/sclera/quiche.png,#d946ef,,143,https://d18vdu4p71yql0.cloudfront.net/libraries/arasaac/food.png,NARBE Words,#ff5ce1,https://d18vdu4p71yql0.cloudfront.net/libraries/noun-project/Book-thin_864_584233.svg
Food,16,hummus,hummus,,#d946ef,,144,https://d18vdu4p71yql0.cloudfront.net/libraries/arasaac/food.png,NARBE Words,#ff5ce1,https://d18vdu4p71yql0.cloudfront.net/libraries/noun-project/Book-thin_864_584233.svg
Food,16,falafel,falafel,https://d18vdu4p71yql0.cloudfront.net/libraries/noun-project/Falafel_612_g.svg,#d946ef,,145,https://d18vdu4p71yql0.cloudfront.net/libraries/arasaac/food.png,NARBE Words,#ff5ce1,https://d18vdu4p71yql0.cloudfront.net/libraries/noun-project/Book-thin_864_584233.svg
Food,16,chickpeas,chickpeas,https://d18vdu4p71yql0.cloudfront.net/libraries/arasaac/chickpeas.png,#d946ef,,146,https://d18vdu4p71yql0.cloudfront.net/libraries/arasaac/food.png,NARBE Words,#ff5ce1,https://d18vdu4p71yql0.cloudfront.net/libraries/noun-project/Book-thin_864_584233.svg
Food,16,green beans,green beans,https://d18vdu4p71yql0.cloudfront.net/libraries/arasaac/green beans.png,#d946ef,,147,https://d18vdu4p71yql0.cloudfront.net/libraries/arasaac/food.png,NARBE Words,#ff5ce1,https://d18vdu4p71yql0.cloudfront.net/libraries/noun-project/Book-thin_864_584233.svg
Food,16,cabbage,cabbage,https://d18vdu4p71yql0.cloudfront.net/libraries/arasaac/cabbage.png,#d946ef,,148,https://d18vdu4p71yql0.cloudfront.net/libraries/arasaac/food.png,NARBE Words,#ff5ce1,https://d18vdu4p71yql0.cloudfront.net/libraries/noun-project/Book-thin_864_584233.svg
Food,16,cauliflower,cauliflower,https://d18vdu4p71yql0.cloudfront.net/libraries/arasaac/cauliflower.png,#d946ef,,149,https://d18vdu4p71yql0.cloudfront.net/libraries/arasaac/food.png,NARBE Words,#ff5ce1,https://d18vdu4p71yql0.cloudfront.net/libraries/noun-project/Book-thin_864_584233.svg
Food,16,celery,celery,https://d18vdu4p71yql0.cloudfront.net/libraries/arasaac/celery.png,#d946ef,,150,https://d18vdu4p71yql0.cloudfront.net/libraries/arasaac/food.png,NARBE Words,#ff5ce1,https://d18vdu4p71yql0.cloudfront.net/libraries/noun-project/Book-thin_864_584233.svg
Food,16,beetroot,beetroot,https://d18vdu4p71yql0.cloudfront.net/libraries/arasaac/beetroot.png,#d946ef,,151,https://d18vdu4p71yql0.cloudfront.net/libraries/arasaac/food.png,NARBE Words,#ff5ce1,https://d18vdu4p71yql0.cloudfront.net/libraries/noun-project/Book-thin_864_584233.svg
Food,16,beet,beet,https://d18vdu4p71yql0.cloudfront.net/libraries/arasaac/bite.png.varianted-skin.png,#d946ef,,152,https://d18vdu4p71yql0.cloudfront.net/libraries/arasaac/food.png,NARBE Words,#ff5ce1,https://d18vdu4p71yql0.cloudfront.net/libraries/noun-project/Book-thin_864_584233.svg
Food,16,zucchini,zucchini,https://d18vdu4p71yql0.cloudfront.net/libraries/arasaac/courgettes.png,#d946ef,,153,https://d18vdu4p71yql0.cloudfront.net/libraries/arasaac/food.png,NARBE Words,#ff5ce1,https://d18vdu4p71yql0.cloudfront.net/libraries/noun-project/Book-thin_864_584233.svg
Food,16,squash,squash,https://d18vdu4p71yql0.cloudfront.net/libraries/mulberry/squash.svg,#d946ef,,154,https://d18vdu4p71yql0.cloudfront.net/libraries/arasaac/food.png,NARBE Words,#ff5ce1,https://d18vdu4p71yql0.cloudfront.net/libraries/noun-project/Book-thin_864_584233.svg
Food,16,pumpkin,pumpkin,https://d18vdu4p71yql0.cloudfront.net/libraries/arasaac/pumpkin.png,#d946ef,,155,https://d18vdu4p71yql0.cloudfront.net/libraries/arasaac/food.png,NARBE Words,#ff5ce1,https://d18vdu4p71yql0.cloudfront.net/libraries/noun-project/Book-thin_864_584233.svg
Food,16,sweet potato,sweet potato,https://d18vdu4p71yql0.cloudfront.net/libraries/mulberry/sweet potato.svg,#d946ef,,156,https://d18vdu4p71yql0.cloudfront.net/libraries/arasaac/food.png,NARBE Words,#ff5ce1,https://d18vdu4p71yql0.cloudfront.net/libraries/noun-project/Book-thin_864_584233.svg
Food,16,asparagus,asparagus,https://d18vdu4p71yql0.cloudfront.net/libraries/arasaac/asparagus.png,#d946ef,,157,https://d18vdu4p71yql0.cloudfront.net/libraries/arasaac/food.png,NARBE Words,#ff5ce1,https://d18vdu4p71yql0.cloudfront.net/libraries/noun-project/Book-thin_864_584233.svg
Food,16,radish,radish,https://d18vdu4p71yql0.cloudfront.net/libraries/arasaac/radish.png,#d946ef,,158,https://d18vdu4p71yql0.cloudfront.net/libraries/arasaac/food.png,NARBE Words,#ff5ce1,https://d18vdu4p71yql0.cloudfront.net/libraries/noun-project/Book-thin_864_584233.svg
Food,16,garlic,garlic,https://d18vdu4p71yql0.cloudfront.net/libraries/arasaac/garlic.png,#d946ef,,159,https://d18vdu4p71yql0.cloudfront.net/libraries/arasaac/food.png,NARBE Words,#ff5ce1,https://d18vdu4p71yql0.cloudfront.net/libraries/noun-project/Book-thin_864_584233.svg
Food,16,ginger,ginger,,#d946ef,,160,https://d18vdu4p71yql0.cloudfront.net/libraries/arasaac/food.png,NARBE Words,#ff5ce1,https://d18vdu4p71yql0.cloudfront.net/libraries/noun-project/Book-thin_864_584233.svg
Food,16,olive,olive,https://d18vdu4p71yql0.cloudfront.net/libraries/arasaac/olive.png,#d946ef,,161,https://d18vdu4p71yql0.cloudfront.net/libraries/arasaac/food.png,NARBE Words,#ff5ce1,https://d18vdu4p71yql0.cloudfront.net/libraries/noun-project/Book-thin_864_584233.svg
Food,16,pickles,pickles,https://d18vdu4p71yql0.cloudfront.net/libraries/sclera/pickles.png,#d946ef,,162,https://d18vdu4p71yql0.cloudfront.net/libraries/arasaac/food.png,NARBE Words,#ff5ce1,https://d18vdu4p71yql0.cloudfront.net/libraries/noun-project/Book-thin_864_584233.svg
Food,16,raspberry,raspberry,https://d18vdu4p71yql0.cloudfront.net/libraries/arasaac/raspberry.png,#d946ef,,163,https://d18vdu4p71yql0.cloudfront.net/libraries/arasaac/food.png,NARBE Words,#ff5ce1,https://d18vdu4p71yql0.cloudfront.net/libraries/noun-project/Book-thin_864_584233.svg
Food,16,blackberry,blackberry,https://d18vdu4p71yql0.cloudfront.net/libraries/arasaac/blackberry.png,#d946ef,,164,https://d18vdu4p71yql0.cloudfront.net/libraries/arasaac/food.png,NARBE Words,#ff5ce1,https://d18vdu4p71yql0.cloudfront.net/libraries/noun-project/Book-thin_864_584233.svg
Food,16,cherry,cherry,https://d18vdu4p71yql0.cloudfront.net/libraries/arasaac/cherry.png,#d946ef,,165,https://d18vdu4p71yql0.cloudfront.net/libraries/arasaac/food.png,NARBE Words,#ff5ce1,https://d18vdu4p71yql0.cloudfront.net/libraries/noun-project/Book-thin_864_584233.svg
Food,16,plum,plum,https://d18vdu4p71yql0.cloudfront.net/libraries/arasaac/plum.png,#d946ef,,166,https://d18vdu4p71yql0.cloudfront.net/libraries/arasaac/food.png,NARBE Words,#ff5ce1,https://d18vdu4p71yql0.cloudfront.net/libraries/noun-project/Book-thin_864_584233.svg
Food,16,apricot,apricot,https://d18vdu4p71yql0.cloudfront.net/libraries/arasaac/apricot.png,#d946ef,,167,https://d18vdu4p71yql0.cloudfront.net/libraries/arasaac/food.png,NARBE Words,#ff5ce1,https://d18vdu4p71yql0.cloudfront.net/libraries/noun-project/Book-thin_864_584233.svg
Food,16,nectarine,nectarine,,#d946ef,,168,https://d18vdu4p71yql0.cloudfront.net/libraries/arasaac/food.png,NARBE Words,#ff5ce1,https://d18vdu4p71yql0.cloudfront.net/libraries/noun-project/Book-thin_864_584233.svg
Food,16,kiwi,kiwi,https://d18vdu4p71yql0.cloudfront.net/libraries/arasaac/kiwi.png,#d946ef,,169,https://d18vdu4p71yql0.cloudfront.net/libraries/arasaac/food.png,NARBE Words,#ff5ce1,https://d18vdu4p71yql0.cloudfront.net/libraries/noun-project/Book-thin_864_584233.svg
Food,16,coconut,coconut,https://d18vdu4p71yql0.cloudfront.net/libraries/arasaac/coconut.png,#d946ef,,170,https://d18vdu4p71yql0.cloudfront.net/libraries/arasaac/food.png,NARBE Words,#ff5ce1,https://d18vdu4p71yql0.cloudfront.net/libraries/noun-project/Book-thin_864_584233.svg
Food,16,grapefruit,grapefruit,https://d18vdu4p71yql0.cloudfront.net/libraries/arasaac/grapefruit.png,#d946ef,,171,https://d18vdu4p71yql0.cloudfront.net/libraries/arasaac/food.png,NARBE Words,#ff5ce1,https://d18vdu4p71yql0.cloudfront.net/libraries/noun-project/Book-thin_864_584233.svg
Food,16,raisins,raisins,https://d18vdu4p71yql0.cloudfront.net/libraries/arasaac/raisins.png,#d946ef,,172,https://d18vdu4p71yql0.cloudfront.net/libraries/arasaac/food.png,NARBE Words,#ff5ce1,https://d18vdu4p71yql0.cloudfront.net/libraries/noun-project/Book-thin_864_584233.svg
Food,16,dates,dates,https://d18vdu4p71yql0.cloudfront.net/libraries/arasaac/dates.png,#d946ef,,173,https://d18vdu4p71yql0.cloudfront.net/libraries/arasaac/food.png,NARBE Words,#ff5ce1,https://d18vdu4p71yql0.cloudfront.net/libraries/noun-project/Book-thin_864_584233.svg
Food,16,fig,fig,https://d18vdu4p71yql0.cloudfront.net/libraries/arasaac/fig.png,#d946ef,,174,https://d18vdu4p71yql0.cloudfront.net/libraries/arasaac/food.png,NARBE Words,#ff5ce1,https://d18vdu4p71yql0.cloudfront.net/libraries/noun-project/Book-thin_864_584233.svg
Food,16,almond,almond,https://d18vdu4p71yql0.cloudfront.net/libraries/arasaac/almond.png,#d946ef,,175,https://d18vdu4p71yql0.cloudfront.net/libraries/arasaac/food.png,NARBE Words,#ff5ce1,https://d18vdu4p71yql0.cloudfront.net/libraries/noun-project/Book-thin_864_584233.svg
Food,16,walnut,walnut,https://d18vdu4p71yql0.cloudfront.net/libraries/arasaac/walnut.png,#d946ef,,176,https://d18vdu4p71yql0.cloudfront.net/libraries/arasaac/food.png,NARBE Words,#ff5ce1,https://d18vdu4p71yql0.cloudfront.net/libraries/noun-project/Book-thin_864_584233.svg
Food,16,cashew,cashew,https://d18vdu4p71yql0.cloudfront.net/libraries/mulberry/cashew.svg,#d946ef,,177,https://d18vdu4p71yql0.cloudfront.net/libraries/arasaac/food.png,NARBE Words,#ff5ce1,https://d18vdu4p71yql0.cloudfront.net/libraries/noun-project/Book-thin_864_584233.svg
Food,16,seed,seed,https://d18vdu4p71yql0.cloudfront.net/libraries/arasaac/seed.png,#d946ef,,178,https://d18vdu4p71yql0.cloudfront.net/libraries/arasaac/food.png,NARBE Words,#ff5ce1,https://d18vdu4p71yql0.cloudfront.net/libraries/noun-project/Book-thin_864_584233.svg
Food,16,sunflower seeds,sunflower seeds,,#d946ef,,179,https://d18vdu4p71yql0.cloudfront.net/libraries/arasaac/food.png,NARBE Words,#ff5ce1,https://d18vdu4p71yql0.cloudfront.net/libraries/noun-project/Book-thin_864_584233.svg
Food,16,soy milk,soy milk,,#d946ef,,180,https://d18vdu4p71yql0.cloudfront.net/libraries/arasaac/food.png,NARBE Words,#ff5ce1,https://d18vdu4p71yql0.cloudfront.net/libraries/noun-project/Book-thin_864_584233.svg
Food,16,oat milk,oat milk,,#d946ef,,181,https://d18vdu4p71yql0.cloudfront.net/libraries/arasaac/food.png,NARBE Words,#ff5ce1,https://d18vdu4p71yql0.cloudfront.net/libraries/noun-project/Book-thin_864_584233.svg
Food,16,almond milk,almond milk,,#d946ef,,182,https://d18vdu4p71yql0.cloudfront.net/libraries/arasaac/food.png,NARBE Words,#ff5ce1,https://d18vdu4p71yql0.cloudfront.net/libraries/noun-project/Book-thin_864_584233.svg
Food,16,milkshake,milkshake,https://d18vdu4p71yql0.cloudfront.net/libraries/arasaac/milkshake.png,#d946ef,,183,https://d18vdu4p71yql0.cloudfront.net/libraries/arasaac/food.png,NARBE Words,#ff5ce1,https://d18vdu4p71yql0.cloudfront.net/libraries/noun-project/Book-thin_864_584233.svg
Food,16,cupcake,cupcake,https://d18vdu4p71yql0.cloudfront.net/libraries/noun-project/Cupcake-124d0ca4dc.svg,#d946ef,,184,https://d18vdu4p71yql0.cloudfront.net/libraries/arasaac/food.png,NARBE Words,#ff5ce1,https://d18vdu4p71yql0.cloudfront.net/libraries/noun-project/Book-thin_864_584233.svg
Food,16,brownie,brownie,,#d946ef,,185,https://d18vdu4p71yql0.cloudfront.net/libraries/arasaac/food.png,NARBE Words,#ff5ce1,https://d18vdu4p71yql0.cloudfront.net/libraries/noun-project/Book-thin_864_584233.svg
Food,16,pie,pie,https://d18vdu4p71yql0.cloudfront.net/libraries/arasaac/pie.png,#d946ef,,186,https://d18vdu4p71yql0.cloudfront.net/libraries/arasaac/food.png,NARBE Words,#ff5ce1,https://d18vdu4p71yql0.cloudfront.net/libraries/noun-project/Book-thin_864_584233.svg
Food,16,donut,donut,https://d18vdu4p71yql0.cloudfront.net/libraries/arasaac/donut.png,#d946ef,,187,https://d18vdu4p71yql0.cloudfront.net/libraries/arasaac/food.png,NARBE Words,#ff5ce1,https://d18vdu4p71yql0.cloudfront.net/libraries/noun-project/Book-thin_864_584233.svg
Food,16,doughnut,doughnut,https://d18vdu4p71yql0.cloudfront.net/libraries/arasaac/doughnut.png,#d946ef,,188,https://d18vdu4p71yql0.cloudfront.net/libraries/arasaac/food.png,NARBE Words,#ff5ce1,https://d18vdu4p71yql0.cloudfront.net/libraries/noun-project/Book-thin_864_584233.svg
Food,16,croissant,croissant,https://d18vdu4p71yql0.cloudfront.net/libraries/arasaac/croissant.png,#d946ef,,189,https://d18vdu4p71yql0.cloudfront.net/libraries/arasaac/food.png,NARBE Words,#ff5ce1,https://d18vdu4p71yql0.cloudfront.net/libraries/noun-project/Book-thin_864_584233.svg
Food,16,scone,scone,,#d946ef,,190,https://d18vdu4p71yql0.cloudfront.net/libraries/arasaac/food.png,NARBE Words,#ff5ce1,https://d18vdu4p71yql0.cloudfront.net/libraries/noun-project/Book-thin_864_584233.svg
Food,16,marshmallow,marshmallow,https://d18vdu4p71yql0.cloudfront.net/libraries/noun-project/marshmallow_163_165613.svg,#d946ef,,191,https://d18vdu4p71yql0.cloudfront.net/libraries/arasaac/food.png,NARBE Words,#ff5ce1,https://d18vdu4p71yql0.cloudfront.net/libraries/noun-project/Book-thin_864_584233.svg
Food,16,jelly,jelly,https://d18vdu4p71yql0.cloudfront.net/libraries/mulberry/jelly.svg,#d946ef,,192,https://d18vdu4p71yql0.cloudfront.net/libraries/arasaac/food.png,NARBE Words,#ff5ce1,https://d18vdu4p71yql0.cloudfront.net/libraries/noun-project/Book-thin_864_584233.svg
Food,16,syrup,syrup,https://d18vdu4p71yql0.cloudfront.net/libraries/arasaac/syrup.png,#d946ef,,193,https://d18vdu4p71yql0.cloudfront.net/libraries/arasaac/food.png,NARBE Words,#ff5ce1,https://d18vdu4p71yql0.cloudfront.net/libraries/noun-project/Book-thin_864_584233.svg
Food,16,mayonnaise,mayonnaise,https://d18vdu4p71yql0.cloudfront.net/libraries/arasaac/mayonnaise.png,#d946ef,,194,https://d18vdu4p71yql0.cloudfront.net/libraries/arasaac/food.png,NARBE Words,#ff5ce1,https://d18vdu4p71yql0.cloudfront.net/libraries/noun-project/Book-thin_864_584233.svg
Food,16,vinegar,vinegar,https://d18vdu4p71yql0.cloudfront.net/libraries/arasaac/vinegar.png,#d946ef,,195,https://d18vdu4p71yql0.cloudfront.net/libraries/arasaac/food.png,NARBE Words,#ff5ce1,https://d18vdu4p71yql0.cloudfront.net/libraries/noun-project/Book-thin_864_584233.svg
Food,16,gravy,gravy,,#d946ef,,196,https://d18vdu4p71yql0.cloudfront.net/libraries/arasaac/food.png,NARBE Words,#ff5ce1,https://d18vdu4p71yql0.cloudfront.net/libraries/noun-project/Book-thin_864_584233.svg
Food,16,dressing,dressing,https://d18vdu4p71yql0.cloudfront.net/libraries/noun-project/dressing_665_g.svg,#d946ef,,197,https://d18vdu4p71yql0.cloudfront.net/libraries/arasaac/food.png,NARBE Words,#ff5ce1,https://d18vdu4p71yql0.cloudfront.net/libraries/noun-project/Book-thin_864_584233.svg
Food,16,barbecue sauce,barbecue sauce,,#d946ef,,198,https://d18vdu4p71yql0.cloudfront.net/libraries/arasaac/food.png,NARBE Words,#ff5ce1,https://d18vdu4p71yql0.cloudfront.net/libraries/noun-project/Book-thin_864_584233.svg
Food,16,vanilla,vanilla,https://d18vdu4p71yql0.cloudfront.net/libraries/arasaac/vanilla.png,#d946ef,,199,https://d18vdu4p71yql0.cloudfront.net/libraries/arasaac/food.png,NARBE Words,#ff5ce1,https://d18vdu4p71yql0.cloudfront.net/libraries/noun-project/Book-thin_864_584233.svg
Food,16,cinnamon,cinnamon,https://d18vdu4p71yql0.cloudfront.net/libraries/arasaac/cinnamon.png,#d946ef,,200,https://d18vdu4p71yql0.cloudfront.net/libraries/arasaac/food.png,NARBE Words,#ff5ce1,https://d18vdu4p71yql0.cloudfront.net/libraries/noun-project/Book-thin_864_584233.svg
Food,16,mint,mint,https://d18vdu4p71yql0.cloudfront.net/libraries/arasaac/mint.png,#d946ef,,201,https://d18vdu4p71yql0.cloudfront.net/libraries/arasaac/food.png,NARBE Words,#ff5ce1,https://d18vdu4p71yql0.cloudfront.net/libraries/noun-project/Book-thin_864_584233.svg
Food,16,basil,basil,,#d946ef,,202,https://d18vdu4p71yql0.cloudfront.net/libraries/arasaac/food.png,NARBE Words,#ff5ce1,https://d18vdu4p71yql0.cloudfront.net/libraries/noun-project/Book-thin_864_584233.svg
Food,16,oregano,oregano,https://d18vdu4p71yql0.cloudfront.net/libraries/arasaac/oregano.png,#d946ef,,203,https://d18vdu4p71yql0.cloudfront.net/libraries/arasaac/food.png,NARBE Words,#ff5ce1,https://d18vdu4p71yql0.cloudfront.net/libraries/noun-project/Book-thin_864_584233.svg
Food,16,parsley,parsley,https://d18vdu4p71yql0.cloudfront.net/libraries/arasaac/parsley.png,#d946ef,,204,https://d18vdu4p71yql0.cloudfront.net/libraries/arasaac/food.png,NARBE Words,#ff5ce1,https://d18vdu4p71yql0.cloudfront.net/libraries/noun-project/Book-thin_864_584233.svg
Food,16,gluten,gluten,,#d946ef,,205,https://d18vdu4p71yql0.cloudfront.net/libraries/arasaac/food.png,NARBE Words,#ff5ce1,https://d18vdu4p71yql0.cloudfront.net/libraries/noun-project/Book-thin_864_584233.svg
Food,16,dairy,dairy,https://d18vdu4p71yql0.cloudfront.net/libraries/sclera/dairy.png,#d946ef,,206,https://d18vdu4p71yql0.cloudfront.net/libraries/arasaac/food.png,NARBE Words,#ff5ce1,https://d18vdu4p71yql0.cloudfront.net/libraries/noun-project/Book-thin_864_584233.svg
Food,16,caffeine,caffeine,,#d946ef,,207,https://d18vdu4p71yql0.cloudfront.net/libraries/arasaac/food.png,NARBE Words,#ff5ce1,https://d18vdu4p71yql0.cloudfront.net/libraries/noun-project/Book-thin_864_584233.svg
Food,16,ingredient,ingredient,https://d18vdu4p71yql0.cloudfront.net/libraries/arasaac/ingredients.png,#d946ef,,208,https://d18vdu4p71yql0.cloudfront.net/libraries/arasaac/food.png,NARBE Words,#ff5ce1,https://d18vdu4p71yql0.cloudfront.net/libraries/noun-project/Book-thin_864_584233.svg
Food,16,portion,portion,https://d18vdu4p71yql0.cloudfront.net/libraries/noun-project/portion_316_g.svg,#d946ef,,209,https://d18vdu4p71yql0.cloudfront.net/libraries/arasaac/food.png,NARBE Words,#ff5ce1,https://d18vdu4p71yql0.cloudfront.net/libraries/noun-project/Book-thin_864_584233.svg
Food,16,bite,bite,https://d18vdu4p71yql0.cloudfront.net/libraries/arasaac/bite.png.varianted-skin.png,#d946ef,,210,https://d18vdu4p71yql0.cloudfront.net/libraries/arasaac/food.png,NARBE Words,#ff5ce1,https://d18vdu4p71yql0.cloudfront.net/libraries/noun-project/Book-thin_864_584233.svg
Food,16,sip,sip,,#d946ef,,211,https://d18vdu4p71yql0.cloudfront.net/libraries/arasaac/food.png,NARBE Words,#ff5ce1,https://d18vdu4p71yql0.cloudfront.net/libraries/noun-project/Book-thin_864_584233.svg
Colors,17,red,red,https://d18vdu4p71yql0.cloudfront.net/libraries/noun-project/red.svg,#a855f7,,1,https://d18vdu4p71yql0.cloudfront.net/libraries/arasaac/wax colors.png,NARBE Words,#ff5ce1,https://d18vdu4p71yql0.cloudfront.net/libraries/noun-project/Book-thin_864_584233.svg
Colors,17,blue,blue,https://d18vdu4p71yql0.cloudfront.net/libraries/noun-project/blue.svg,#a855f7,,2,https://d18vdu4p71yql0.cloudfront.net/libraries/arasaac/wax colors.png,NARBE Words,#ff5ce1,https://d18vdu4p71yql0.cloudfront.net/libraries/noun-project/Book-thin_864_584233.svg
Colors,17,green,green,https://d18vdu4p71yql0.cloudfront.net/libraries/noun-project/green.svg,#a855f7,,3,https://d18vdu4p71yql0.cloudfront.net/libraries/arasaac/wax colors.png,NARBE Words,#ff5ce1,https://d18vdu4p71yql0.cloudfront.net/libraries/noun-project/Book-thin_864_584233.svg
Colors,17,yellow,yellow,https://d18vdu4p71yql0.cloudfront.net/libraries/noun-project/yellow.svg,#a855f7,,4,https://d18vdu4p71yql0.cloudfront.net/libraries/arasaac/wax colors.png,NARBE Words,#ff5ce1,https://d18vdu4p71yql0.cloudfront.net/libraries/noun-project/Book-thin_864_584233.svg
Colors,17,purple,purple,https://d18vdu4p71yql0.cloudfront.net/libraries/arasaac/purple.png,#a855f7,,5,https://d18vdu4p71yql0.cloudfront.net/libraries/arasaac/wax colors.png,NARBE Words,#ff5ce1,https://d18vdu4p71yql0.cloudfront.net/libraries/noun-project/Book-thin_864_584233.svg
Colors,17,pink,pink,https://d18vdu4p71yql0.cloudfront.net/libraries/arasaac/pink.png,#a855f7,,6,https://d18vdu4p71yql0.cloudfront.net/libraries/arasaac/wax colors.png,NARBE Words,#ff5ce1,https://d18vdu4p71yql0.cloudfront.net/libraries/noun-project/Book-thin_864_584233.svg
Colors,17,brown,brown,https://d18vdu4p71yql0.cloudfront.net/libraries/noun-project/brown.svg,#a855f7,,7,https://d18vdu4p71yql0.cloudfront.net/libraries/arasaac/wax colors.png,NARBE Words,#ff5ce1,https://d18vdu4p71yql0.cloudfront.net/libraries/noun-project/Book-thin_864_584233.svg
Colors,17,black,black,https://d18vdu4p71yql0.cloudfront.net/libraries/noun-project/black.svg,#a855f7,,8,https://d18vdu4p71yql0.cloudfront.net/libraries/arasaac/wax colors.png,NARBE Words,#ff5ce1,https://d18vdu4p71yql0.cloudfront.net/libraries/noun-project/Book-thin_864_584233.svg
Colors,17,white,white,https://d18vdu4p71yql0.cloudfront.net/libraries/noun-project/white.svg,#a855f7,,9,https://d18vdu4p71yql0.cloudfront.net/libraries/arasaac/wax colors.png,NARBE Words,#ff5ce1,https://d18vdu4p71yql0.cloudfront.net/libraries/noun-project/Book-thin_864_584233.svg
Colors,17,gray,gray,https://d18vdu4p71yql0.cloudfront.net/libraries/noun-project/gray.svg,#a855f7,,10,https://d18vdu4p71yql0.cloudfront.net/libraries/arasaac/wax colors.png,NARBE Words,#ff5ce1,https://d18vdu4p71yql0.cloudfront.net/libraries/noun-project/Book-thin_864_584233.svg
Colors,17,grey,grey,https://d18vdu4p71yql0.cloudfront.net/libraries/arasaac/grey.png,#a855f7,,11,https://d18vdu4p71yql0.cloudfront.net/libraries/arasaac/wax colors.png,NARBE Words,#ff5ce1,https://d18vdu4p71yql0.cloudfront.net/libraries/noun-project/Book-thin_864_584233.svg
Colors,17,gold,gold,https://d18vdu4p71yql0.cloudfront.net/libraries/arasaac/gold.png,#a855f7,,12,https://d18vdu4p71yql0.cloudfront.net/libraries/arasaac/wax colors.png,NARBE Words,#ff5ce1,https://d18vdu4p71yql0.cloudfront.net/libraries/noun-project/Book-thin_864_584233.svg
Colors,17,silver,silver,https://d18vdu4p71yql0.cloudfront.net/libraries/arasaac/silver.png,#a855f7,,13,https://d18vdu4p71yql0.cloudfront.net/libraries/arasaac/wax colors.png,NARBE Words,#ff5ce1,https://d18vdu4p71yql0.cloudfront.net/libraries/noun-project/Book-thin_864_584233.svg
Colors,17,beige,beige,https://d18vdu4p71yql0.cloudfront.net/libraries/arasaac/beige.png,#a855f7,,14,https://d18vdu4p71yql0.cloudfront.net/libraries/arasaac/wax colors.png,NARBE Words,#ff5ce1,https://d18vdu4p71yql0.cloudfront.net/libraries/noun-project/Book-thin_864_584233.svg
Colors,17,tan,tan,,#a855f7,,15,https://d18vdu4p71yql0.cloudfront.net/libraries/arasaac/wax colors.png,NARBE Words,#ff5ce1,https://d18vdu4p71yql0.cloudfront.net/libraries/noun-project/Book-thin_864_584233.svg
Colors,17,turquoise,turquoise,,#a855f7,,16,https://d18vdu4p71yql0.cloudfront.net/libraries/arasaac/wax colors.png,NARBE Words,#ff5ce1,https://d18vdu4p71yql0.cloudfront.net/libraries/noun-project/Book-thin_864_584233.svg
Colors,17,navy,navy,,#a855f7,,17,https://d18vdu4p71yql0.cloudfront.net/libraries/arasaac/wax colors.png,NARBE Words,#ff5ce1,https://d18vdu4p71yql0.cloudfront.net/libraries/noun-project/Book-thin_864_584233.svg
Colors,17,violet,violet,https://d18vdu4p71yql0.cloudfront.net/libraries/arasaac/violet.png,#a855f7,,18,https://d18vdu4p71yql0.cloudfront.net/libraries/arasaac/wax colors.png,NARBE Words,#ff5ce1,https://d18vdu4p71yql0.cloudfront.net/libraries/noun-project/Book-thin_864_584233.svg
Colors,17,maroon,maroon,,#a855f7,,19,https://d18vdu4p71yql0.cloudfront.net/libraries/arasaac/wax colors.png,NARBE Words,#ff5ce1,https://d18vdu4p71yql0.cloudfront.net/libraries/noun-project/Book-thin_864_584233.svg
Colors,17,light blue,light blue,https://d18vdu4p71yql0.cloudfront.net/libraries/arasaac/light blue.png,#a855f7,,20,https://d18vdu4p71yql0.cloudfront.net/libraries/arasaac/wax colors.png,NARBE Words,#ff5ce1,https://d18vdu4p71yql0.cloudfront.net/libraries/noun-project/Book-thin_864_584233.svg
Colors,17,dark blue,dark blue,https://d18vdu4p71yql0.cloudfront.net/libraries/arasaac/dark blue.png,#a855f7,,21,https://d18vdu4p71yql0.cloudfront.net/libraries/arasaac/wax colors.png,NARBE Words,#ff5ce1,https://d18vdu4p71yql0.cloudfront.net/libraries/noun-project/Book-thin_864_584233.svg
Colors,17,rainbow,rainbow,https://d18vdu4p71yql0.cloudfront.net/libraries/arasaac/rainbow.png,#a855f7,,22,https://d18vdu4p71yql0.cloudfront.net/libraries/arasaac/wax colors.png,NARBE Words,#ff5ce1,https://d18vdu4p71yql0.cloudfront.net/libraries/noun-project/Book-thin_864_584233.svg
Colors,17,clear,clear,https://d18vdu4p71yql0.cloudfront.net/libraries/arasaac/clear.png,#a855f7,,23,https://d18vdu4p71yql0.cloudfront.net/libraries/arasaac/wax colors.png,NARBE Words,#ff5ce1,https://d18vdu4p71yql0.cloudfront.net/libraries/noun-project/Book-thin_864_584233.svg
Colors,17,colorful,colorful,,#a855f7,,24,https://d18vdu4p71yql0.cloudfront.net/libraries/arasaac/wax colors.png,NARBE Words,#ff5ce1,https://d18vdu4p71yql0.cloudfront.net/libraries/noun-project/Book-thin_864_584233.svg
Feelings,18,happy,happy,https://d18vdu4p71yql0.cloudfront.net/libraries/arasaac/happy.png.varianted-skin.png,#ef4444,,1,https://d18vdu4p71yql0.cloudfront.net/libraries/arasaac/feelings.png.varianted-skin.png,NARBE Words,#ff5ce1,https://d18vdu4p71yql0.cloudfront.net/libraries/noun-project/Book-thin_864_584233.svg
Feelings,18,sad,sad,https://d18vdu4p71yql0.cloudfront.net/libraries/arasaac/sad.png.varianted-skin.png,#ef4444,,2,https://d18vdu4p71yql0.cloudfront.net/libraries/arasaac/feelings.png.varianted-skin.png,NARBE Words,#ff5ce1,https://d18vdu4p71yql0.cloudfront.net/libraries/noun-project/Book-thin_864_584233.svg
Feelings,18,angry,angry,https://d18vdu4p71yql0.cloudfront.net/libraries/arasaac/angry.png.varianted-skin.png,#ef4444,,3,https://d18vdu4p71yql0.cloudfront.net/libraries/arasaac/feelings.png.varianted-skin.png,NARBE Words,#ff5ce1,https://d18vdu4p71yql0.cloudfront.net/libraries/noun-project/Book-thin_864_584233.svg
Feelings,18,upset,upset,https://d18vdu4p71yql0.cloudfront.net/libraries/arasaac/Z_1.png,#ef4444,,4,https://d18vdu4p71yql0.cloudfront.net/libraries/arasaac/feelings.png.varianted-skin.png,NARBE Words,#ff5ce1,https://d18vdu4p71yql0.cloudfront.net/libraries/noun-project/Book-thin_864_584233.svg
Feelings,18,calm,calm,https://d18vdu4p71yql0.cloudfront.net/libraries/sclera/calm.png,#ef4444,,5,https://d18vdu4p71yql0.cloudfront.net/libraries/arasaac/feelings.png.varianted-skin.png,NARBE Words,#ff5ce1,https://d18vdu4p71yql0.cloudfront.net/libraries/noun-project/Book-thin_864_584233.svg
Feelings,18,excited,excited,https://d18vdu4p71yql0.cloudfront.net/libraries/noun-project/excited_927_g.svg,#ef4444,,6,https://d18vdu4p71yql0.cloudfront.net/libraries/arasaac/feelings.png.varianted-skin.png,NARBE Words,#ff5ce1,https://d18vdu4p71yql0.cloudfront.net/libraries/noun-project/Book-thin_864_584233.svg
Feelings,18,scared,scared,https://d18vdu4p71yql0.cloudfront.net/libraries/arasaac/scared.png.varianted-skin.png,#ef4444,,7,https://d18vdu4p71yql0.cloudfront.net/libraries/arasaac/feelings.png.varianted-skin.png,NARBE Words,#ff5ce1,https://d18vdu4p71yql0.cloudfront.net/libraries/noun-project/Book-thin_864_584233.svg
Feelings,18,worried,worried,https://d18vdu4p71yql0.cloudfront.net/libraries/noun-project/worried_637_g.svg,#ef4444,,8,https://d18vdu4p71yql0.cloudfront.net/libraries/arasaac/feelings.png.varianted-skin.png,NARBE Words,#ff5ce1,https://d18vdu4p71yql0.cloudfront.net/libraries/noun-project/Book-thin_864_584233.svg
Feelings,18,proud,proud,https://d18vdu4p71yql0.cloudfront.net/libraries/sclera/proud.png,#ef4444,,9,https://d18vdu4p71yql0.cloudfront.net/libraries/arasaac/feelings.png.varianted-skin.png,NARBE Words,#ff5ce1,https://d18vdu4p71yql0.cloudfront.net/libraries/noun-project/Book-thin_864_584233.svg
Feelings,18,bored,bored,https://d18vdu4p71yql0.cloudfront.net/libraries/noun-project/bored_588_225777.svg,#ef4444,,10,https://d18vdu4p71yql0.cloudfront.net/libraries/arasaac/feelings.png.varianted-skin.png,NARBE Words,#ff5ce1,https://d18vdu4p71yql0.cloudfront.net/libraries/noun-project/Book-thin_864_584233.svg
Feelings,18,silly,silly,https://d18vdu4p71yql0.cloudfront.net/libraries/noun-project/silly_787_320383.svg,#ef4444,,11,https://d18vdu4p71yql0.cloudfront.net/libraries/arasaac/feelings.png.varianted-skin.png,NARBE Words,#ff5ce1,https://d18vdu4p71yql0.cloudfront.net/libraries/noun-project/Book-thin_864_584233.svg
Feelings,18,okay,okay,https://d18vdu4p71yql0.cloudfront.net/libraries/noun-project/okay_847_g.svg,#ef4444,,12,https://d18vdu4p71yql0.cloudfront.net/libraries/arasaac/feelings.png.varianted-skin.png,NARBE Words,#ff5ce1,https://d18vdu4p71yql0.cloudfront.net/libraries/noun-project/Book-thin_864_584233.svg
Feelings,18,fine,fine,https://d18vdu4p71yql0.cloudfront.net/libraries/arasaac/i'm fine!.png,#ef4444,,13,https://d18vdu4p71yql0.cloudfront.net/libraries/arasaac/feelings.png.varianted-skin.png,NARBE Words,#ff5ce1,https://d18vdu4p71yql0.cloudfront.net/libraries/noun-project/Book-thin_864_584233.svg
Feelings,18,hurt,hurt,https://d18vdu4p71yql0.cloudfront.net/libraries/arasaac/hurt oneself_1.png.varianted-skin.png,#ef4444,,14,https://d18vdu4p71yql0.cloudfront.net/libraries/arasaac/feelings.png.varianted-skin.png,NARBE Words,#ff5ce1,https://d18vdu4p71yql0.cloudfront.net/libraries/noun-project/Book-thin_864_584233.svg
Feelings,18,inpain,inpain,https://d18vdu4p71yql0.cloudfront.net/libraries/sclera/pain.png,#ef4444,,15,https://d18vdu4p71yql0.cloudfront.net/libraries/arasaac/feelings.png.varianted-skin.png,NARBE Words,#ff5ce1,https://d18vdu4p71yql0.cloudfront.net/libraries/noun-project/Book-thin_864_584233.svg
Feelings,18,comfortable,comfortable,https://d18vdu4p71yql0.cloudfront.net/libraries/arasaac/duvet.png,#ef4444,,16,https://d18vdu4p71yql0.cloudfront.net/libraries/arasaac/feelings.png.varianted-skin.png,NARBE Words,#ff5ce1,https://d18vdu4p71yql0.cloudfront.net/libraries/noun-project/Book-thin_864_584233.svg
Feelings,18,uncomfortable,uncomfortable,https://d18vdu4p71yql0.cloudfront.net/libraries/twemoji/1f621.svg,#ef4444,,17,https://d18vdu4p71yql0.cloudfront.net/libraries/arasaac/feelings.png.varianted-skin.png,NARBE Words,#ff5ce1,https://d18vdu4p71yql0.cloudfront.net/libraries/noun-project/Book-thin_864_584233.svg
Feelings,18,frustrated,frustrated,https://d18vdu4p71yql0.cloudfront.net/libraries/noun-project/Frustrated_182_g.svg,#ef4444,,18,https://d18vdu4p71yql0.cloudfront.net/libraries/arasaac/feelings.png.varianted-skin.png,NARBE Words,#ff5ce1,https://d18vdu4p71yql0.cloudfront.net/libraries/noun-project/Book-thin_864_584233.svg
Feelings,18,lonely,lonely,https://d18vdu4p71yql0.cloudfront.net/libraries/sclera/lonely.png,#ef4444,,19,https://d18vdu4p71yql0.cloudfront.net/libraries/arasaac/feelings.png.varianted-skin.png,NARBE Words,#ff5ce1,https://d18vdu4p71yql0.cloudfront.net/libraries/noun-project/Book-thin_864_584233.svg
Feelings,18,anxious,anxious,https://d18vdu4p71yql0.cloudfront.net/libraries/arasaac/nervous.png.varianted-skin.png,#ef4444,,20,https://d18vdu4p71yql0.cloudfront.net/libraries/arasaac/feelings.png.varianted-skin.png,NARBE Words,#ff5ce1,https://d18vdu4p71yql0.cloudfront.net/libraries/noun-project/Book-thin_864_584233.svg
Feelings,18,relaxed,relaxed,https://d18vdu4p71yql0.cloudfront.net/libraries/noun-project/relax_365_g.svg,#ef4444,,21,https://d18vdu4p71yql0.cloudfront.net/libraries/arasaac/feelings.png.varianted-skin.png,NARBE Words,#ff5ce1,https://d18vdu4p71yql0.cloudfront.net/libraries/noun-project/Book-thin_864_584233.svg
Feelings,18,surprised,surprised,https://d18vdu4p71yql0.cloudfront.net/libraries/arasaac/surprised.png.varianted-skin.png,#ef4444,,22,https://d18vdu4p71yql0.cloudfront.net/libraries/arasaac/feelings.png.varianted-skin.png,NARBE Words,#ff5ce1,https://d18vdu4p71yql0.cloudfront.net/libraries/noun-project/Book-thin_864_584233.svg
Feelings,18,confused,confused,https://d18vdu4p71yql0.cloudfront.net/libraries/arasaac/confused.png.varianted-skin.png,#ef4444,,23,https://d18vdu4p71yql0.cloudfront.net/libraries/arasaac/feelings.png.varianted-skin.png,NARBE Words,#ff5ce1,https://d18vdu4p71yql0.cloudfront.net/libraries/noun-project/Book-thin_864_584233.svg
Feelings,18,disappointed,disappointed,https://d18vdu4p71yql0.cloudfront.net/libraries/noun-project/disappointed_961_306688.svg,#ef4444,,24,https://d18vdu4p71yql0.cloudfront.net/libraries/arasaac/feelings.png.varianted-skin.png,NARBE Words,#ff5ce1,https://d18vdu4p71yql0.cloudfront.net/libraries/noun-project/Book-thin_864_584233.svg
Feelings,18,embarrassed,embarrassed,https://d18vdu4p71yql0.cloudfront.net/libraries/noun-project/embarrassed_534_154309.svg,#ef4444,,25,https://d18vdu4p71yql0.cloudfront.net/libraries/arasaac/feelings.png.varianted-skin.png,NARBE Words,#ff5ce1,https://d18vdu4p71yql0.cloudfront.net/libraries/noun-project/Book-thin_864_584233.svg
Feelings,18,grateful,grateful,,#ef4444,,26,https://d18vdu4p71yql0.cloudfront.net/libraries/arasaac/feelings.png.varianted-skin.png,NARBE Words,#ff5ce1,https://d18vdu4p71yql0.cloudfront.net/libraries/noun-project/Book-thin_864_584233.svg
Feelings,18,hopeful,hopeful,,#ef4444,,27,https://d18vdu4p71yql0.cloudfront.net/libraries/arasaac/feelings.png.varianted-skin.png,NARBE Words,#ff5ce1,https://d18vdu4p71yql0.cloudfront.net/libraries/noun-project/Book-thin_864_584233.svg
Feelings,18,overwhelmed,overwhelmed,,#ef4444,,28,https://d18vdu4p71yql0.cloudfront.net/libraries/arasaac/feelings.png.varianted-skin.png,NARBE Words,#ff5ce1,https://d18vdu4p71yql0.cloudfront.net/libraries/noun-project/Book-thin_864_584233.svg
Feelings,18,content,content,https://d18vdu4p71yql0.cloudfront.net/libraries/arasaac/content.png.varianted-skin.png,#ef4444,,29,https://d18vdu4p71yql0.cloudfront.net/libraries/arasaac/feelings.png.varianted-skin.png,NARBE Words,#ff5ce1,https://d18vdu4p71yql0.cloudfront.net/libraries/noun-project/Book-thin_864_584233.svg
Feelings,18,unsafe,unsafe,https://d18vdu4p71yql0.cloudfront.net/libraries/noun-project/Hazard_766_g.svg,#ef4444,,30,https://d18vdu4p71yql0.cloudfront.net/libraries/arasaac/feelings.png.varianted-skin.png,NARBE Words,#ff5ce1,https://d18vdu4p71yql0.cloudfront.net/libraries/noun-project/Book-thin_864_584233.svg
Feelings,18,better,better,https://d18vdu4p71yql0.cloudfront.net/libraries/arasaac/better.png,#ef4444,,31,https://d18vdu4p71yql0.cloudfront.net/libraries/arasaac/feelings.png.varianted-skin.png,NARBE Words,#ff5ce1,https://d18vdu4p71yql0.cloudfront.net/libraries/noun-project/Book-thin_864_584233.svg
Feelings,18,worse,worse,,#ef4444,,32,https://d18vdu4p71yql0.cloudfront.net/libraries/arasaac/feelings.png.varianted-skin.png,NARBE Words,#ff5ce1,https://d18vdu4p71yql0.cloudfront.net/libraries/noun-project/Book-thin_864_584233.svg
Feelings,18,afraid,afraid,https://d18vdu4p71yql0.cloudfront.net/libraries/sclera/afraid.png,#ef4444,,33,https://d18vdu4p71yql0.cloudfront.net/libraries/arasaac/feelings.png.varianted-skin.png,NARBE Words,#ff5ce1,https://d18vdu4p71yql0.cloudfront.net/libraries/noun-project/Book-thin_864_584233.svg
Feelings,18,nervous,nervous,https://d18vdu4p71yql0.cloudfront.net/libraries/arasaac/nervous.png.varianted-skin.png,#ef4444,,34,https://d18vdu4p71yql0.cloudfront.net/libraries/arasaac/feelings.png.varianted-skin.png,NARBE Words,#ff5ce1,https://d18vdu4p71yql0.cloudfront.net/libraries/noun-project/Book-thin_864_584233.svg
Feelings,18,stressed,stressed,,#ef4444,,35,https://d18vdu4p71yql0.cloudfront.net/libraries/arasaac/feelings.png.varianted-skin.png,NARBE Words,#ff5ce1,https://d18vdu4p71yql0.cloudfront.net/libraries/noun-project/Book-thin_864_584233.svg
Feelings,18,peaceful,peaceful,https://d18vdu4p71yql0.cloudfront.net/libraries/arasaac/peaceful.png,#ef4444,,36,https://d18vdu4p71yql0.cloudfront.net/libraries/arasaac/feelings.png.varianted-skin.png,NARBE Words,#ff5ce1,https://d18vdu4p71yql0.cloudfront.net/libraries/noun-project/Book-thin_864_584233.svg
Feelings,18,secure,secure,,#ef4444,,37,https://d18vdu4p71yql0.cloudfront.net/libraries/arasaac/feelings.png.varianted-skin.png,NARBE Words,#ff5ce1,https://d18vdu4p71yql0.cloudfront.net/libraries/noun-project/Book-thin_864_584233.svg
Feelings,18,insecure,insecure,,#ef4444,,38,https://d18vdu4p71yql0.cloudfront.net/libraries/arasaac/feelings.png.varianted-skin.png,NARBE Words,#ff5ce1,https://d18vdu4p71yql0.cloudfront.net/libraries/noun-project/Book-thin_864_584233.svg
Feelings,18,loved,loved,,#ef4444,,39,https://d18vdu4p71yql0.cloudfront.net/libraries/arasaac/feelings.png.varianted-skin.png,NARBE Words,#ff5ce1,https://d18vdu4p71yql0.cloudfront.net/libraries/noun-project/Book-thin_864_584233.svg
Feelings,18,unloved,unloved,,#ef4444,,40,https://d18vdu4p71yql0.cloudfront.net/libraries/arasaac/feelings.png.varianted-skin.png,NARBE Words,#ff5ce1,https://d18vdu4p71yql0.cloudfront.net/libraries/noun-project/Book-thin_864_584233.svg
Feelings,18,included,included,,#ef4444,,41,https://d18vdu4p71yql0.cloudfront.net/libraries/arasaac/feelings.png.varianted-skin.png,NARBE Words,#ff5ce1,https://d18vdu4p71yql0.cloudfront.net/libraries/noun-project/Book-thin_864_584233.svg
Feelings,18,excluded,excluded,,#ef4444,,42,https://d18vdu4p71yql0.cloudfront.net/libraries/arasaac/feelings.png.varianted-skin.png,NARBE Words,#ff5ce1,https://d18vdu4p71yql0.cloudfront.net/libraries/noun-project/Book-thin_864_584233.svg
Feelings,18,accepted,accepted,,#ef4444,,43,https://d18vdu4p71yql0.cloudfront.net/libraries/arasaac/feelings.png.varianted-skin.png,NARBE Words,#ff5ce1,https://d18vdu4p71yql0.cloudfront.net/libraries/noun-project/Book-thin_864_584233.svg
Feelings,18,rejected,rejected,,#ef4444,,44,https://d18vdu4p71yql0.cloudfront.net/libraries/arasaac/feelings.png.varianted-skin.png,NARBE Words,#ff5ce1,https://d18vdu4p71yql0.cloudfront.net/libraries/noun-project/Book-thin_864_584233.svg
Feelings,18,annoyed,annoyed,https://d18vdu4p71yql0.cloudfront.net/libraries/arasaac/annoyed.png.varianted-skin.png,#ef4444,,45,https://d18vdu4p71yql0.cloudfront.net/libraries/arasaac/feelings.png.varianted-skin.png,NARBE Words,#ff5ce1,https://d18vdu4p71yql0.cloudfront.net/libraries/noun-project/Book-thin_864_584233.svg
Feelings,18,irritated,irritated,,#ef4444,,46,https://d18vdu4p71yql0.cloudfront.net/libraries/arasaac/feelings.png.varianted-skin.png,NARBE Words,#ff5ce1,https://d18vdu4p71yql0.cloudfront.net/libraries/noun-project/Book-thin_864_584233.svg
Feelings,18,furious,furious,https://d18vdu4p71yql0.cloudfront.net/libraries/arasaac/furious.png.varianted-skin.png,#ef4444,,47,https://d18vdu4p71yql0.cloudfront.net/libraries/arasaac/feelings.png.varianted-skin.png,NARBE Words,#ff5ce1,https://d18vdu4p71yql0.cloudfront.net/libraries/noun-project/Book-thin_864_584233.svg
Feelings,18,jealous,jealous,,#ef4444,,48,https://d18vdu4p71yql0.cloudfront.net/libraries/arasaac/feelings.png.varianted-skin.png,NARBE Words,#ff5ce1,https://d18vdu4p71yql0.cloudfront.net/libraries/noun-project/Book-thin_864_584233.svg
Feelings,18,guilty,guilty,,#ef4444,,49,https://d18vdu4p71yql0.cloudfront.net/libraries/arasaac/feelings.png.varianted-skin.png,NARBE Words,#ff5ce1,https://d18vdu4p71yql0.cloudfront.net/libraries/noun-project/Book-thin_864_584233.svg
Feelings,18,ashamed,ashamed,https://d18vdu4p71yql0.cloudfront.net/libraries/arasaac/ashamed.png.varianted-skin.png,#ef4444,,50,https://d18vdu4p71yql0.cloudfront.net/libraries/arasaac/feelings.png.varianted-skin.png,NARBE Words,#ff5ce1,https://d18vdu4p71yql0.cloudfront.net/libraries/noun-project/Book-thin_864_584233.svg
Feelings,18,relieved,relieved,,#ef4444,,51,https://d18vdu4p71yql0.cloudfront.net/libraries/arasaac/feelings.png.varianted-skin.png,NARBE Words,#ff5ce1,https://d18vdu4p71yql0.cloudfront.net/libraries/noun-project/Book-thin_864_584233.svg
Feelings,18,curious,curious,https://d18vdu4p71yql0.cloudfront.net/libraries/arasaac/curious.png.varianted-skin.png,#ef4444,,52,https://d18vdu4p71yql0.cloudfront.net/libraries/arasaac/feelings.png.varianted-skin.png,NARBE Words,#ff5ce1,https://d18vdu4p71yql0.cloudfront.net/libraries/noun-project/Book-thin_864_584233.svg
Feelings,18,interested,interested,,#ef4444,,53,https://d18vdu4p71yql0.cloudfront.net/libraries/arasaac/feelings.png.varianted-skin.png,NARBE Words,#ff5ce1,https://d18vdu4p71yql0.cloudfront.net/libraries/noun-project/Book-thin_864_584233.svg
Feelings,18,eager,eager,,#ef4444,,54,https://d18vdu4p71yql0.cloudfront.net/libraries/arasaac/feelings.png.varianted-skin.png,NARBE Words,#ff5ce1,https://d18vdu4p71yql0.cloudfront.net/libraries/noun-project/Book-thin_864_584233.svg
Feelings,18,confident,confident,,#ef4444,,55,https://d18vdu4p71yql0.cloudfront.net/libraries/arasaac/feelings.png.varianted-skin.png,NARBE Words,#ff5ce1,https://d18vdu4p71yql0.cloudfront.net/libraries/noun-project/Book-thin_864_584233.svg
Feelings,18,uncertain,uncertain,,#ef4444,,56,https://d18vdu4p71yql0.cloudfront.net/libraries/arasaac/feelings.png.varianted-skin.png,NARBE Words,#ff5ce1,https://d18vdu4p71yql0.cloudfront.net/libraries/noun-project/Book-thin_864_584233.svg
Feelings,18,hopeless,hopeless,,#ef4444,,57,https://d18vdu4p71yql0.cloudfront.net/libraries/arasaac/feelings.png.varianted-skin.png,NARBE Words,#ff5ce1,https://d18vdu4p71yql0.cloudfront.net/libraries/noun-project/Book-thin_864_584233.svg
Feelings,18,homesick,homesick,,#ef4444,,58,https://d18vdu4p71yql0.cloudfront.net/libraries/arasaac/feelings.png.varianted-skin.png,NARBE Words,#ff5ce1,https://d18vdu4p71yql0.cloudfront.net/libraries/noun-project/Book-thin_864_584233.svg
Feelings,18,miserable,miserable,,#ef4444,,59,https://d18vdu4p71yql0.cloudfront.net/libraries/arasaac/feelings.png.varianted-skin.png,NARBE Words,#ff5ce1,https://d18vdu4p71yql0.cloudfront.net/libraries/noun-project/Book-thin_864_584233.svg
Feelings,18,cheerful,cheerful,https://d18vdu4p71yql0.cloudfront.net/libraries/sclera/cheerful.png,#ef4444,,60,https://d18vdu4p71yql0.cloudfront.net/libraries/arasaac/feelings.png.varianted-skin.png,NARBE Words,#ff5ce1,https://d18vdu4p71yql0.cloudfront.net/libraries/noun-project/Book-thin_864_584233.svg
Feelings,18,joyful,joyful,,#ef4444,,61,https://d18vdu4p71yql0.cloudfront.net/libraries/arasaac/feelings.png.varianted-skin.png,NARBE Words,#ff5ce1,https://d18vdu4p71yql0.cloudfront.net/libraries/noun-project/Book-thin_864_584233.svg
Feelings,18,amused,amused,,#ef4444,,62,https://d18vdu4p71yql0.cloudfront.net/libraries/arasaac/feelings.png.varianted-skin.png,NARBE Words,#ff5ce1,https://d18vdu4p71yql0.cloudfront.net/libraries/noun-project/Book-thin_864_584233.svg
Feelings,18,delighted,delighted,,#ef4444,,63,https://d18vdu4p71yql0.cloudfront.net/libraries/arasaac/feelings.png.varianted-skin.png,NARBE Words,#ff5ce1,https://d18vdu4p71yql0.cloudfront.net/libraries/noun-project/Book-thin_864_584233.svg
Feelings,18,disgusted,disgusted,,#ef4444,,64,https://d18vdu4p71yql0.cloudfront.net/libraries/arasaac/feelings.png.varianted-skin.png,NARBE Words,#ff5ce1,https://d18vdu4p71yql0.cloudfront.net/libraries/noun-project/Book-thin_864_584233.svg
Feelings,18,shocked,shocked,https://d18vdu4p71yql0.cloudfront.net/libraries/icomoon/shocked2.svg,#ef4444,,65,https://d18vdu4p71yql0.cloudfront.net/libraries/arasaac/feelings.png.varianted-skin.png,NARBE Words,#ff5ce1,https://d18vdu4p71yql0.cloudfront.net/libraries/noun-project/Book-thin_864_584233.svg
Feelings,18,startled,startled,,#ef4444,,66,https://d18vdu4p71yql0.cloudfront.net/libraries/arasaac/feelings.png.varianted-skin.png,NARBE Words,#ff5ce1,https://d18vdu4p71yql0.cloudfront.net/libraries/noun-project/Book-thin_864_584233.svg
Feelings,18,sleepy,sleepy,https://d18vdu4p71yql0.cloudfront.net/libraries/sclera/sleepy.png,#ef4444,,67,https://d18vdu4p71yql0.cloudfront.net/libraries/arasaac/feelings.png.varianted-skin.png,NARBE Words,#ff5ce1,https://d18vdu4p71yql0.cloudfront.net/libraries/noun-project/Book-thin_864_584233.svg
Feelings,18,exhausted,exhausted,https://d18vdu4p71yql0.cloudfront.net/libraries/arasaac/exhausted.png.varianted-skin.png,#ef4444,,68,https://d18vdu4p71yql0.cloudfront.net/libraries/arasaac/feelings.png.varianted-skin.png,NARBE Words,#ff5ce1,https://d18vdu4p71yql0.cloudfront.net/libraries/noun-project/Book-thin_864_584233.svg
Feelings,18,energetic,energetic,,#ef4444,,69,https://d18vdu4p71yql0.cloudfront.net/libraries/arasaac/feelings.png.varianted-skin.png,NARBE Words,#ff5ce1,https://d18vdu4p71yql0.cloudfront.net/libraries/noun-project/Book-thin_864_584233.svg
Feelings,18,unwell,unwell,,#ef4444,,70,https://d18vdu4p71yql0.cloudfront.net/libraries/arasaac/feelings.png.varianted-skin.png,NARBE Words,#ff5ce1,https://d18vdu4p71yql0.cloudfront.net/libraries/noun-project/Book-thin_864_584233.svg
Feelings,18,sick,sick,https://d18vdu4p71yql0.cloudfront.net/libraries/noun-project/sick_566_g.svg,#ef4444,,71,https://d18vdu4p71yql0.cloudfront.net/libraries/arasaac/feelings.png.varianted-skin.png,NARBE Words,#ff5ce1,https://d18vdu4p71yql0.cloudfront.net/libraries/noun-project/Book-thin_864_584233.svg
Feelings,18,well,well,https://d18vdu4p71yql0.cloudfront.net/libraries/arasaac/well.png.varianted-skin.png,#ef4444,,72,https://d18vdu4p71yql0.cloudfront.net/libraries/arasaac/feelings.png.varianted-skin.png,NARBE Words,#ff5ce1,https://d18vdu4p71yql0.cloudfront.net/libraries/noun-project/Book-thin_864_584233.svg
Feelings,18,in pain,in pain,,#ef4444,,73,https://d18vdu4p71yql0.cloudfront.net/libraries/arasaac/feelings.png.varianted-skin.png,NARBE Words,#ff5ce1,https://d18vdu4p71yql0.cloudfront.net/libraries/noun-project/Book-thin_864_584233.svg
Requests,19,break,break,https://d18vdu4p71yql0.cloudfront.net/libraries/arasaac/break.png.varianted-skin.png,#14b8a6,,1,https://d18vdu4p71yql0.cloudfront.net/libraries/arasaac/to ask_1.png.varianted-skin.png,NARBE Words,#ff5ce1,https://d18vdu4p71yql0.cloudfront.net/libraries/noun-project/Book-thin_864_584233.svg
Requests,19,position,position,https://d18vdu4p71yql0.cloudfront.net/libraries/noun-project/position_492_g.svg,#14b8a6,,2,https://d18vdu4p71yql0.cloudfront.net/libraries/arasaac/to ask_1.png.varianted-skin.png,NARBE Words,#ff5ce1,https://d18vdu4p71yql0.cloudfront.net/libraries/noun-project/Book-thin_864_584233.svg
Requests,19,stretch,stretch,https://d18vdu4p71yql0.cloudfront.net/libraries/arasaac/stretch.png.varianted-skin.png,#14b8a6,,3,https://d18vdu4p71yql0.cloudfront.net/libraries/arasaac/to ask_1.png.varianted-skin.png,NARBE Words,#ff5ce1,https://d18vdu4p71yql0.cloudfront.net/libraries/noun-project/Book-thin_864_584233.svg
Requests,19,music,music,https://d18vdu4p71yql0.cloudfront.net/libraries/noun-project/Music-24b69f41d0.svg,#14b8a6,,4,https://d18vdu4p71yql0.cloudfront.net/libraries/arasaac/to ask_1.png.varianted-skin.png,NARBE Words,#ff5ce1,https://d18vdu4p71yql0.cloudfront.net/libraries/noun-project/Book-thin_864_584233.svg
Requests,19,video,video,https://d18vdu4p71yql0.cloudfront.net/libraries/icomoon/video2.svg,#14b8a6,,5,https://d18vdu4p71yql0.cloudfront.net/libraries/arasaac/to ask_1.png.varianted-skin.png,NARBE Words,#ff5ce1,https://d18vdu4p71yql0.cloudfront.net/libraries/noun-project/Book-thin_864_584233.svg
Requests,19,game,game,https://d18vdu4p71yql0.cloudfront.net/libraries/arasaac/board game.png,#14b8a6,,6,https://d18vdu4p71yql0.cloudfront.net/libraries/arasaac/to ask_1.png.varianted-skin.png,NARBE Words,#ff5ce1,https://d18vdu4p71yql0.cloudfront.net/libraries/noun-project/Book-thin_864_584233.svg
Requests,19,rest,rest,https://d18vdu4p71yql0.cloudfront.net/libraries/arasaac/rest.png,#14b8a6,,7,https://d18vdu4p71yql0.cloudfront.net/libraries/arasaac/to ask_1.png.varianted-skin.png,NARBE Words,#ff5ce1,https://d18vdu4p71yql0.cloudfront.net/libraries/noun-project/Book-thin_864_584233.svg
Requests,19,choice,choice,https://d18vdu4p71yql0.cloudfront.net/libraries/arasaac/choice.png,#14b8a6,,8,https://d18vdu4p71yql0.cloudfront.net/libraries/arasaac/to ask_1.png.varianted-skin.png,NARBE Words,#ff5ce1,https://d18vdu4p71yql0.cloudfront.net/libraries/noun-project/Book-thin_864_584233.svg
Requests,19,option,option,https://d18vdu4p71yql0.cloudfront.net/libraries/arasaac/choice.png,#14b8a6,,9,https://d18vdu4p71yql0.cloudfront.net/libraries/arasaac/to ask_1.png.varianted-skin.png,NARBE Words,#ff5ce1,https://d18vdu4p71yql0.cloudfront.net/libraries/noun-project/Book-thin_864_584233.svg
Requests,19,question,question,https://d18vdu4p71yql0.cloudfront.net/libraries/arasaac/question.png,#14b8a6,,10,https://d18vdu4p71yql0.cloudfront.net/libraries/arasaac/to ask_1.png.varianted-skin.png,NARBE Words,#ff5ce1,https://d18vdu4p71yql0.cloudfront.net/libraries/noun-project/Book-thin_864_584233.svg
Requests,19,message,message,https://d18vdu4p71yql0.cloudfront.net/libraries/noun-project/message_988_g.svg,#14b8a6,,11,https://d18vdu4p71yql0.cloudfront.net/libraries/arasaac/to ask_1.png.varianted-skin.png,NARBE Words,#ff5ce1,https://d18vdu4p71yql0.cloudfront.net/libraries/noun-project/Book-thin_864_584233.svg
Requests,19,conversation,conversation,https://d18vdu4p71yql0.cloudfront.net/libraries/arasaac/conversation.png.varianted-skin.png,#14b8a6,,12,https://d18vdu4p71yql0.cloudfront.net/libraries/arasaac/to ask_1.png.varianted-skin.png,NARBE Words,#ff5ce1,https://d18vdu4p71yql0.cloudfront.net/libraries/noun-project/Book-thin_864_584233.svg
Requests,19,opinion,opinion,https://d18vdu4p71yql0.cloudfront.net/libraries/noun-project/Opinion-a0fe56c624.svg,#14b8a6,,13,https://d18vdu4p71yql0.cloudfront.net/libraries/arasaac/to ask_1.png.varianted-skin.png,NARBE Words,#ff5ce1,https://d18vdu4p71yql0.cloudfront.net/libraries/noun-project/Book-thin_864_584233.svg
Requests,19,idea,idea,https://d18vdu4p71yql0.cloudfront.net/libraries/noun-project/Idea-88a6a612f6.svg,#14b8a6,,14,https://d18vdu4p71yql0.cloudfront.net/libraries/arasaac/to ask_1.png.varianted-skin.png,NARBE Words,#ff5ce1,https://d18vdu4p71yql0.cloudfront.net/libraries/noun-project/Book-thin_864_584233.svg
Requests,19,reason,reason,https://d18vdu4p71yql0.cloudfront.net/libraries/arasaac/reason.png,#14b8a6,,15,https://d18vdu4p71yql0.cloudfront.net/libraries/arasaac/to ask_1.png.varianted-skin.png,NARBE Words,#ff5ce1,https://d18vdu4p71yql0.cloudfront.net/libraries/noun-project/Book-thin_864_584233.svg
Requests,19,permission,permission,,#14b8a6,,16,https://d18vdu4p71yql0.cloudfront.net/libraries/arasaac/to ask_1.png.varianted-skin.png,NARBE Words,#ff5ce1,https://d18vdu4p71yql0.cloudfront.net/libraries/noun-project/Book-thin_864_584233.svg
Requests,19,privacy,privacy,https://d18vdu4p71yql0.cloudfront.net/libraries/arasaac/privacy.png,#14b8a6,,17,https://d18vdu4p71yql0.cloudfront.net/libraries/arasaac/to ask_1.png.varianted-skin.png,NARBE Words,#ff5ce1,https://d18vdu4p71yql0.cloudfront.net/libraries/noun-project/Book-thin_864_584233.svg
Requests,19,space,space,https://d18vdu4p71yql0.cloudfront.net/libraries/arasaac/space.png,#14b8a6,,18,https://d18vdu4p71yql0.cloudfront.net/libraries/arasaac/to ask_1.png.varianted-skin.png,NARBE Words,#ff5ce1,https://d18vdu4p71yql0.cloudfront.net/libraries/noun-project/Book-thin_864_584233.svg
Requests,19,respect,respect,https://d18vdu4p71yql0.cloudfront.net/libraries/arasaac/respect.png,#14b8a6,,19,https://d18vdu4p71yql0.cloudfront.net/libraries/arasaac/to ask_1.png.varianted-skin.png,NARBE Words,#ff5ce1,https://d18vdu4p71yql0.cloudfront.net/libraries/noun-project/Book-thin_864_584233.svg
Requests,19,attention,attention,https://d18vdu4p71yql0.cloudfront.net/libraries/noun-project/attention_889_620978.svg,#14b8a6,,20,https://d18vdu4p71yql0.cloudfront.net/libraries/arasaac/to ask_1.png.varianted-skin.png,NARBE Words,#ff5ce1,https://d18vdu4p71yql0.cloudfront.net/libraries/noun-project/Book-thin_864_584233.svg
Requests,19,assistance,assistance,https://d18vdu4p71yql0.cloudfront.net/libraries/arasaac/support.png.varianted-skin.png,#14b8a6,,21,https://d18vdu4p71yql0.cloudfront.net/libraries/arasaac/to ask_1.png.varianted-skin.png,NARBE Words,#ff5ce1,https://d18vdu4p71yql0.cloudfront.net/libraries/noun-project/Book-thin_864_584233.svg
Requests,19,support,support,https://d18vdu4p71yql0.cloudfront.net/libraries/arasaac/support.png.varianted-skin.png,#14b8a6,,22,https://d18vdu4p71yql0.cloudfront.net/libraries/arasaac/to ask_1.png.varianted-skin.png,NARBE Words,#ff5ce1,https://d18vdu4p71yql0.cloudfront.net/libraries/noun-project/Book-thin_864_584233.svg
Requests,19,patience,patience,,#14b8a6,,23,https://d18vdu4p71yql0.cloudfront.net/libraries/arasaac/to ask_1.png.varianted-skin.png,NARBE Words,#ff5ce1,https://d18vdu4p71yql0.cloudfront.net/libraries/noun-project/Book-thin_864_584233.svg
Requests,19,independence,independence,https://d18vdu4p71yql0.cloudfront.net/libraries/arasaac/independence.png.varianted-skin.png,#14b8a6,,24,https://d18vdu4p71yql0.cloudfront.net/libraries/arasaac/to ask_1.png.varianted-skin.png,NARBE Words,#ff5ce1,https://d18vdu4p71yql0.cloudfront.net/libraries/noun-project/Book-thin_864_584233.svg
Requests,19,consent,consent,https://d18vdu4p71yql0.cloudfront.net/libraries/arasaac/consent.png.varianted-skin.png,#14b8a6,,25,https://d18vdu4p71yql0.cloudfront.net/libraries/arasaac/to ask_1.png.varianted-skin.png,NARBE Words,#ff5ce1,https://d18vdu4p71yql0.cloudfront.net/libraries/noun-project/Book-thin_864_584233.svg
Requests,19,time,time,https://d18vdu4p71yql0.cloudfront.net/libraries/arasaac/time.png,#14b8a6,,26,https://d18vdu4p71yql0.cloudfront.net/libraries/arasaac/to ask_1.png.varianted-skin.png,NARBE Words,#ff5ce1,https://d18vdu4p71yql0.cloudfront.net/libraries/noun-project/Book-thin_864_584233.svg
Requests,19,information,information,https://d18vdu4p71yql0.cloudfront.net/libraries/arasaac/information.png.varianted-skin.png,#14b8a6,,27,https://d18vdu4p71yql0.cloudfront.net/libraries/arasaac/to ask_1.png.varianted-skin.png,NARBE Words,#ff5ce1,https://d18vdu4p71yql0.cloudfront.net/libraries/noun-project/Book-thin_864_584233.svg
Requests,19,communication,communication,https://d18vdu4p71yql0.cloudfront.net/libraries/arasaac/communication.png,#14b8a6,,28,https://d18vdu4p71yql0.cloudfront.net/libraries/arasaac/to ask_1.png.varianted-skin.png,NARBE Words,#ff5ce1,https://d18vdu4p71yql0.cloudfront.net/libraries/noun-project/Book-thin_864_584233.svg
Requests,19,name,name,https://d18vdu4p71yql0.cloudfront.net/libraries/tawasol/name.png,#14b8a6,,29,https://d18vdu4p71yql0.cloudfront.net/libraries/arasaac/to ask_1.png.varianted-skin.png,NARBE Words,#ff5ce1,https://d18vdu4p71yql0.cloudfront.net/libraries/noun-project/Book-thin_864_584233.svg
Requests,19,address,address,https://d18vdu4p71yql0.cloudfront.net/libraries/sclera/address.png,#14b8a6,,30,https://d18vdu4p71yql0.cloudfront.net/libraries/arasaac/to ask_1.png.varianted-skin.png,NARBE Words,#ff5ce1,https://d18vdu4p71yql0.cloudfront.net/libraries/noun-project/Book-thin_864_584233.svg
Requests,19,age,age,https://d18vdu4p71yql0.cloudfront.net/libraries/arasaac/age.png,#14b8a6,,31,https://d18vdu4p71yql0.cloudfront.net/libraries/arasaac/to ask_1.png.varianted-skin.png,NARBE Words,#ff5ce1,https://d18vdu4p71yql0.cloudfront.net/libraries/noun-project/Book-thin_864_584233.svg
Requests,19,identity,identity,,#14b8a6,,32,https://d18vdu4p71yql0.cloudfront.net/libraries/arasaac/to ask_1.png.varianted-skin.png,NARBE Words,#ff5ce1,https://d18vdu4p71yql0.cloudfront.net/libraries/noun-project/Book-thin_864_584233.svg
Requests,19,birthday card,birthday card,https://d18vdu4p71yql0.cloudfront.net/libraries/mulberry/birthday card.svg,#14b8a6,,33,https://d18vdu4p71yql0.cloudfront.net/libraries/arasaac/to ask_1.png.varianted-skin.png,NARBE Words,#ff5ce1,https://d18vdu4p71yql0.cloudfront.net/libraries/noun-project/Book-thin_864_584233.svg
Requests,19,phone number,phone number,https://d18vdu4p71yql0.cloudfront.net/libraries/icomoon/phone.svg,#14b8a6,,34,https://d18vdu4p71yql0.cloudfront.net/libraries/arasaac/to ask_1.png.varianted-skin.png,NARBE Words,#ff5ce1,https://d18vdu4p71yql0.cloudfront.net/libraries/noun-project/Book-thin_864_584233.svg
Requests,19,email address,email address,,#14b8a6,,35,https://d18vdu4p71yql0.cloudfront.net/libraries/arasaac/to ask_1.png.varianted-skin.png,NARBE Words,#ff5ce1,https://d18vdu4p71yql0.cloudfront.net/libraries/noun-project/Book-thin_864_584233.svg
Requests,19,contact,contact,,#14b8a6,,36,https://d18vdu4p71yql0.cloudfront.net/libraries/arasaac/to ask_1.png.varianted-skin.png,NARBE Words,#ff5ce1,https://d18vdu4p71yql0.cloudfront.net/libraries/noun-project/Book-thin_864_584233.svg
Requests,19,relationship,relationship,https://d18vdu4p71yql0.cloudfront.net/libraries/arasaac/relationship.png.varianted-skin.png,#14b8a6,,37,https://d18vdu4p71yql0.cloudfront.net/libraries/arasaac/to ask_1.png.varianted-skin.png,NARBE Words,#ff5ce1,https://d18vdu4p71yql0.cloudfront.net/libraries/noun-project/Book-thin_864_584233.svg
Requests,19,friendship,friendship,https://d18vdu4p71yql0.cloudfront.net/libraries/arasaac/friendship.png.varianted-skin.png,#14b8a6,,38,https://d18vdu4p71yql0.cloudfront.net/libraries/arasaac/to ask_1.png.varianted-skin.png,NARBE Words,#ff5ce1,https://d18vdu4p71yql0.cloudfront.net/libraries/noun-project/Book-thin_864_584233.svg
Requests,19,joke,joke,https://d18vdu4p71yql0.cloudfront.net/libraries/arasaac/joke.png.varianted-skin.png,#14b8a6,,39,https://d18vdu4p71yql0.cloudfront.net/libraries/arasaac/to ask_1.png.varianted-skin.png,NARBE Words,#ff5ce1,https://d18vdu4p71yql0.cloudfront.net/libraries/noun-project/Book-thin_864_584233.svg
Requests,19,secret,secret,https://d18vdu4p71yql0.cloudfront.net/libraries/arasaac/secret.png.varianted-skin.png,#14b8a6,,40,https://d18vdu4p71yql0.cloudfront.net/libraries/arasaac/to ask_1.png.varianted-skin.png,NARBE Words,#ff5ce1,https://d18vdu4p71yql0.cloudfront.net/libraries/noun-project/Book-thin_864_584233.svg
Requests,19,surprise,surprise,https://d18vdu4p71yql0.cloudfront.net/libraries/arasaac/surprise.png,#14b8a6,,41,https://d18vdu4p71yql0.cloudfront.net/libraries/arasaac/to ask_1.png.varianted-skin.png,NARBE Words,#ff5ce1,https://d18vdu4p71yql0.cloudfront.net/libraries/noun-project/Book-thin_864_584233.svg
Requests,19,news,news,https://d18vdu4p71yql0.cloudfront.net/libraries/arasaac/news.png.varianted-skin.png,#14b8a6,,42,https://d18vdu4p71yql0.cloudfront.net/libraries/arasaac/to ask_1.png.varianted-skin.png,NARBE Words,#ff5ce1,https://d18vdu4p71yql0.cloudfront.net/libraries/noun-project/Book-thin_864_584233.svg
Requests,19,memory,memory,https://d18vdu4p71yql0.cloudfront.net/libraries/arasaac/memory.png,#14b8a6,,43,https://d18vdu4p71yql0.cloudfront.net/libraries/arasaac/to ask_1.png.varianted-skin.png,NARBE Words,#ff5ce1,https://d18vdu4p71yql0.cloudfront.net/libraries/noun-project/Book-thin_864_584233.svg
Requests,19,dream,dream,https://d18vdu4p71yql0.cloudfront.net/libraries/arasaac/dream.png.varianted-skin.png,#14b8a6,,44,https://d18vdu4p71yql0.cloudfront.net/libraries/arasaac/to ask_1.png.varianted-skin.png,NARBE Words,#ff5ce1,https://d18vdu4p71yql0.cloudfront.net/libraries/noun-project/Book-thin_864_584233.svg
Requests,19,goal,goal,https://d18vdu4p71yql0.cloudfront.net/libraries/arasaac/goal.png,#14b8a6,,45,https://d18vdu4p71yql0.cloudfront.net/libraries/arasaac/to ask_1.png.varianted-skin.png,NARBE Words,#ff5ce1,https://d18vdu4p71yql0.cloudfront.net/libraries/noun-project/Book-thin_864_584233.svg
Requests,19,problem,problem,https://d18vdu4p71yql0.cloudfront.net/libraries/arasaac/problem.png.varianted-skin.png,#14b8a6,,46,https://d18vdu4p71yql0.cloudfront.net/libraries/arasaac/to ask_1.png.varianted-skin.png,NARBE Words,#ff5ce1,https://d18vdu4p71yql0.cloudfront.net/libraries/noun-project/Book-thin_864_584233.svg
Requests,19,solution,solution,https://d18vdu4p71yql0.cloudfront.net/libraries/noun-project/solution_164_g.svg,#14b8a6,,47,https://d18vdu4p71yql0.cloudfront.net/libraries/arasaac/to ask_1.png.varianted-skin.png,NARBE Words,#ff5ce1,https://d18vdu4p71yql0.cloudfront.net/libraries/noun-project/Book-thin_864_584233.svg
Requests,19,mistake,mistake,,#14b8a6,,48,https://d18vdu4p71yql0.cloudfront.net/libraries/arasaac/to ask_1.png.varianted-skin.png,NARBE Words,#ff5ce1,https://d18vdu4p71yql0.cloudfront.net/libraries/noun-project/Book-thin_864_584233.svg
Requests,19,accident,accident,https://d18vdu4p71yql0.cloudfront.net/libraries/arasaac/accident.png,#14b8a6,,49,https://d18vdu4p71yql0.cloudfront.net/libraries/arasaac/to ask_1.png.varianted-skin.png,NARBE Words,#ff5ce1,https://d18vdu4p71yql0.cloudfront.net/libraries/noun-project/Book-thin_864_584233.svg
Requests,19,difficulty,difficulty,,#14b8a6,,50,https://d18vdu4p71yql0.cloudfront.net/libraries/arasaac/to ask_1.png.varianted-skin.png,NARBE Words,#ff5ce1,https://d18vdu4p71yql0.cloudfront.net/libraries/noun-project/Book-thin_864_584233.svg
Requests,19,difference,difference,,#14b8a6,,51,https://d18vdu4p71yql0.cloudfront.net/libraries/arasaac/to ask_1.png.varianted-skin.png,NARBE Words,#ff5ce1,https://d18vdu4p71yql0.cloudfront.net/libraries/noun-project/Book-thin_864_584233.svg
Requests,19,decision,decision,https://d18vdu4p71yql0.cloudfront.net/libraries/arasaac/decision.png,#14b8a6,,52,https://d18vdu4p71yql0.cloudfront.net/libraries/arasaac/to ask_1.png.varianted-skin.png,NARBE Words,#ff5ce1,https://d18vdu4p71yql0.cloudfront.net/libraries/noun-project/Book-thin_864_584233.svg
Requests,19,activity,activity,https://d18vdu4p71yql0.cloudfront.net/libraries/arasaac/activity.png.varianted-skin.png,#14b8a6,,53,https://d18vdu4p71yql0.cloudfront.net/libraries/arasaac/to ask_1.png.varianted-skin.png,NARBE Words,#ff5ce1,https://d18vdu4p71yql0.cloudfront.net/libraries/noun-project/Book-thin_864_584233.svg
Requests,19,rule,rule,,#14b8a6,,54,https://d18vdu4p71yql0.cloudfront.net/libraries/arasaac/to ask_1.png.varianted-skin.png,NARBE Words,#ff5ce1,https://d18vdu4p71yql0.cloudfront.net/libraries/noun-project/Book-thin_864_584233.svg
Requests,19,rights,rights,https://d18vdu4p71yql0.cloudfront.net/libraries/arasaac/rights.png.varianted-skin.png,#14b8a6,,55,https://d18vdu4p71yql0.cloudfront.net/libraries/arasaac/to ask_1.png.varianted-skin.png,NARBE Words,#ff5ce1,https://d18vdu4p71yql0.cloudfront.net/libraries/noun-project/Book-thin_864_584233.svg
Requests,19,responsibility,responsibility,,#14b8a6,,56,https://d18vdu4p71yql0.cloudfront.net/libraries/arasaac/to ask_1.png.varianted-skin.png,NARBE Words,#ff5ce1,https://d18vdu4p71yql0.cloudfront.net/libraries/noun-project/Book-thin_864_584233.svg
Requests,19,safety,safety,https://d18vdu4p71yql0.cloudfront.net/libraries/noun-project/Safety_533_g.svg,#14b8a6,,57,https://d18vdu4p71yql0.cloudfront.net/libraries/arasaac/to ask_1.png.varianted-skin.png,NARBE Words,#ff5ce1,https://d18vdu4p71yql0.cloudfront.net/libraries/noun-project/Book-thin_864_584233.svg
Requests,19,danger,danger,https://d18vdu4p71yql0.cloudfront.net/libraries/arasaac/danger.png,#14b8a6,,58,https://d18vdu4p71yql0.cloudfront.net/libraries/arasaac/to ask_1.png.varianted-skin.png,NARBE Words,#ff5ce1,https://d18vdu4p71yql0.cloudfront.net/libraries/noun-project/Book-thin_864_584233.svg
Requests,19,risk,risk,https://d18vdu4p71yql0.cloudfront.net/libraries/arasaac/risk.png,#14b8a6,,59,https://d18vdu4p71yql0.cloudfront.net/libraries/arasaac/to ask_1.png.varianted-skin.png,NARBE Words,#ff5ce1,https://d18vdu4p71yql0.cloudfront.net/libraries/noun-project/Book-thin_864_584233.svg
Requests,19,complaint,complaint,,#14b8a6,,60,https://d18vdu4p71yql0.cloudfront.net/libraries/arasaac/to ask_1.png.varianted-skin.png,NARBE Words,#ff5ce1,https://d18vdu4p71yql0.cloudfront.net/libraries/noun-project/Book-thin_864_584233.svg
Requests,19,request,request,,#14b8a6,,61,https://d18vdu4p71yql0.cloudfront.net/libraries/arasaac/to ask_1.png.varianted-skin.png,NARBE Words,#ff5ce1,https://d18vdu4p71yql0.cloudfront.net/libraries/noun-project/Book-thin_864_584233.svg
Requests,19,explanation,explanation,,#14b8a6,,62,https://d18vdu4p71yql0.cloudfront.net/libraries/arasaac/to ask_1.png.varianted-skin.png,NARBE Words,#ff5ce1,https://d18vdu4p71yql0.cloudfront.net/libraries/noun-project/Book-thin_864_584233.svg
Requests,19,example,example,,#14b8a6,,63,https://d18vdu4p71yql0.cloudfront.net/libraries/arasaac/to ask_1.png.varianted-skin.png,NARBE Words,#ff5ce1,https://d18vdu4p71yql0.cloudfront.net/libraries/noun-project/Book-thin_864_584233.svg
Requests,19,detail,detail,,#14b8a6,,64,https://d18vdu4p71yql0.cloudfront.net/libraries/arasaac/to ask_1.png.varianted-skin.png,NARBE Words,#ff5ce1,https://d18vdu4p71yql0.cloudfront.net/libraries/noun-project/Book-thin_864_584233.svg
Requests,19,description,description,https://d18vdu4p71yql0.cloudfront.net/libraries/arasaac/description.png,#14b8a6,,65,https://d18vdu4p71yql0.cloudfront.net/libraries/arasaac/to ask_1.png.varianted-skin.png,NARBE Words,#ff5ce1,https://d18vdu4p71yql0.cloudfront.net/libraries/noun-project/Book-thin_864_584233.svg
Requests,19,instruction,instruction,,#14b8a6,,66,https://d18vdu4p71yql0.cloudfront.net/libraries/arasaac/to ask_1.png.varianted-skin.png,NARBE Words,#ff5ce1,https://d18vdu4p71yql0.cloudfront.net/libraries/noun-project/Book-thin_864_584233.svg
Requests,19,reminder,reminder,https://d18vdu4p71yql0.cloudfront.net/libraries/noun-project/reminder_410_g.svg,#14b8a6,,67,https://d18vdu4p71yql0.cloudfront.net/libraries/arasaac/to ask_1.png.varianted-skin.png,NARBE Words,#ff5ce1,https://d18vdu4p71yql0.cloudfront.net/libraries/noun-project/Book-thin_864_584233.svg
Requests,19,warning,warning,https://d18vdu4p71yql0.cloudfront.net/libraries/arasaac/warning.png,#14b8a6,,68,https://d18vdu4p71yql0.cloudfront.net/libraries/arasaac/to ask_1.png.varianted-skin.png,NARBE Words,#ff5ce1,https://d18vdu4p71yql0.cloudfront.net/libraries/noun-project/Book-thin_864_584233.svg
Requests,19,advice,advice,,#14b8a6,,69,https://d18vdu4p71yql0.cloudfront.net/libraries/arasaac/to ask_1.png.varianted-skin.png,NARBE Words,#ff5ce1,https://d18vdu4p71yql0.cloudfront.net/libraries/noun-project/Book-thin_864_584233.svg
Requests,19,feedback,feedback,,#14b8a6,,70,https://d18vdu4p71yql0.cloudfront.net/libraries/arasaac/to ask_1.png.varianted-skin.png,NARBE Words,#ff5ce1,https://d18vdu4p71yql0.cloudfront.net/libraries/noun-project/Book-thin_864_584233.svg
Requests,19,agreement,agreement,,#14b8a6,,71,https://d18vdu4p71yql0.cloudfront.net/libraries/arasaac/to ask_1.png.varianted-skin.png,NARBE Words,#ff5ce1,https://d18vdu4p71yql0.cloudfront.net/libraries/noun-project/Book-thin_864_584233.svg
Requests,19,disagreement,disagreement,,#14b8a6,,72,https://d18vdu4p71yql0.cloudfront.net/libraries/arasaac/to ask_1.png.varianted-skin.png,NARBE Words,#ff5ce1,https://d18vdu4p71yql0.cloudfront.net/libraries/noun-project/Book-thin_864_584233.svg
Requests,19,disability,disability,,#14b8a6,,73,https://d18vdu4p71yql0.cloudfront.net/libraries/arasaac/to ask_1.png.varianted-skin.png,NARBE Words,#ff5ce1,https://d18vdu4p71yql0.cloudfront.net/libraries/noun-project/Book-thin_864_584233.svg
Requests,19,access,access,https://d18vdu4p71yql0.cloudfront.net/libraries/arasaac/access.png.varianted-skin.png,#14b8a6,,74,https://d18vdu4p71yql0.cloudfront.net/libraries/arasaac/to ask_1.png.varianted-skin.png,NARBE Words,#ff5ce1,https://d18vdu4p71yql0.cloudfront.net/libraries/noun-project/Book-thin_864_584233.svg
Requests,19,accessibility,accessibility,https://d18vdu4p71yql0.cloudfront.net/libraries/arasaac/accessibility.png,#14b8a6,,75,https://d18vdu4p71yql0.cloudfront.net/libraries/arasaac/to ask_1.png.varianted-skin.png,NARBE Words,#ff5ce1,https://d18vdu4p71yql0.cloudfront.net/libraries/noun-project/Book-thin_864_584233.svg
Requests,19,accommodation,accommodation,,#14b8a6,,76,https://d18vdu4p71yql0.cloudfront.net/libraries/arasaac/to ask_1.png.varianted-skin.png,NARBE Words,#ff5ce1,https://d18vdu4p71yql0.cloudfront.net/libraries/noun-project/Book-thin_864_584233.svg
Requests,19,alternative,alternative,,#14b8a6,,77,https://d18vdu4p71yql0.cloudfront.net/libraries/arasaac/to ask_1.png.varianted-skin.png,NARBE Words,#ff5ce1,https://d18vdu4p71yql0.cloudfront.net/libraries/noun-project/Book-thin_864_584233.svg
Requests,19,boundary,boundary,,#14b8a6,,78,https://d18vdu4p71yql0.cloudfront.net/libraries/arasaac/to ask_1.png.varianted-skin.png,NARBE Words,#ff5ce1,https://d18vdu4p71yql0.cloudfront.net/libraries/noun-project/Book-thin_864_584233.svg
Requests,19,boundaries,boundaries,,#14b8a6,,79,https://d18vdu4p71yql0.cloudfront.net/libraries/arasaac/to ask_1.png.varianted-skin.png,NARBE Words,#ff5ce1,https://d18vdu4p71yql0.cloudfront.net/libraries/noun-project/Book-thin_864_584233.svg
Requests,19,dignity,dignity,https://d18vdu4p71yql0.cloudfront.net/libraries/arasaac/dignity.png.varianted-skin.png,#14b8a6,,80,https://d18vdu4p71yql0.cloudfront.net/libraries/arasaac/to ask_1.png.varianted-skin.png,NARBE Words,#ff5ce1,https://d18vdu4p71yql0.cloudfront.net/libraries/noun-project/Book-thin_864_584233.svg
Requests,19,routine,routine,,#14b8a6,,81,https://d18vdu4p71yql0.cloudfront.net/libraries/arasaac/to ask_1.png.varianted-skin.png,NARBE Words,#ff5ce1,https://d18vdu4p71yql0.cloudfront.net/libraries/noun-project/Book-thin_864_584233.svg
Requests,19,preference,preference,https://d18vdu4p71yql0.cloudfront.net/libraries/arasaac/preference.png,#14b8a6,,82,https://d18vdu4p71yql0.cloudfront.net/libraries/arasaac/to ask_1.png.varianted-skin.png,NARBE Words,#ff5ce1,https://d18vdu4p71yql0.cloudfront.net/libraries/noun-project/Book-thin_864_584233.svg
Requests,19,pace,pace,,#14b8a6,,83,https://d18vdu4p71yql0.cloudfront.net/libraries/arasaac/to ask_1.png.varianted-skin.png,NARBE Words,#ff5ce1,https://d18vdu4p71yql0.cloudfront.net/libraries/noun-project/Book-thin_864_584233.svg
Requests,19,volume down,volume down,,#14b8a6,,84,https://d18vdu4p71yql0.cloudfront.net/libraries/arasaac/to ask_1.png.varianted-skin.png,NARBE Words,#ff5ce1,https://d18vdu4p71yql0.cloudfront.net/libraries/noun-project/Book-thin_864_584233.svg
Requests,19,volume up,volume up,,#14b8a6,,85,https://d18vdu4p71yql0.cloudfront.net/libraries/arasaac/to ask_1.png.varianted-skin.png,NARBE Words,#ff5ce1,https://d18vdu4p71yql0.cloudfront.net/libraries/noun-project/Book-thin_864_584233.svg
Requests,19,more time,more time,,#14b8a6,,86,https://d18vdu4p71yql0.cloudfront.net/libraries/arasaac/to ask_1.png.varianted-skin.png,NARBE Words,#ff5ce1,https://d18vdu4p71yql0.cloudfront.net/libraries/noun-project/Book-thin_864_584233.svg
Requests,19,less noise,less noise,,#14b8a6,,87,https://d18vdu4p71yql0.cloudfront.net/libraries/arasaac/to ask_1.png.varianted-skin.png,NARBE Words,#ff5ce1,https://d18vdu4p71yql0.cloudfront.net/libraries/noun-project/Book-thin_864_584233.svg
Requests,19,leave me alone,leave me alone,https://d18vdu4p71yql0.cloudfront.net/libraries/arasaac/leave me alone.png,#14b8a6,,88,https://d18vdu4p71yql0.cloudfront.net/libraries/arasaac/to ask_1.png.varianted-skin.png,NARBE Words,#ff5ce1,https://d18vdu4p71yql0.cloudfront.net/libraries/noun-project/Book-thin_864_584233.svg
Requests,19,stay with me,stay with me,,#14b8a6,,89,https://d18vdu4p71yql0.cloudfront.net/libraries/arasaac/to ask_1.png.varianted-skin.png,NARBE Words,#ff5ce1,https://d18vdu4p71yql0.cloudfront.net/libraries/noun-project/Book-thin_864_584233.svg
Requests,19,ask me first,ask me first,,#14b8a6,,90,https://d18vdu4p71yql0.cloudfront.net/libraries/arasaac/to ask_1.png.varianted-skin.png,NARBE Words,#ff5ce1,https://d18vdu4p71yql0.cloudfront.net/libraries/noun-project/Book-thin_864_584233.svg
Requests,19,let me finish,let me finish,,#14b8a6,,91,https://d18vdu4p71yql0.cloudfront.net/libraries/arasaac/to ask_1.png.varianted-skin.png,NARBE Words,#ff5ce1,https://d18vdu4p71yql0.cloudfront.net/libraries/noun-project/Book-thin_864_584233.svg
Requests,19,please listen,please listen,,#14b8a6,,92,https://d18vdu4p71yql0.cloudfront.net/libraries/arasaac/to ask_1.png.varianted-skin.png,NARBE Words,#ff5ce1,https://d18vdu4p71yql0.cloudfront.net/libraries/noun-project/Book-thin_864_584233.svg
Requests,19,I changed my mind,I changed my mind,,#14b8a6,,93,https://d18vdu4p71yql0.cloudfront.net/libraries/arasaac/to ask_1.png.varianted-skin.png,NARBE Words,#ff5ce1,https://d18vdu4p71yql0.cloudfront.net/libraries/noun-project/Book-thin_864_584233.svg
Requests,19,I need help,I need help,https://d18vdu4p71yql0.cloudfront.net/libraries/arasaac/I need help.png,#14b8a6,,94,https://d18vdu4p71yql0.cloudfront.net/libraries/arasaac/to ask_1.png.varianted-skin.png,NARBE Words,#ff5ce1,https://d18vdu4p71yql0.cloudfront.net/libraries/noun-project/Book-thin_864_584233.svg
Requests,19,I need a break,I need a break,,#14b8a6,,95,https://d18vdu4p71yql0.cloudfront.net/libraries/arasaac/to ask_1.png.varianted-skin.png,NARBE Words,#ff5ce1,https://d18vdu4p71yql0.cloudfront.net/libraries/noun-project/Book-thin_864_584233.svg
Requests,19,please stop,please stop,,#14b8a6,,96,https://d18vdu4p71yql0.cloudfront.net/libraries/arasaac/to ask_1.png.varianted-skin.png,NARBE Words,#ff5ce1,https://d18vdu4p71yql0.cloudfront.net/libraries/noun-project/Book-thin_864_584233.svg
Requests,19,I choose,I choose,,#14b8a6,,97,https://d18vdu4p71yql0.cloudfront.net/libraries/arasaac/to ask_1.png.varianted-skin.png,NARBE Words,#ff5ce1,https://d18vdu4p71yql0.cloudfront.net/libraries/noun-project/Book-thin_864_584233.svg
Requests,19,I want to say something,I want to say something,,#14b8a6,,98,https://d18vdu4p71yql0.cloudfront.net/libraries/arasaac/to ask_1.png.varianted-skin.png,NARBE Words,#ff5ce1,https://d18vdu4p71yql0.cloudfront.net/libraries/noun-project/Book-thin_864_584233.svg
Requests,19,that is not what I meant,that is not what I meant,,#14b8a6,,99,https://d18vdu4p71yql0.cloudfront.net/libraries/arasaac/to ask_1.png.varianted-skin.png,NARBE Words,#ff5ce1,https://d18vdu4p71yql0.cloudfront.net/libraries/noun-project/Book-thin_864_584233.svg
Requests,19,job,job,https://d18vdu4p71yql0.cloudfront.net/libraries/arasaac/job.png,#14b8a6,,100,https://d18vdu4p71yql0.cloudfront.net/libraries/arasaac/to ask_1.png.varianted-skin.png,NARBE Words,#ff5ce1,https://d18vdu4p71yql0.cloudfront.net/libraries/noun-project/Book-thin_864_584233.svg
Requests,19,business,business,https://d18vdu4p71yql0.cloudfront.net/libraries/arasaac/business.png,#14b8a6,,101,https://d18vdu4p71yql0.cloudfront.net/libraries/arasaac/to ask_1.png.varianted-skin.png,NARBE Words,#ff5ce1,https://d18vdu4p71yql0.cloudfront.net/libraries/noun-project/Book-thin_864_584233.svg
Requests,19,company,company,https://d18vdu4p71yql0.cloudfront.net/libraries/arasaac/company.png,#14b8a6,,102,https://d18vdu4p71yql0.cloudfront.net/libraries/arasaac/to ask_1.png.varianted-skin.png,NARBE Words,#ff5ce1,https://d18vdu4p71yql0.cloudfront.net/libraries/noun-project/Book-thin_864_584233.svg
Requests,19,career,career,,#14b8a6,,103,https://d18vdu4p71yql0.cloudfront.net/libraries/arasaac/to ask_1.png.varianted-skin.png,NARBE Words,#ff5ce1,https://d18vdu4p71yql0.cloudfront.net/libraries/noun-project/Book-thin_864_584233.svg
Requests,19,employment,employment,https://d18vdu4p71yql0.cloudfront.net/libraries/arasaac/employment.png,#14b8a6,,104,https://d18vdu4p71yql0.cloudfront.net/libraries/arasaac/to ask_1.png.varianted-skin.png,NARBE Words,#ff5ce1,https://d18vdu4p71yql0.cloudfront.net/libraries/noun-project/Book-thin_864_584233.svg
Requests,19,interview,interview,https://d18vdu4p71yql0.cloudfront.net/libraries/arasaac/interview.png.varianted-skin.png,#14b8a6,,105,https://d18vdu4p71yql0.cloudfront.net/libraries/arasaac/to ask_1.png.varianted-skin.png,NARBE Words,#ff5ce1,https://d18vdu4p71yql0.cloudfront.net/libraries/noun-project/Book-thin_864_584233.svg
Requests,19,application,application,,#14b8a6,,106,https://d18vdu4p71yql0.cloudfront.net/libraries/arasaac/to ask_1.png.varianted-skin.png,NARBE Words,#ff5ce1,https://d18vdu4p71yql0.cloudfront.net/libraries/noun-project/Book-thin_864_584233.svg
Requests,19,experience,experience,,#14b8a6,,107,https://d18vdu4p71yql0.cloudfront.net/libraries/arasaac/to ask_1.png.varianted-skin.png,NARBE Words,#ff5ce1,https://d18vdu4p71yql0.cloudfront.net/libraries/noun-project/Book-thin_864_584233.svg
Requests,19,skill,skill,,#14b8a6,,108,https://d18vdu4p71yql0.cloudfront.net/libraries/arasaac/to ask_1.png.varianted-skin.png,NARBE Words,#ff5ce1,https://d18vdu4p71yql0.cloudfront.net/libraries/noun-project/Book-thin_864_584233.svg
Requests,19,skills,skills,,#14b8a6,,109,https://d18vdu4p71yql0.cloudfront.net/libraries/arasaac/to ask_1.png.varianted-skin.png,NARBE Words,#ff5ce1,https://d18vdu4p71yql0.cloudfront.net/libraries/noun-project/Book-thin_864_584233.svg
Requests,19,opportunity,opportunity,https://d18vdu4p71yql0.cloudfront.net/libraries/noun-project/opportunity_306_g.svg,#14b8a6,,110,https://d18vdu4p71yql0.cloudfront.net/libraries/arasaac/to ask_1.png.varianted-skin.png,NARBE Words,#ff5ce1,https://d18vdu4p71yql0.cloudfront.net/libraries/noun-project/Book-thin_864_584233.svg
Requests,19,service,service,https://d18vdu4p71yql0.cloudfront.net/libraries/arasaac/service.png.varianted-skin.png,#14b8a6,,111,https://d18vdu4p71yql0.cloudfront.net/libraries/arasaac/to ask_1.png.varianted-skin.png,NARBE Words,#ff5ce1,https://d18vdu4p71yql0.cloudfront.net/libraries/noun-project/Book-thin_864_584233.svg
Requests,19,quality,quality,,#14b8a6,,112,https://d18vdu4p71yql0.cloudfront.net/libraries/arasaac/to ask_1.png.varianted-skin.png,NARBE Words,#ff5ce1,https://d18vdu4p71yql0.cloudfront.net/libraries/noun-project/Book-thin_864_584233.svg
Requests,19,success,success,https://d18vdu4p71yql0.cloudfront.net/libraries/arasaac/success.png,#14b8a6,,113,https://d18vdu4p71yql0.cloudfront.net/libraries/arasaac/to ask_1.png.varianted-skin.png,NARBE Words,#ff5ce1,https://d18vdu4p71yql0.cloudfront.net/libraries/noun-project/Book-thin_864_584233.svg
Requests,19,effort,effort,,#14b8a6,,114,https://d18vdu4p71yql0.cloudfront.net/libraries/arasaac/to ask_1.png.varianted-skin.png,NARBE Words,#ff5ce1,https://d18vdu4p71yql0.cloudfront.net/libraries/noun-project/Book-thin_864_584233.svg
Requests,19,ability,ability,,#14b8a6,,115,https://d18vdu4p71yql0.cloudfront.net/libraries/arasaac/to ask_1.png.varianted-skin.png,NARBE Words,#ff5ce1,https://d18vdu4p71yql0.cloudfront.net/libraries/noun-project/Book-thin_864_584233.svg
Requests,19,chance,chance,https://d18vdu4p71yql0.cloudfront.net/libraries/noun-project/chance_100_g.svg,#14b8a6,,116,https://d18vdu4p71yql0.cloudfront.net/libraries/arasaac/to ask_1.png.varianted-skin.png,NARBE Words,#ff5ce1,https://d18vdu4p71yql0.cloudfront.net/libraries/noun-project/Book-thin_864_584233.svg
Requests,19,event,event,https://d18vdu4p71yql0.cloudfront.net/libraries/arasaac/event.png,#14b8a6,,117,https://d18vdu4p71yql0.cloudfront.net/libraries/arasaac/to ask_1.png.varianted-skin.png,NARBE Words,#ff5ce1,https://d18vdu4p71yql0.cloudfront.net/libraries/noun-project/Book-thin_864_584233.svg
Requests,19,situation,situation,,#14b8a6,,118,https://d18vdu4p71yql0.cloudfront.net/libraries/arasaac/to ask_1.png.varianted-skin.png,NARBE Words,#ff5ce1,https://d18vdu4p71yql0.cloudfront.net/libraries/noun-project/Book-thin_864_584233.svg
Requests,19,life,life,https://d18vdu4p71yql0.cloudfront.net/libraries/arasaac/life.png.varianted-skin.png,#14b8a6,,119,https://d18vdu4p71yql0.cloudfront.net/libraries/arasaac/to ask_1.png.varianted-skin.png,NARBE Words,#ff5ce1,https://d18vdu4p71yql0.cloudfront.net/libraries/noun-project/Book-thin_864_584233.svg
Requests,19,death,death,https://d18vdu4p71yql0.cloudfront.net/libraries/arasaac/death.png,#14b8a6,,120,https://d18vdu4p71yql0.cloudfront.net/libraries/arasaac/to ask_1.png.varianted-skin.png,NARBE Words,#ff5ce1,https://d18vdu4p71yql0.cloudfront.net/libraries/noun-project/Book-thin_864_584233.svg
Requests,19,truth,truth,https://d18vdu4p71yql0.cloudfront.net/libraries/arasaac/truth.png.varianted-skin.png,#14b8a6,,121,https://d18vdu4p71yql0.cloudfront.net/libraries/arasaac/to ask_1.png.varianted-skin.png,NARBE Words,#ff5ce1,https://d18vdu4p71yql0.cloudfront.net/libraries/noun-project/Book-thin_864_584233.svg
Requests,19,lie,lie,https://d18vdu4p71yql0.cloudfront.net/libraries/arasaac/lie.png.varianted-skin.png,#14b8a6,,122,https://d18vdu4p71yql0.cloudfront.net/libraries/arasaac/to ask_1.png.varianted-skin.png,NARBE Words,#ff5ce1,https://d18vdu4p71yql0.cloudfront.net/libraries/noun-project/Book-thin_864_584233.svg
Requests,19,peace,peace,https://d18vdu4p71yql0.cloudfront.net/libraries/arasaac/peace.png,#14b8a6,,123,https://d18vdu4p71yql0.cloudfront.net/libraries/arasaac/to ask_1.png.varianted-skin.png,NARBE Words,#ff5ce1,https://d18vdu4p71yql0.cloudfront.net/libraries/noun-project/Book-thin_864_584233.svg
Requests,19,war,war,https://d18vdu4p71yql0.cloudfront.net/libraries/arasaac/war.png,#14b8a6,,124,https://d18vdu4p71yql0.cloudfront.net/libraries/arasaac/to ask_1.png.varianted-skin.png,NARBE Words,#ff5ce1,https://d18vdu4p71yql0.cloudfront.net/libraries/noun-project/Book-thin_864_584233.svg
Requests,19,culture,culture,https://d18vdu4p71yql0.cloudfront.net/libraries/arasaac/culture.png,#14b8a6,,125,https://d18vdu4p71yql0.cloudfront.net/libraries/arasaac/to ask_1.png.varianted-skin.png,NARBE Words,#ff5ce1,https://d18vdu4p71yql0.cloudfront.net/libraries/noun-project/Book-thin_864_584233.svg
Requests,19,religion,religion,https://d18vdu4p71yql0.cloudfront.net/libraries/arasaac/religion.png,#14b8a6,,126,https://d18vdu4p71yql0.cloudfront.net/libraries/arasaac/to ask_1.png.varianted-skin.png,NARBE Words,#ff5ce1,https://d18vdu4p71yql0.cloudfront.net/libraries/noun-project/Book-thin_864_584233.svg
Requests,19,belief,belief,,#14b8a6,,127,https://d18vdu4p71yql0.cloudfront.net/libraries/arasaac/to ask_1.png.varianted-skin.png,NARBE Words,#ff5ce1,https://d18vdu4p71yql0.cloudfront.net/libraries/noun-project/Book-thin_864_584233.svg
Requests,19,tradition,tradition,,#14b8a6,,128,https://d18vdu4p71yql0.cloudfront.net/libraries/arasaac/to ask_1.png.varianted-skin.png,NARBE Words,#ff5ce1,https://d18vdu4p71yql0.cloudfront.net/libraries/noun-project/Book-thin_864_584233.svg
Requests,19,community,community,https://d18vdu4p71yql0.cloudfront.net/libraries/noun-project/Community-074c214080.svg,#14b8a6,,129,https://d18vdu4p71yql0.cloudfront.net/libraries/arasaac/to ask_1.png.varianted-skin.png,NARBE Words,#ff5ce1,https://d18vdu4p71yql0.cloudfront.net/libraries/noun-project/Book-thin_864_584233.svg
Requests,19,government,government,https://d18vdu4p71yql0.cloudfront.net/libraries/arasaac/government.png.varianted-skin.png,#14b8a6,,130,https://d18vdu4p71yql0.cloudfront.net/libraries/arasaac/to ask_1.png.varianted-skin.png,NARBE Words,#ff5ce1,https://d18vdu4p71yql0.cloudfront.net/libraries/noun-project/Book-thin_864_584233.svg
Requests,19,election,election,https://d18vdu4p71yql0.cloudfront.net/libraries/sclera/election.png,#14b8a6,,131,https://d18vdu4p71yql0.cloudfront.net/libraries/arasaac/to ask_1.png.varianted-skin.png,NARBE Words,#ff5ce1,https://d18vdu4p71yql0.cloudfront.net/libraries/noun-project/Book-thin_864_584233.svg
Requests,19,law,law,https://d18vdu4p71yql0.cloudfront.net/libraries/arasaac/law.png,#14b8a6,,132,https://d18vdu4p71yql0.cloudfront.net/libraries/arasaac/to ask_1.png.varianted-skin.png,NARBE Words,#ff5ce1,https://d18vdu4p71yql0.cloudfront.net/libraries/noun-project/Book-thin_864_584233.svg
Requests,19,freedom,freedom,https://d18vdu4p71yql0.cloudfront.net/libraries/arasaac/freedom.png.varianted-skin.png,#14b8a6,,133,https://d18vdu4p71yql0.cloudfront.net/libraries/arasaac/to ask_1.png.varianted-skin.png,NARBE Words,#ff5ce1,https://d18vdu4p71yql0.cloudfront.net/libraries/noun-project/Book-thin_864_584233.svg
Requests,19,equality,equality,,#14b8a6,,134,https://d18vdu4p71yql0.cloudfront.net/libraries/arasaac/to ask_1.png.varianted-skin.png,NARBE Words,#ff5ce1,https://d18vdu4p71yql0.cloudfront.net/libraries/noun-project/Book-thin_864_584233.svg
Directions,20,forward,forward,https://d18vdu4p71yql0.cloudfront.net/libraries/icomoon/forward2.svg,#22d3ee,,1,https://d18vdu4p71yql0.cloudfront.net/libraries/icomoon/directions.svg,NARBE Words,#ff5ce1,https://d18vdu4p71yql0.cloudfront.net/libraries/noun-project/Book-thin_864_584233.svg
Directions,20,backward,backward,https://d18vdu4p71yql0.cloudfront.net/libraries/icomoon/backward.svg,#22d3ee,,2,https://d18vdu4p71yql0.cloudfront.net/libraries/icomoon/directions.svg,NARBE Words,#ff5ce1,https://d18vdu4p71yql0.cloudfront.net/libraries/noun-project/Book-thin_864_584233.svg
Directions,20,left,left,https://d18vdu4p71yql0.cloudfront.net/libraries/arasaac/left.png.varianted-skin.png,#22d3ee,,3,https://d18vdu4p71yql0.cloudfront.net/libraries/icomoon/directions.svg,NARBE Words,#ff5ce1,https://d18vdu4p71yql0.cloudfront.net/libraries/noun-project/Book-thin_864_584233.svg
Directions,20,right,right,https://d18vdu4p71yql0.cloudfront.net/libraries/arasaac/right.png.varianted-skin.png,#22d3ee,,4,https://d18vdu4p71yql0.cloudfront.net/libraries/icomoon/directions.svg,NARBE Words,#ff5ce1,https://d18vdu4p71yql0.cloudfront.net/libraries/noun-project/Book-thin_864_584233.svg
Directions,20,up,up,https://d18vdu4p71yql0.cloudfront.net/libraries/mulberry/up.svg,#22d3ee,,5,https://d18vdu4p71yql0.cloudfront.net/libraries/icomoon/directions.svg,NARBE Words,#ff5ce1,https://d18vdu4p71yql0.cloudfront.net/libraries/noun-project/Book-thin_864_584233.svg
Directions,20,down,down,https://d18vdu4p71yql0.cloudfront.net/libraries/mulberry/down.svg,#22d3ee,,6,https://d18vdu4p71yql0.cloudfront.net/libraries/icomoon/directions.svg,NARBE Words,#ff5ce1,https://d18vdu4p71yql0.cloudfront.net/libraries/noun-project/Book-thin_864_584233.svg
Directions,20,north,north,https://d18vdu4p71yql0.cloudfront.net/libraries/noun-project/North-Arrow_653_g.svg,#22d3ee,,7,https://d18vdu4p71yql0.cloudfront.net/libraries/icomoon/directions.svg,NARBE Words,#ff5ce1,https://d18vdu4p71yql0.cloudfront.net/libraries/noun-project/Book-thin_864_584233.svg
Directions,20,south,south,https://d18vdu4p71yql0.cloudfront.net/libraries/arasaac/South.png,#22d3ee,,8,https://d18vdu4p71yql0.cloudfront.net/libraries/icomoon/directions.svg,NARBE Words,#ff5ce1,https://d18vdu4p71yql0.cloudfront.net/libraries/noun-project/Book-thin_864_584233.svg
Directions,20,east,east,https://d18vdu4p71yql0.cloudfront.net/libraries/arasaac/East.png,#22d3ee,,9,https://d18vdu4p71yql0.cloudfront.net/libraries/icomoon/directions.svg,NARBE Words,#ff5ce1,https://d18vdu4p71yql0.cloudfront.net/libraries/noun-project/Book-thin_864_584233.svg
Directions,20,west,west,https://d18vdu4p71yql0.cloudfront.net/libraries/arasaac/West.png,#22d3ee,,10,https://d18vdu4p71yql0.cloudfront.net/libraries/icomoon/directions.svg,NARBE Words,#ff5ce1,https://d18vdu4p71yql0.cloudfront.net/libraries/noun-project/Book-thin_864_584233.svg
Directions,20,upstairs,upstairs,https://d18vdu4p71yql0.cloudfront.net/libraries/noun-project/Upstairs-a04d28c519.svg,#22d3ee,,11,https://d18vdu4p71yql0.cloudfront.net/libraries/icomoon/directions.svg,NARBE Words,#ff5ce1,https://d18vdu4p71yql0.cloudfront.net/libraries/noun-project/Book-thin_864_584233.svg
Directions,20,downstairs,downstairs,https://d18vdu4p71yql0.cloudfront.net/libraries/noun-project/Downstairs-d762c34cc7.svg,#22d3ee,,12,https://d18vdu4p71yql0.cloudfront.net/libraries/icomoon/directions.svg,NARBE Words,#ff5ce1,https://d18vdu4p71yql0.cloudfront.net/libraries/noun-project/Book-thin_864_584233.svg
Directions,20,ahead,ahead,https://d18vdu4p71yql0.cloudfront.net/libraries/mulberry/ahead.svg,#22d3ee,,13,https://d18vdu4p71yql0.cloudfront.net/libraries/icomoon/directions.svg,NARBE Words,#ff5ce1,https://d18vdu4p71yql0.cloudfront.net/libraries/noun-project/Book-thin_864_584233.svg
Directions,20,backwards,backwards,https://d18vdu4p71yql0.cloudfront.net/libraries/mulberry/backwards.svg,#22d3ee,,14,https://d18vdu4p71yql0.cloudfront.net/libraries/icomoon/directions.svg,NARBE Words,#ff5ce1,https://d18vdu4p71yql0.cloudfront.net/libraries/noun-project/Book-thin_864_584233.svg
Directions,20,sideways,sideways,,#22d3ee,,15,https://d18vdu4p71yql0.cloudfront.net/libraries/icomoon/directions.svg,NARBE Words,#ff5ce1,https://d18vdu4p71yql0.cloudfront.net/libraries/noun-project/Book-thin_864_584233.svg
Directions,20,clockwise,clockwise,,#22d3ee,,16,https://d18vdu4p71yql0.cloudfront.net/libraries/icomoon/directions.svg,NARBE Words,#ff5ce1,https://d18vdu4p71yql0.cloudfront.net/libraries/noun-project/Book-thin_864_584233.svg
Directions,20,counterclockwise,counterclockwise,,#22d3ee,,17,https://d18vdu4p71yql0.cloudfront.net/libraries/icomoon/directions.svg,NARBE Words,#ff5ce1,https://d18vdu4p71yql0.cloudfront.net/libraries/noun-project/Book-thin_864_584233.svg
Directions,20,straight ahead,straight ahead,,#22d3ee,,18,https://d18vdu4p71yql0.cloudfront.net/libraries/icomoon/directions.svg,NARBE Words,#ff5ce1,https://d18vdu4p71yql0.cloudfront.net/libraries/noun-project/Book-thin_864_584233.svg
Directions,20,turn left,turn left,https://d18vdu4p71yql0.cloudfront.net/libraries/noun-project/turn-left_618_g.svg,#22d3ee,,19,https://d18vdu4p71yql0.cloudfront.net/libraries/icomoon/directions.svg,NARBE Words,#ff5ce1,https://d18vdu4p71yql0.cloudfront.net/libraries/noun-project/Book-thin_864_584233.svg
Directions,20,turn right,turn right,,#22d3ee,,20,https://d18vdu4p71yql0.cloudfront.net/libraries/icomoon/directions.svg,NARBE Words,#ff5ce1,https://d18vdu4p71yql0.cloudfront.net/libraries/noun-project/Book-thin_864_584233.svg
Directions,20,top,top,https://d18vdu4p71yql0.cloudfront.net/libraries/arasaac/summit.png,#22d3ee,,21,https://d18vdu4p71yql0.cloudfront.net/libraries/icomoon/directions.svg,NARBE Words,#ff5ce1,https://d18vdu4p71yql0.cloudfront.net/libraries/noun-project/Book-thin_864_584233.svg
Directions,20,middle,middle,https://d18vdu4p71yql0.cloudfront.net/libraries/mulberry/middle.svg,#22d3ee,,22,https://d18vdu4p71yql0.cloudfront.net/libraries/icomoon/directions.svg,NARBE Words,#ff5ce1,https://d18vdu4p71yql0.cloudfront.net/libraries/noun-project/Book-thin_864_584233.svg
Directions,20,center,center,https://d18vdu4p71yql0.cloudfront.net/libraries/arasaac/centre.png,#22d3ee,,23,https://d18vdu4p71yql0.cloudfront.net/libraries/icomoon/directions.svg,NARBE Words,#ff5ce1,https://d18vdu4p71yql0.cloudfront.net/libraries/noun-project/Book-thin_864_584233.svg
Directions,20,centre,centre,https://d18vdu4p71yql0.cloudfront.net/libraries/arasaac/centre.png,#22d3ee,,24,https://d18vdu4p71yql0.cloudfront.net/libraries/icomoon/directions.svg,NARBE Words,#ff5ce1,https://d18vdu4p71yql0.cloudfront.net/libraries/noun-project/Book-thin_864_584233.svg
Directions,20,edge,edge,,#22d3ee,,25,https://d18vdu4p71yql0.cloudfront.net/libraries/icomoon/directions.svg,NARBE Words,#ff5ce1,https://d18vdu4p71yql0.cloudfront.net/libraries/noun-project/Book-thin_864_584233.svg
Directions,20,corner,corner,https://d18vdu4p71yql0.cloudfront.net/libraries/arasaac/corner.png,#22d3ee,,26,https://d18vdu4p71yql0.cloudfront.net/libraries/icomoon/directions.svg,NARBE Words,#ff5ce1,https://d18vdu4p71yql0.cloudfront.net/libraries/noun-project/Book-thin_864_584233.svg
Directions,20,front,front,https://d18vdu4p71yql0.cloudfront.net/libraries/arasaac/forehead.png.varianted-skin.png,#22d3ee,,27,https://d18vdu4p71yql0.cloudfront.net/libraries/icomoon/directions.svg,NARBE Words,#ff5ce1,https://d18vdu4p71yql0.cloudfront.net/libraries/noun-project/Book-thin_864_584233.svg
Directions,20,closer,closer,,#22d3ee,,28,https://d18vdu4p71yql0.cloudfront.net/libraries/icomoon/directions.svg,NARBE Words,#ff5ce1,https://d18vdu4p71yql0.cloudfront.net/libraries/noun-project/Book-thin_864_584233.svg
Directions,20,farther,farther,,#22d3ee,,29,https://d18vdu4p71yql0.cloudfront.net/libraries/icomoon/directions.svg,NARBE Words,#ff5ce1,https://d18vdu4p71yql0.cloudfront.net/libraries/noun-project/Book-thin_864_584233.svg
Directions,20,further,further,,#22d3ee,,30,https://d18vdu4p71yql0.cloudfront.net/libraries/icomoon/directions.svg,NARBE Words,#ff5ce1,https://d18vdu4p71yql0.cloudfront.net/libraries/noun-project/Book-thin_864_584233.svg
Directions,20,higher,higher,,#22d3ee,,31,https://d18vdu4p71yql0.cloudfront.net/libraries/icomoon/directions.svg,NARBE Words,#ff5ce1,https://d18vdu4p71yql0.cloudfront.net/libraries/noun-project/Book-thin_864_584233.svg
Health,21,pain,pain,https://d18vdu4p71yql0.cloudfront.net/libraries/sclera/pain.png,#ad78b7,,1,https://d18vdu4p71yql0.cloudfront.net/libraries/arasaac/health.png,NARBE Words,#ff5ce1,https://d18vdu4p71yql0.cloudfront.net/libraries/noun-project/Book-thin_864_584233.svg
Health,21,medicine,medicine,https://d18vdu4p71yql0.cloudfront.net/libraries/arasaac/medicine.png,#ad78b7,,2,https://d18vdu4p71yql0.cloudfront.net/libraries/arasaac/health.png,NARBE Words,#ff5ce1,https://d18vdu4p71yql0.cloudfront.net/libraries/noun-project/Book-thin_864_584233.svg
Health,21,medication,medication,https://d18vdu4p71yql0.cloudfront.net/libraries/sclera/medication.png,#ad78b7,,3,https://d18vdu4p71yql0.cloudfront.net/libraries/arasaac/health.png,NARBE Words,#ff5ce1,https://d18vdu4p71yql0.cloudfront.net/libraries/noun-project/Book-thin_864_584233.svg
Health,21,allergy,allergy,https://d18vdu4p71yql0.cloudfront.net/libraries/arasaac/allergy.png.varianted-skin.png,#ad78b7,,4,https://d18vdu4p71yql0.cloudfront.net/libraries/arasaac/health.png,NARBE Words,#ff5ce1,https://d18vdu4p71yql0.cloudfront.net/libraries/noun-project/Book-thin_864_584233.svg
Health,21,allergies,allergies,https://d18vdu4p71yql0.cloudfront.net/libraries/arasaac/allergies.png.varianted-skin.png,#ad78b7,,5,https://d18vdu4p71yql0.cloudfront.net/libraries/arasaac/health.png,NARBE Words,#ff5ce1,https://d18vdu4p71yql0.cloudfront.net/libraries/noun-project/Book-thin_864_584233.svg
Health,21,fever,fever,https://d18vdu4p71yql0.cloudfront.net/libraries/arasaac/fever.png.varianted-skin.png,#ad78b7,,6,https://d18vdu4p71yql0.cloudfront.net/libraries/arasaac/health.png,NARBE Words,#ff5ce1,https://d18vdu4p71yql0.cloudfront.net/libraries/noun-project/Book-thin_864_584233.svg
Health,21,headache,headache,https://d18vdu4p71yql0.cloudfront.net/libraries/arasaac/headache.png.varianted-skin.png,#ad78b7,,7,https://d18vdu4p71yql0.cloudfront.net/libraries/arasaac/health.png,NARBE Words,#ff5ce1,https://d18vdu4p71yql0.cloudfront.net/libraries/noun-project/Book-thin_864_584233.svg
Health,21,nausea,nausea,https://d18vdu4p71yql0.cloudfront.net/libraries/twemoji/1f922.svg,#ad78b7,,8,https://d18vdu4p71yql0.cloudfront.net/libraries/arasaac/health.png,NARBE Words,#ff5ce1,https://d18vdu4p71yql0.cloudfront.net/libraries/noun-project/Book-thin_864_584233.svg
Health,21,cramp,cramp,,#ad78b7,,9,https://d18vdu4p71yql0.cloudfront.net/libraries/arasaac/health.png,NARBE Words,#ff5ce1,https://d18vdu4p71yql0.cloudfront.net/libraries/noun-project/Book-thin_864_584233.svg
Health,21,injury,injury,https://d18vdu4p71yql0.cloudfront.net/libraries/arasaac/injury.png.varianted-skin.png,#ad78b7,,10,https://d18vdu4p71yql0.cloudfront.net/libraries/arasaac/health.png,NARBE Words,#ff5ce1,https://d18vdu4p71yql0.cloudfront.net/libraries/noun-project/Book-thin_864_584233.svg
Health,21,bandage,bandage,https://d18vdu4p71yql0.cloudfront.net/libraries/arasaac/bandage.png,#ad78b7,,11,https://d18vdu4p71yql0.cloudfront.net/libraries/arasaac/health.png,NARBE Words,#ff5ce1,https://d18vdu4p71yql0.cloudfront.net/libraries/noun-project/Book-thin_864_584233.svg
Health,21,temperature,temperature,https://d18vdu4p71yql0.cloudfront.net/libraries/arasaac/temperature.png,#ad78b7,,12,https://d18vdu4p71yql0.cloudfront.net/libraries/arasaac/health.png,NARBE Words,#ff5ce1,https://d18vdu4p71yql0.cloudfront.net/libraries/noun-project/Book-thin_864_584233.svg
Health,21,breathing,breathing,https://d18vdu4p71yql0.cloudfront.net/libraries/arasaac/to breathe.png.varianted-skin.png,#ad78b7,,13,https://d18vdu4p71yql0.cloudfront.net/libraries/arasaac/health.png,NARBE Words,#ff5ce1,https://d18vdu4p71yql0.cloudfront.net/libraries/noun-project/Book-thin_864_584233.svg
Health,21,coughing,coughing,https://d18vdu4p71yql0.cloudfront.net/libraries/arasaac/cough.png.varianted-skin.png,#ad78b7,,14,https://d18vdu4p71yql0.cloudfront.net/libraries/arasaac/health.png,NARBE Words,#ff5ce1,https://d18vdu4p71yql0.cloudfront.net/libraries/noun-project/Book-thin_864_584233.svg
Health,21,itching,itching,https://d18vdu4p71yql0.cloudfront.net/libraries/mulberry/itch.svg.varianted-skin.svg,#ad78b7,,15,https://d18vdu4p71yql0.cloudfront.net/libraries/arasaac/health.png,NARBE Words,#ff5ce1,https://d18vdu4p71yql0.cloudfront.net/libraries/noun-project/Book-thin_864_584233.svg
Health,21,hearing,hearing,https://d18vdu4p71yql0.cloudfront.net/libraries/noun-project/Hearing-5547f8a633.svg,#ad78b7,,16,https://d18vdu4p71yql0.cloudfront.net/libraries/arasaac/health.png,NARBE Words,#ff5ce1,https://d18vdu4p71yql0.cloudfront.net/libraries/noun-project/Book-thin_864_584233.svg
Health,21,vision,vision,https://d18vdu4p71yql0.cloudfront.net/libraries/noun-project/Vision_30_g.svg,#ad78b7,,17,https://d18vdu4p71yql0.cloudfront.net/libraries/arasaac/health.png,NARBE Words,#ff5ce1,https://d18vdu4p71yql0.cloudfront.net/libraries/noun-project/Book-thin_864_584233.svg
Health,21,therapy,therapy,https://d18vdu4p71yql0.cloudfront.net/libraries/sclera/therapy.png,#ad78b7,,18,https://d18vdu4p71yql0.cloudfront.net/libraries/arasaac/health.png,NARBE Words,#ff5ce1,https://d18vdu4p71yql0.cloudfront.net/libraries/noun-project/Book-thin_864_584233.svg
Health,21,exercise,exercise,https://d18vdu4p71yql0.cloudfront.net/libraries/arasaac/exercise.png,#ad78b7,,19,https://d18vdu4p71yql0.cloudfront.net/libraries/arasaac/health.png,NARBE Words,#ff5ce1,https://d18vdu4p71yql0.cloudfront.net/libraries/noun-project/Book-thin_864_584233.svg
Health,21,emergency,emergency,,#ad78b7,,20,https://d18vdu4p71yql0.cloudfront.net/libraries/arasaac/health.png,NARBE Words,#ff5ce1,https://d18vdu4p71yql0.cloudfront.net/libraries/noun-project/Book-thin_864_584233.svg
Health,21,seizure,seizure,https://d18vdu4p71yql0.cloudfront.net/libraries/mulberry/seizure.svg.varianted-skin.svg,#ad78b7,,21,https://d18vdu4p71yql0.cloudfront.net/libraries/arasaac/health.png,NARBE Words,#ff5ce1,https://d18vdu4p71yql0.cloudfront.net/libraries/noun-project/Book-thin_864_584233.svg
Health,21,prescription,prescription,https://d18vdu4p71yql0.cloudfront.net/libraries/icon_archive/prescription.png,#ad78b7,,22,https://d18vdu4p71yql0.cloudfront.net/libraries/arasaac/health.png,NARBE Words,#ff5ce1,https://d18vdu4p71yql0.cloudfront.net/libraries/noun-project/Book-thin_864_584233.svg
Health,21,oxygen,oxygen,https://d18vdu4p71yql0.cloudfront.net/libraries/arasaac/oxygen.png,#ad78b7,,23,https://d18vdu4p71yql0.cloudfront.net/libraries/arasaac/health.png,NARBE Words,#ff5ce1,https://d18vdu4p71yql0.cloudfront.net/libraries/noun-project/Book-thin_864_584233.svg
Health,21,inhaler,inhaler,https://d18vdu4p71yql0.cloudfront.net/libraries/arasaac/inhaler.png,#ad78b7,,24,https://d18vdu4p71yql0.cloudfront.net/libraries/arasaac/health.png,NARBE Words,#ff5ce1,https://d18vdu4p71yql0.cloudfront.net/libraries/noun-project/Book-thin_864_584233.svg
Health,21,health,health,https://d18vdu4p71yql0.cloudfront.net/libraries/arasaac/health.png,#ad78b7,,25,https://d18vdu4p71yql0.cloudfront.net/libraries/arasaac/health.png,NARBE Words,#ff5ce1,https://d18vdu4p71yql0.cloudfront.net/libraries/noun-project/Book-thin_864_584233.svg
Health,21,symptom,symptom,https://d18vdu4p71yql0.cloudfront.net/libraries/noun-project/Symptom_670_8150.svg,#ad78b7,,26,https://d18vdu4p71yql0.cloudfront.net/libraries/arasaac/health.png,NARBE Words,#ff5ce1,https://d18vdu4p71yql0.cloudfront.net/libraries/noun-project/Book-thin_864_584233.svg
Health,21,diagnosis,diagnosis,,#ad78b7,,27,https://d18vdu4p71yql0.cloudfront.net/libraries/arasaac/health.png,NARBE Words,#ff5ce1,https://d18vdu4p71yql0.cloudfront.net/libraries/noun-project/Book-thin_864_584233.svg
Health,21,treatment,treatment,https://d18vdu4p71yql0.cloudfront.net/libraries/arasaac/treatment.png,#ad78b7,,28,https://d18vdu4p71yql0.cloudfront.net/libraries/arasaac/health.png,NARBE Words,#ff5ce1,https://d18vdu4p71yql0.cloudfront.net/libraries/noun-project/Book-thin_864_584233.svg
Health,21,checkup,checkup,,#ad78b7,,29,https://d18vdu4p71yql0.cloudfront.net/libraries/arasaac/health.png,NARBE Words,#ff5ce1,https://d18vdu4p71yql0.cloudfront.net/libraries/noun-project/Book-thin_864_584233.svg
Health,21,operation,operation,https://d18vdu4p71yql0.cloudfront.net/libraries/arasaac/operation.png,#ad78b7,,30,https://d18vdu4p71yql0.cloudfront.net/libraries/arasaac/health.png,NARBE Words,#ff5ce1,https://d18vdu4p71yql0.cloudfront.net/libraries/noun-project/Book-thin_864_584233.svg
Health,21,surgery,surgery,https://d18vdu4p71yql0.cloudfront.net/libraries/noun-project/Surgery-9a8464730f.svg,#ad78b7,,31,https://d18vdu4p71yql0.cloudfront.net/libraries/arasaac/health.png,NARBE Words,#ff5ce1,https://d18vdu4p71yql0.cloudfront.net/libraries/noun-project/Book-thin_864_584233.svg
Health,21,infection,infection,,#ad78b7,,32,https://d18vdu4p71yql0.cloudfront.net/libraries/arasaac/health.png,NARBE Words,#ff5ce1,https://d18vdu4p71yql0.cloudfront.net/libraries/noun-project/Book-thin_864_584233.svg
Health,21,virus,virus,https://d18vdu4p71yql0.cloudfront.net/libraries/arasaac/virus.png,#ad78b7,,33,https://d18vdu4p71yql0.cloudfront.net/libraries/arasaac/health.png,NARBE Words,#ff5ce1,https://d18vdu4p71yql0.cloudfront.net/libraries/noun-project/Book-thin_864_584233.svg
Health,21,flu,flu,https://d18vdu4p71yql0.cloudfront.net/libraries/arasaac/flu.png.varianted-skin.png,#ad78b7,,34,https://d18vdu4p71yql0.cloudfront.net/libraries/arasaac/health.png,NARBE Words,#ff5ce1,https://d18vdu4p71yql0.cloudfront.net/libraries/noun-project/Book-thin_864_584233.svg
Health,21,rash,rash,https://d18vdu4p71yql0.cloudfront.net/libraries/arasaac/rash.png.varianted-skin.png,#ad78b7,,35,https://d18vdu4p71yql0.cloudfront.net/libraries/arasaac/health.png,NARBE Words,#ff5ce1,https://d18vdu4p71yql0.cloudfront.net/libraries/noun-project/Book-thin_864_584233.svg
Health,21,bruise,bruise,https://d18vdu4p71yql0.cloudfront.net/libraries/arasaac/bruise.png.varianted-skin.png,#ad78b7,,36,https://d18vdu4p71yql0.cloudfront.net/libraries/arasaac/health.png,NARBE Words,#ff5ce1,https://d18vdu4p71yql0.cloudfront.net/libraries/noun-project/Book-thin_864_584233.svg
Health,21,blister,blister,,#ad78b7,,37,https://d18vdu4p71yql0.cloudfront.net/libraries/arasaac/health.png,NARBE Words,#ff5ce1,https://d18vdu4p71yql0.cloudfront.net/libraries/noun-project/Book-thin_864_584233.svg
Health,21,burn,burn,https://d18vdu4p71yql0.cloudfront.net/libraries/arasaac/burn.png.varianted-skin.png,#ad78b7,,38,https://d18vdu4p71yql0.cloudfront.net/libraries/arasaac/health.png,NARBE Words,#ff5ce1,https://d18vdu4p71yql0.cloudfront.net/libraries/noun-project/Book-thin_864_584233.svg
Health,21,swelling,swelling,,#ad78b7,,39,https://d18vdu4p71yql0.cloudfront.net/libraries/arasaac/health.png,NARBE Words,#ff5ce1,https://d18vdu4p71yql0.cloudfront.net/libraries/noun-project/Book-thin_864_584233.svg
Health,21,splinter,splinter,,#ad78b7,,40,https://d18vdu4p71yql0.cloudfront.net/libraries/arasaac/health.png,NARBE Words,#ff5ce1,https://d18vdu4p71yql0.cloudfront.net/libraries/noun-project/Book-thin_864_584233.svg
Health,21,wound,wound,https://d18vdu4p71yql0.cloudfront.net/libraries/arasaac/to wound.png.varianted-skin.png,#ad78b7,,41,https://d18vdu4p71yql0.cloudfront.net/libraries/arasaac/health.png,NARBE Words,#ff5ce1,https://d18vdu4p71yql0.cloudfront.net/libraries/noun-project/Book-thin_864_584233.svg
Health,21,scar,scar,https://d18vdu4p71yql0.cloudfront.net/libraries/arasaac/scar.png.varianted-skin.png,#ad78b7,,42,https://d18vdu4p71yql0.cloudfront.net/libraries/arasaac/health.png,NARBE Words,#ff5ce1,https://d18vdu4p71yql0.cloudfront.net/libraries/noun-project/Book-thin_864_584233.svg
Health,21,stomachache,stomachache,,#ad78b7,,43,https://d18vdu4p71yql0.cloudfront.net/libraries/arasaac/health.png,NARBE Words,#ff5ce1,https://d18vdu4p71yql0.cloudfront.net/libraries/noun-project/Book-thin_864_584233.svg
Health,21,toothache,toothache,https://d18vdu4p71yql0.cloudfront.net/libraries/arasaac/toothache.png,#ad78b7,,44,https://d18vdu4p71yql0.cloudfront.net/libraries/arasaac/health.png,NARBE Words,#ff5ce1,https://d18vdu4p71yql0.cloudfront.net/libraries/noun-project/Book-thin_864_584233.svg
Health,21,earache,earache,,#ad78b7,,45,https://d18vdu4p71yql0.cloudfront.net/libraries/arasaac/health.png,NARBE Words,#ff5ce1,https://d18vdu4p71yql0.cloudfront.net/libraries/noun-project/Book-thin_864_584233.svg
Health,21,sore throat,sore throat,https://d18vdu4p71yql0.cloudfront.net/libraries/noun-project/sore-throat_451_g.svg,#ad78b7,,46,https://d18vdu4p71yql0.cloudfront.net/libraries/arasaac/health.png,NARBE Words,#ff5ce1,https://d18vdu4p71yql0.cloudfront.net/libraries/noun-project/Book-thin_864_584233.svg
Health,21,backache,backache,https://d18vdu4p71yql0.cloudfront.net/libraries/sclera/backache.png,#ad78b7,,47,https://d18vdu4p71yql0.cloudfront.net/libraries/arasaac/health.png,NARBE Words,#ff5ce1,https://d18vdu4p71yql0.cloudfront.net/libraries/noun-project/Book-thin_864_584233.svg
Health,21,migraine,migraine,,#ad78b7,,48,https://d18vdu4p71yql0.cloudfront.net/libraries/arasaac/health.png,NARBE Words,#ff5ce1,https://d18vdu4p71yql0.cloudfront.net/libraries/noun-project/Book-thin_864_584233.svg
Health,21,dizziness,dizziness,,#ad78b7,,49,https://d18vdu4p71yql0.cloudfront.net/libraries/arasaac/health.png,NARBE Words,#ff5ce1,https://d18vdu4p71yql0.cloudfront.net/libraries/noun-project/Book-thin_864_584233.svg
Health,21,constipation,constipation,https://d18vdu4p71yql0.cloudfront.net/libraries/arasaac/constipation.png.varianted-skin.png,#ad78b7,,50,https://d18vdu4p71yql0.cloudfront.net/libraries/arasaac/health.png,NARBE Words,#ff5ce1,https://d18vdu4p71yql0.cloudfront.net/libraries/noun-project/Book-thin_864_584233.svg
Health,21,diarrhea,diarrhea,,#ad78b7,,51,https://d18vdu4p71yql0.cloudfront.net/libraries/arasaac/health.png,NARBE Words,#ff5ce1,https://d18vdu4p71yql0.cloudfront.net/libraries/noun-project/Book-thin_864_584233.svg
Health,21,vomiting,vomiting,,#ad78b7,,52,https://d18vdu4p71yql0.cloudfront.net/libraries/arasaac/health.png,NARBE Words,#ff5ce1,https://d18vdu4p71yql0.cloudfront.net/libraries/noun-project/Book-thin_864_584233.svg
Health,21,indigestion,indigestion,,#ad78b7,,53,https://d18vdu4p71yql0.cloudfront.net/libraries/arasaac/health.png,NARBE Words,#ff5ce1,https://d18vdu4p71yql0.cloudfront.net/libraries/noun-project/Book-thin_864_584233.svg
Health,21,heartburn,heartburn,,#ad78b7,,54,https://d18vdu4p71yql0.cloudfront.net/libraries/arasaac/health.png,NARBE Words,#ff5ce1,https://d18vdu4p71yql0.cloudfront.net/libraries/noun-project/Book-thin_864_584233.svg
Health,21,dehydration,dehydration,,#ad78b7,,55,https://d18vdu4p71yql0.cloudfront.net/libraries/arasaac/health.png,NARBE Words,#ff5ce1,https://d18vdu4p71yql0.cloudfront.net/libraries/noun-project/Book-thin_864_584233.svg
Health,21,fatigue,fatigue,,#ad78b7,,56,https://d18vdu4p71yql0.cloudfront.net/libraries/arasaac/health.png,NARBE Words,#ff5ce1,https://d18vdu4p71yql0.cloudfront.net/libraries/noun-project/Book-thin_864_584233.svg
Health,21,spasm,spasm,,#ad78b7,,57,https://d18vdu4p71yql0.cloudfront.net/libraries/arasaac/health.png,NARBE Words,#ff5ce1,https://d18vdu4p71yql0.cloudfront.net/libraries/noun-project/Book-thin_864_584233.svg
Health,21,stiffness,stiffness,,#ad78b7,,58,https://d18vdu4p71yql0.cloudfront.net/libraries/arasaac/health.png,NARBE Words,#ff5ce1,https://d18vdu4p71yql0.cloudfront.net/libraries/noun-project/Book-thin_864_584233.svg
Health,21,pressure sore,pressure sore,,#ad78b7,,59,https://d18vdu4p71yql0.cloudfront.net/libraries/arasaac/health.png,NARBE Words,#ff5ce1,https://d18vdu4p71yql0.cloudfront.net/libraries/noun-project/Book-thin_864_584233.svg
Health,21,sunburn,sunburn,,#ad78b7,,60,https://d18vdu4p71yql0.cloudfront.net/libraries/arasaac/health.png,NARBE Words,#ff5ce1,https://d18vdu4p71yql0.cloudfront.net/libraries/noun-project/Book-thin_864_584233.svg
Health,21,ache,ache,,#ad78b7,,61,https://d18vdu4p71yql0.cloudfront.net/libraries/arasaac/health.png,NARBE Words,#ff5ce1,https://d18vdu4p71yql0.cloudfront.net/libraries/noun-project/Book-thin_864_584233.svg
Health,21,twinge,twinge,,#ad78b7,,62,https://d18vdu4p71yql0.cloudfront.net/libraries/arasaac/health.png,NARBE Words,#ff5ce1,https://d18vdu4p71yql0.cloudfront.net/libraries/noun-project/Book-thin_864_584233.svg
Health,21,sharp pain,sharp pain,https://d18vdu4p71yql0.cloudfront.net/libraries/arasaac/sharp pain.png.varianted-skin.png,#ad78b7,,63,https://d18vdu4p71yql0.cloudfront.net/libraries/arasaac/health.png,NARBE Words,#ff5ce1,https://d18vdu4p71yql0.cloudfront.net/libraries/noun-project/Book-thin_864_584233.svg
Health,21,dull pain,dull pain,,#ad78b7,,64,https://d18vdu4p71yql0.cloudfront.net/libraries/arasaac/health.png,NARBE Words,#ff5ce1,https://d18vdu4p71yql0.cloudfront.net/libraries/noun-project/Book-thin_864_584233.svg
Health,21,period,period,https://d18vdu4p71yql0.cloudfront.net/libraries/arasaac/period.png,#ad78b7,,65,https://d18vdu4p71yql0.cloudfront.net/libraries/arasaac/health.png,NARBE Words,#ff5ce1,https://d18vdu4p71yql0.cloudfront.net/libraries/noun-project/Book-thin_864_584233.svg
Health,21,menstruation,menstruation,https://d18vdu4p71yql0.cloudfront.net/libraries/arasaac/menstruation.png,#ad78b7,,66,https://d18vdu4p71yql0.cloudfront.net/libraries/arasaac/health.png,NARBE Words,#ff5ce1,https://d18vdu4p71yql0.cloudfront.net/libraries/noun-project/Book-thin_864_584233.svg
Health,21,pregnancy,pregnancy,https://d18vdu4p71yql0.cloudfront.net/libraries/arasaac/pregnancy.png.varianted-skin.png,#ad78b7,,67,https://d18vdu4p71yql0.cloudfront.net/libraries/arasaac/health.png,NARBE Words,#ff5ce1,https://d18vdu4p71yql0.cloudfront.net/libraries/noun-project/Book-thin_864_584233.svg
Health,21,asthma,asthma,https://d18vdu4p71yql0.cloudfront.net/libraries/arasaac/asthma.png.varianted-skin.png,#ad78b7,,68,https://d18vdu4p71yql0.cloudfront.net/libraries/arasaac/health.png,NARBE Words,#ff5ce1,https://d18vdu4p71yql0.cloudfront.net/libraries/noun-project/Book-thin_864_584233.svg
Health,21,diabetes,diabetes,https://d18vdu4p71yql0.cloudfront.net/libraries/noun-project/Diabetes-7443bec83b.svg,#ad78b7,,69,https://d18vdu4p71yql0.cloudfront.net/libraries/arasaac/health.png,NARBE Words,#ff5ce1,https://d18vdu4p71yql0.cloudfront.net/libraries/noun-project/Book-thin_864_584233.svg
Health,21,blood pressure,blood pressure,https://d18vdu4p71yql0.cloudfront.net/libraries/arasaac/blood pressure.png.varianted-skin.png,#ad78b7,,70,https://d18vdu4p71yql0.cloudfront.net/libraries/arasaac/health.png,NARBE Words,#ff5ce1,https://d18vdu4p71yql0.cloudfront.net/libraries/noun-project/Book-thin_864_584233.svg
Health,21,blood sugar,blood sugar,https://d18vdu4p71yql0.cloudfront.net/libraries/arasaac/blood sugar.png,#ad78b7,,71,https://d18vdu4p71yql0.cloudfront.net/libraries/arasaac/health.png,NARBE Words,#ff5ce1,https://d18vdu4p71yql0.cloudfront.net/libraries/noun-project/Book-thin_864_584233.svg
Health,21,pulse,pulse,https://d18vdu4p71yql0.cloudfront.net/libraries/arasaac/pulse.png,#ad78b7,,72,https://d18vdu4p71yql0.cloudfront.net/libraries/arasaac/health.png,NARBE Words,#ff5ce1,https://d18vdu4p71yql0.cloudfront.net/libraries/noun-project/Book-thin_864_584233.svg
Health,21,heartbeat,heartbeat,https://d18vdu4p71yql0.cloudfront.net/libraries/noun-project/heartbeat_673_g.svg,#ad78b7,,73,https://d18vdu4p71yql0.cloudfront.net/libraries/arasaac/health.png,NARBE Words,#ff5ce1,https://d18vdu4p71yql0.cloudfront.net/libraries/noun-project/Book-thin_864_584233.svg
Health,21,x-ray,x-ray,https://d18vdu4p71yql0.cloudfront.net/libraries/arasaac/X-ray.png,#ad78b7,,74,https://d18vdu4p71yql0.cloudfront.net/libraries/arasaac/health.png,NARBE Words,#ff5ce1,https://d18vdu4p71yql0.cloudfront.net/libraries/noun-project/Book-thin_864_584233.svg
Health,21,scan,scan,,#ad78b7,,75,https://d18vdu4p71yql0.cloudfront.net/libraries/arasaac/health.png,NARBE Words,#ff5ce1,https://d18vdu4p71yql0.cloudfront.net/libraries/noun-project/Book-thin_864_584233.svg
Health,21,blood test,blood test,,#ad78b7,,76,https://d18vdu4p71yql0.cloudfront.net/libraries/arasaac/health.png,NARBE Words,#ff5ce1,https://d18vdu4p71yql0.cloudfront.net/libraries/noun-project/Book-thin_864_584233.svg
Health,21,urine,urine,,#ad78b7,,77,https://d18vdu4p71yql0.cloudfront.net/libraries/arasaac/health.png,NARBE Words,#ff5ce1,https://d18vdu4p71yql0.cloudfront.net/libraries/noun-project/Book-thin_864_584233.svg
Health,21,stool,stool,https://d18vdu4p71yql0.cloudfront.net/libraries/arasaac/stool.png,#ad78b7,,78,https://d18vdu4p71yql0.cloudfront.net/libraries/arasaac/health.png,NARBE Words,#ff5ce1,https://d18vdu4p71yql0.cloudfront.net/libraries/noun-project/Book-thin_864_584233.svg
Health,21,sample,sample,,#ad78b7,,79,https://d18vdu4p71yql0.cloudfront.net/libraries/arasaac/health.png,NARBE Words,#ff5ce1,https://d18vdu4p71yql0.cloudfront.net/libraries/noun-project/Book-thin_864_584233.svg
Health,21,vaccine,vaccine,https://d18vdu4p71yql0.cloudfront.net/libraries/arasaac/vaccine.png.varianted-skin.png,#ad78b7,,80,https://d18vdu4p71yql0.cloudfront.net/libraries/arasaac/health.png,NARBE Words,#ff5ce1,https://d18vdu4p71yql0.cloudfront.net/libraries/noun-project/Book-thin_864_584233.svg
Health,21,injection,injection,,#ad78b7,,81,https://d18vdu4p71yql0.cloudfront.net/libraries/arasaac/health.png,NARBE Words,#ff5ce1,https://d18vdu4p71yql0.cloudfront.net/libraries/noun-project/Book-thin_864_584233.svg
Health,21,pill,pill,https://d18vdu4p71yql0.cloudfront.net/libraries/arasaac/pill.png,#ad78b7,,82,https://d18vdu4p71yql0.cloudfront.net/libraries/arasaac/health.png,NARBE Words,#ff5ce1,https://d18vdu4p71yql0.cloudfront.net/libraries/noun-project/Book-thin_864_584233.svg
Health,21,capsule,capsule,https://d18vdu4p71yql0.cloudfront.net/libraries/arasaac/capsule.png,#ad78b7,,83,https://d18vdu4p71yql0.cloudfront.net/libraries/arasaac/health.png,NARBE Words,#ff5ce1,https://d18vdu4p71yql0.cloudfront.net/libraries/noun-project/Book-thin_864_584233.svg
Health,21,dose,dose,https://d18vdu4p71yql0.cloudfront.net/libraries/arasaac/dose.png.varianted-skin.png,#ad78b7,,84,https://d18vdu4p71yql0.cloudfront.net/libraries/arasaac/health.png,NARBE Words,#ff5ce1,https://d18vdu4p71yql0.cloudfront.net/libraries/noun-project/Book-thin_864_584233.svg
Health,21,ointment,ointment,https://d18vdu4p71yql0.cloudfront.net/libraries/arasaac/ointment.png,#ad78b7,,85,https://d18vdu4p71yql0.cloudfront.net/libraries/arasaac/health.png,NARBE Words,#ff5ce1,https://d18vdu4p71yql0.cloudfront.net/libraries/noun-project/Book-thin_864_584233.svg
Health,21,eye drops,eye drops,https://d18vdu4p71yql0.cloudfront.net/libraries/mulberry/eye drops.svg.varianted-skin.svg,#ad78b7,,86,https://d18vdu4p71yql0.cloudfront.net/libraries/arasaac/health.png,NARBE Words,#ff5ce1,https://d18vdu4p71yql0.cloudfront.net/libraries/noun-project/Book-thin_864_584233.svg
Health,21,ear drops,ear drops,,#ad78b7,,87,https://d18vdu4p71yql0.cloudfront.net/libraries/arasaac/health.png,NARBE Words,#ff5ce1,https://d18vdu4p71yql0.cloudfront.net/libraries/noun-project/Book-thin_864_584233.svg
Health,21,painkiller,painkiller,,#ad78b7,,88,https://d18vdu4p71yql0.cloudfront.net/libraries/arasaac/health.png,NARBE Words,#ff5ce1,https://d18vdu4p71yql0.cloudfront.net/libraries/noun-project/Book-thin_864_584233.svg
Health,21,antibiotic,antibiotic,,#ad78b7,,89,https://d18vdu4p71yql0.cloudfront.net/libraries/arasaac/health.png,NARBE Words,#ff5ce1,https://d18vdu4p71yql0.cloudfront.net/libraries/noun-project/Book-thin_864_584233.svg
Health,21,antiseptic,antiseptic,,#ad78b7,,90,https://d18vdu4p71yql0.cloudfront.net/libraries/arasaac/health.png,NARBE Words,#ff5ce1,https://d18vdu4p71yql0.cloudfront.net/libraries/noun-project/Book-thin_864_584233.svg
Health,21,plaster,plaster,https://d18vdu4p71yql0.cloudfront.net/libraries/arasaac/plaster.png.varianted-skin.png,#ad78b7,,91,https://d18vdu4p71yql0.cloudfront.net/libraries/arasaac/health.png,NARBE Words,#ff5ce1,https://d18vdu4p71yql0.cloudfront.net/libraries/noun-project/Book-thin_864_584233.svg
Health,21,ice pack,ice pack,https://d18vdu4p71yql0.cloudfront.net/libraries/sclera/ice pack.png,#ad78b7,,92,https://d18vdu4p71yql0.cloudfront.net/libraries/arasaac/health.png,NARBE Words,#ff5ce1,https://d18vdu4p71yql0.cloudfront.net/libraries/noun-project/Book-thin_864_584233.svg
Health,21,heat pack,heat pack,,#ad78b7,,93,https://d18vdu4p71yql0.cloudfront.net/libraries/arasaac/health.png,NARBE Words,#ff5ce1,https://d18vdu4p71yql0.cloudfront.net/libraries/noun-project/Book-thin_864_584233.svg
Health,21,wheelchair repair,wheelchair repair,,#ad78b7,,94,https://d18vdu4p71yql0.cloudfront.net/libraries/arasaac/health.png,NARBE Words,#ff5ce1,https://d18vdu4p71yql0.cloudfront.net/libraries/noun-project/Book-thin_864_584233.svg
Health,21,reposition,reposition,,#ad78b7,,95,https://d18vdu4p71yql0.cloudfront.net/libraries/arasaac/health.png,NARBE Words,#ff5ce1,https://d18vdu4p71yql0.cloudfront.net/libraries/noun-project/Book-thin_864_584233.svg
Health,21,hydration,hydration,,#ad78b7,,96,https://d18vdu4p71yql0.cloudfront.net/libraries/arasaac/health.png,NARBE Words,#ff5ce1,https://d18vdu4p71yql0.cloudfront.net/libraries/noun-project/Book-thin_864_584233.svg
Travel,22,bus,bus,https://d18vdu4p71yql0.cloudfront.net/libraries/arasaac/bus.png,#ef7b6b,,1,https://d18vdu4p71yql0.cloudfront.net/libraries/arasaac/travel.png.varianted-skin.png,NARBE Words,#ff5ce1,https://d18vdu4p71yql0.cloudfront.net/libraries/noun-project/Book-thin_864_584233.svg
Travel,22,train,train,https://d18vdu4p71yql0.cloudfront.net/libraries/arasaac/train.png,#ef7b6b,,2,https://d18vdu4p71yql0.cloudfront.net/libraries/arasaac/travel.png.varianted-skin.png,NARBE Words,#ff5ce1,https://d18vdu4p71yql0.cloudfront.net/libraries/noun-project/Book-thin_864_584233.svg
Travel,22,taxi,taxi,https://d18vdu4p71yql0.cloudfront.net/libraries/arasaac/taxi.png,#ef7b6b,,3,https://d18vdu4p71yql0.cloudfront.net/libraries/arasaac/travel.png.varianted-skin.png,NARBE Words,#ff5ce1,https://d18vdu4p71yql0.cloudfront.net/libraries/noun-project/Book-thin_864_584233.svg
Travel,22,truck,truck,https://d18vdu4p71yql0.cloudfront.net/libraries/arasaac/truck.png,#ef7b6b,,4,https://d18vdu4p71yql0.cloudfront.net/libraries/arasaac/travel.png.varianted-skin.png,NARBE Words,#ff5ce1,https://d18vdu4p71yql0.cloudfront.net/libraries/noun-project/Book-thin_864_584233.svg
Travel,22,van,van,https://d18vdu4p71yql0.cloudfront.net/libraries/arasaac/van.png,#ef7b6b,,5,https://d18vdu4p71yql0.cloudfront.net/libraries/arasaac/travel.png.varianted-skin.png,NARBE Words,#ff5ce1,https://d18vdu4p71yql0.cloudfront.net/libraries/noun-project/Book-thin_864_584233.svg
Travel,22,bicycle,bicycle,https://d18vdu4p71yql0.cloudfront.net/libraries/arasaac/bicycle.png,#ef7b6b,,6,https://d18vdu4p71yql0.cloudfront.net/libraries/arasaac/travel.png.varianted-skin.png,NARBE Words,#ff5ce1,https://d18vdu4p71yql0.cloudfront.net/libraries/noun-project/Book-thin_864_584233.svg
Travel,22,plane,plane,https://d18vdu4p71yql0.cloudfront.net/libraries/arasaac/plane.png,#ef7b6b,,7,https://d18vdu4p71yql0.cloudfront.net/libraries/arasaac/travel.png.varianted-skin.png,NARBE Words,#ff5ce1,https://d18vdu4p71yql0.cloudfront.net/libraries/noun-project/Book-thin_864_584233.svg
Travel,22,boat,boat,https://d18vdu4p71yql0.cloudfront.net/libraries/arasaac/boat.png,#ef7b6b,,8,https://d18vdu4p71yql0.cloudfront.net/libraries/arasaac/travel.png.varianted-skin.png,NARBE Words,#ff5ce1,https://d18vdu4p71yql0.cloudfront.net/libraries/noun-project/Book-thin_864_584233.svg
Travel,22,ticket,ticket,https://d18vdu4p71yql0.cloudfront.net/libraries/arasaac/ticket.png,#ef7b6b,,9,https://d18vdu4p71yql0.cloudfront.net/libraries/arasaac/travel.png.varianted-skin.png,NARBE Words,#ff5ce1,https://d18vdu4p71yql0.cloudfront.net/libraries/noun-project/Book-thin_864_584233.svg
Travel,22,trip,trip,https://d18vdu4p71yql0.cloudfront.net/libraries/arasaac/trip.png,#ef7b6b,,10,https://d18vdu4p71yql0.cloudfront.net/libraries/arasaac/travel.png.varianted-skin.png,NARBE Words,#ff5ce1,https://d18vdu4p71yql0.cloudfront.net/libraries/noun-project/Book-thin_864_584233.svg
Travel,22,journey,journey,https://d18vdu4p71yql0.cloudfront.net/libraries/arasaac/trip.png,#ef7b6b,,11,https://d18vdu4p71yql0.cloudfront.net/libraries/arasaac/travel.png.varianted-skin.png,NARBE Words,#ff5ce1,https://d18vdu4p71yql0.cloudfront.net/libraries/noun-project/Book-thin_864_584233.svg
Travel,22,traffic,traffic,https://d18vdu4p71yql0.cloudfront.net/libraries/sclera/traffic.png,#ef7b6b,,12,https://d18vdu4p71yql0.cloudfront.net/libraries/arasaac/travel.png.varianted-skin.png,NARBE Words,#ff5ce1,https://d18vdu4p71yql0.cloudfront.net/libraries/noun-project/Book-thin_864_584233.svg
Travel,22,road,road,https://d18vdu4p71yql0.cloudfront.net/libraries/arasaac/road.png,#ef7b6b,,13,https://d18vdu4p71yql0.cloudfront.net/libraries/arasaac/travel.png.varianted-skin.png,NARBE Words,#ff5ce1,https://d18vdu4p71yql0.cloudfront.net/libraries/noun-project/Book-thin_864_584233.svg
Travel,22,street,street,https://d18vdu4p71yql0.cloudfront.net/libraries/arasaac/street.png,#ef7b6b,,14,https://d18vdu4p71yql0.cloudfront.net/libraries/arasaac/travel.png.varianted-skin.png,NARBE Words,#ff5ce1,https://d18vdu4p71yql0.cloudfront.net/libraries/noun-project/Book-thin_864_584233.svg
Travel,22,sidewalk,sidewalk,https://d18vdu4p71yql0.cloudfront.net/libraries/noun-project/sidewalk_610_g.svg,#ef7b6b,,15,https://d18vdu4p71yql0.cloudfront.net/libraries/arasaac/travel.png.varianted-skin.png,NARBE Words,#ff5ce1,https://d18vdu4p71yql0.cloudfront.net/libraries/noun-project/Book-thin_864_584233.svg
Travel,22,crossing,crossing,https://d18vdu4p71yql0.cloudfront.net/libraries/arasaac/zebra crossing.png,#ef7b6b,,16,https://d18vdu4p71yql0.cloudfront.net/libraries/arasaac/travel.png.varianted-skin.png,NARBE Words,#ff5ce1,https://d18vdu4p71yql0.cloudfront.net/libraries/noun-project/Book-thin_864_584233.svg
Travel,22,destination,destination,https://d18vdu4p71yql0.cloudfront.net/libraries/noun-project/destination_610_g.svg,#ef7b6b,,17,https://d18vdu4p71yql0.cloudfront.net/libraries/arasaac/travel.png.varianted-skin.png,NARBE Words,#ff5ce1,https://d18vdu4p71yql0.cloudfront.net/libraries/noun-project/Book-thin_864_584233.svg
Travel,22,map,map,https://d18vdu4p71yql0.cloudfront.net/libraries/arasaac/map.png,#ef7b6b,,18,https://d18vdu4p71yql0.cloudfront.net/libraries/arasaac/travel.png.varianted-skin.png,NARBE Words,#ff5ce1,https://d18vdu4p71yql0.cloudfront.net/libraries/noun-project/Book-thin_864_584233.svg
Travel,22,transport,transport,https://d18vdu4p71yql0.cloudfront.net/libraries/arasaac/transport.png,#ef7b6b,,19,https://d18vdu4p71yql0.cloudfront.net/libraries/arasaac/travel.png.varianted-skin.png,NARBE Words,#ff5ce1,https://d18vdu4p71yql0.cloudfront.net/libraries/noun-project/Book-thin_864_584233.svg
Travel,22,vehicle,vehicle,https://d18vdu4p71yql0.cloudfront.net/libraries/arasaac/vehicle.png,#ef7b6b,,20,https://d18vdu4p71yql0.cloudfront.net/libraries/arasaac/travel.png.varianted-skin.png,NARBE Words,#ff5ce1,https://d18vdu4p71yql0.cloudfront.net/libraries/noun-project/Book-thin_864_584233.svg
Travel,22,motorcycle,motorcycle,https://d18vdu4p71yql0.cloudfront.net/libraries/mulberry/motorcycle.svg,#ef7b6b,,21,https://d18vdu4p71yql0.cloudfront.net/libraries/arasaac/travel.png.varianted-skin.png,NARBE Words,#ff5ce1,https://d18vdu4p71yql0.cloudfront.net/libraries/noun-project/Book-thin_864_584233.svg
Travel,22,scooter,scooter,https://d18vdu4p71yql0.cloudfront.net/libraries/arasaac/scooter.png,#ef7b6b,,22,https://d18vdu4p71yql0.cloudfront.net/libraries/arasaac/travel.png.varianted-skin.png,NARBE Words,#ff5ce1,https://d18vdu4p71yql0.cloudfront.net/libraries/noun-project/Book-thin_864_584233.svg
Travel,22,ferry,ferry,https://d18vdu4p71yql0.cloudfront.net/libraries/arasaac/ferry.png,#ef7b6b,,23,https://d18vdu4p71yql0.cloudfront.net/libraries/arasaac/travel.png.varianted-skin.png,NARBE Words,#ff5ce1,https://d18vdu4p71yql0.cloudfront.net/libraries/noun-project/Book-thin_864_584233.svg
Travel,22,helicopter,helicopter,https://d18vdu4p71yql0.cloudfront.net/libraries/arasaac/helicopter.png,#ef7b6b,,24,https://d18vdu4p71yql0.cloudfront.net/libraries/arasaac/travel.png.varianted-skin.png,NARBE Words,#ff5ce1,https://d18vdu4p71yql0.cloudfront.net/libraries/noun-project/Book-thin_864_584233.svg
Travel,22,ambulance,ambulance,https://d18vdu4p71yql0.cloudfront.net/libraries/arasaac/ambulance.png,#ef7b6b,,25,https://d18vdu4p71yql0.cloudfront.net/libraries/arasaac/travel.png.varianted-skin.png,NARBE Words,#ff5ce1,https://d18vdu4p71yql0.cloudfront.net/libraries/noun-project/Book-thin_864_584233.svg
Travel,22,fire engine,fire engine,https://d18vdu4p71yql0.cloudfront.net/libraries/mulberry/fire engine.svg,#ef7b6b,,26,https://d18vdu4p71yql0.cloudfront.net/libraries/arasaac/travel.png.varianted-skin.png,NARBE Words,#ff5ce1,https://d18vdu4p71yql0.cloudfront.net/libraries/noun-project/Book-thin_864_584233.svg
Travel,22,police car,police car,https://d18vdu4p71yql0.cloudfront.net/libraries/arasaac/police car.png,#ef7b6b,,27,https://d18vdu4p71yql0.cloudfront.net/libraries/arasaac/travel.png.varianted-skin.png,NARBE Words,#ff5ce1,https://d18vdu4p71yql0.cloudfront.net/libraries/noun-project/Book-thin_864_584233.svg
Travel,22,subway,subway,https://d18vdu4p71yql0.cloudfront.net/libraries/noun-project/Subway-2fc09965bc.svg,#ef7b6b,,28,https://d18vdu4p71yql0.cloudfront.net/libraries/arasaac/travel.png.varianted-skin.png,NARBE Words,#ff5ce1,https://d18vdu4p71yql0.cloudfront.net/libraries/noun-project/Book-thin_864_584233.svg
Travel,22,tram,tram,https://d18vdu4p71yql0.cloudfront.net/libraries/arasaac/tram.png,#ef7b6b,,29,https://d18vdu4p71yql0.cloudfront.net/libraries/arasaac/travel.png.varianted-skin.png,NARBE Words,#ff5ce1,https://d18vdu4p71yql0.cloudfront.net/libraries/noun-project/Book-thin_864_584233.svg
Travel,22,shuttle,shuttle,,#ef7b6b,,30,https://d18vdu4p71yql0.cloudfront.net/libraries/arasaac/travel.png.varianted-skin.png,NARBE Words,#ff5ce1,https://d18vdu4p71yql0.cloudfront.net/libraries/noun-project/Book-thin_864_584233.svg
Travel,22,accessible taxi,accessible taxi,,#ef7b6b,,31,https://d18vdu4p71yql0.cloudfront.net/libraries/arasaac/travel.png.varianted-skin.png,NARBE Words,#ff5ce1,https://d18vdu4p71yql0.cloudfront.net/libraries/noun-project/Book-thin_864_584233.svg
Travel,22,ride share,ride share,,#ef7b6b,,32,https://d18vdu4p71yql0.cloudfront.net/libraries/arasaac/travel.png.varianted-skin.png,NARBE Words,#ff5ce1,https://d18vdu4p71yql0.cloudfront.net/libraries/noun-project/Book-thin_864_584233.svg
Travel,22,seat belt,seat belt,https://d18vdu4p71yql0.cloudfront.net/libraries/mulberry/seat belt.svg.varianted-skin.svg,#ef7b6b,,33,https://d18vdu4p71yql0.cloudfront.net/libraries/arasaac/travel.png.varianted-skin.png,NARBE Words,#ff5ce1,https://d18vdu4p71yql0.cloudfront.net/libraries/noun-project/Book-thin_864_584233.svg
Travel,22,boarding pass,boarding pass,,#ef7b6b,,34,https://d18vdu4p71yql0.cloudfront.net/libraries/arasaac/travel.png.varianted-skin.png,NARBE Words,#ff5ce1,https://d18vdu4p71yql0.cloudfront.net/libraries/noun-project/Book-thin_864_584233.svg
Travel,22,passport,passport,https://d18vdu4p71yql0.cloudfront.net/libraries/arasaac/passport.png,#ef7b6b,,35,https://d18vdu4p71yql0.cloudfront.net/libraries/arasaac/travel.png.varianted-skin.png,NARBE Words,#ff5ce1,https://d18vdu4p71yql0.cloudfront.net/libraries/noun-project/Book-thin_864_584233.svg
Travel,22,suitcase,suitcase,https://d18vdu4p71yql0.cloudfront.net/libraries/arasaac/suitcase.png,#ef7b6b,,36,https://d18vdu4p71yql0.cloudfront.net/libraries/arasaac/travel.png.varianted-skin.png,NARBE Words,#ff5ce1,https://d18vdu4p71yql0.cloudfront.net/libraries/noun-project/Book-thin_864_584233.svg
Travel,22,luggage,luggage,https://d18vdu4p71yql0.cloudfront.net/libraries/arasaac/luggage.png,#ef7b6b,,37,https://d18vdu4p71yql0.cloudfront.net/libraries/arasaac/travel.png.varianted-skin.png,NARBE Words,#ff5ce1,https://d18vdu4p71yql0.cloudfront.net/libraries/noun-project/Book-thin_864_584233.svg
Travel,22,reservation,reservation,,#ef7b6b,,38,https://d18vdu4p71yql0.cloudfront.net/libraries/arasaac/travel.png.varianted-skin.png,NARBE Words,#ff5ce1,https://d18vdu4p71yql0.cloudfront.net/libraries/noun-project/Book-thin_864_584233.svg
Travel,22,booking,booking,,#ef7b6b,,39,https://d18vdu4p71yql0.cloudfront.net/libraries/arasaac/travel.png.varianted-skin.png,NARBE Words,#ff5ce1,https://d18vdu4p71yql0.cloudfront.net/libraries/noun-project/Book-thin_864_584233.svg
Travel,22,platform,platform,https://d18vdu4p71yql0.cloudfront.net/libraries/arasaac/platform.png,#ef7b6b,,40,https://d18vdu4p71yql0.cloudfront.net/libraries/arasaac/travel.png.varianted-skin.png,NARBE Words,#ff5ce1,https://d18vdu4p71yql0.cloudfront.net/libraries/noun-project/Book-thin_864_584233.svg
Travel,22,gate,gate,https://d18vdu4p71yql0.cloudfront.net/libraries/arasaac/street.png,#ef7b6b,,41,https://d18vdu4p71yql0.cloudfront.net/libraries/arasaac/travel.png.varianted-skin.png,NARBE Words,#ff5ce1,https://d18vdu4p71yql0.cloudfront.net/libraries/noun-project/Book-thin_864_584233.svg
Travel,22,terminal,terminal,,#ef7b6b,,42,https://d18vdu4p71yql0.cloudfront.net/libraries/arasaac/travel.png.varianted-skin.png,NARBE Words,#ff5ce1,https://d18vdu4p71yql0.cloudfront.net/libraries/noun-project/Book-thin_864_584233.svg
Travel,22,stop sign,stop sign,https://d18vdu4p71yql0.cloudfront.net/libraries/twemoji/1f6d1.svg,#ef7b6b,,43,https://d18vdu4p71yql0.cloudfront.net/libraries/arasaac/travel.png.varianted-skin.png,NARBE Words,#ff5ce1,https://d18vdu4p71yql0.cloudfront.net/libraries/noun-project/Book-thin_864_584233.svg
Travel,22,traffic light,traffic light,https://d18vdu4p71yql0.cloudfront.net/libraries/noun-project/Traffic-Light_446_g.svg,#ef7b6b,,44,https://d18vdu4p71yql0.cloudfront.net/libraries/arasaac/travel.png.varianted-skin.png,NARBE Words,#ff5ce1,https://d18vdu4p71yql0.cloudfront.net/libraries/noun-project/Book-thin_864_584233.svg
Travel,22,crosswalk,crosswalk,https://d18vdu4p71yql0.cloudfront.net/libraries/noun-project/Crosswalk_43_32891.svg,#ef7b6b,,45,https://d18vdu4p71yql0.cloudfront.net/libraries/arasaac/travel.png.varianted-skin.png,NARBE Words,#ff5ce1,https://d18vdu4p71yql0.cloudfront.net/libraries/noun-project/Book-thin_864_584233.svg
Travel,22,intersection,intersection,,#ef7b6b,,46,https://d18vdu4p71yql0.cloudfront.net/libraries/arasaac/travel.png.varianted-skin.png,NARBE Words,#ff5ce1,https://d18vdu4p71yql0.cloudfront.net/libraries/noun-project/Book-thin_864_584233.svg
Travel,22,roundabout,roundabout,https://d18vdu4p71yql0.cloudfront.net/libraries/arasaac/roundabout.png,#ef7b6b,,47,https://d18vdu4p71yql0.cloudfront.net/libraries/arasaac/travel.png.varianted-skin.png,NARBE Words,#ff5ce1,https://d18vdu4p71yql0.cloudfront.net/libraries/noun-project/Book-thin_864_584233.svg
Travel,22,bridge,bridge,https://d18vdu4p71yql0.cloudfront.net/libraries/arasaac/bridge.png,#ef7b6b,,48,https://d18vdu4p71yql0.cloudfront.net/libraries/arasaac/travel.png.varianted-skin.png,NARBE Words,#ff5ce1,https://d18vdu4p71yql0.cloudfront.net/libraries/noun-project/Book-thin_864_584233.svg
Travel,22,tunnel,tunnel,https://d18vdu4p71yql0.cloudfront.net/libraries/arasaac/tunnel.png,#ef7b6b,,49,https://d18vdu4p71yql0.cloudfront.net/libraries/arasaac/travel.png.varianted-skin.png,NARBE Words,#ff5ce1,https://d18vdu4p71yql0.cloudfront.net/libraries/noun-project/Book-thin_864_584233.svg
Travel,22,highway,highway,https://d18vdu4p71yql0.cloudfront.net/libraries/arasaac/highway.png,#ef7b6b,,50,https://d18vdu4p71yql0.cloudfront.net/libraries/arasaac/travel.png.varianted-skin.png,NARBE Words,#ff5ce1,https://d18vdu4p71yql0.cloudfront.net/libraries/noun-project/Book-thin_864_584233.svg
Travel,22,motorway,motorway,https://d18vdu4p71yql0.cloudfront.net/libraries/twemoji/1f6e3.svg,#ef7b6b,,51,https://d18vdu4p71yql0.cloudfront.net/libraries/arasaac/travel.png.varianted-skin.png,NARBE Words,#ff5ce1,https://d18vdu4p71yql0.cloudfront.net/libraries/noun-project/Book-thin_864_584233.svg
Travel,22,speed,speed,https://d18vdu4p71yql0.cloudfront.net/libraries/arasaac/speed.png,#ef7b6b,,52,https://d18vdu4p71yql0.cloudfront.net/libraries/arasaac/travel.png.varianted-skin.png,NARBE Words,#ff5ce1,https://d18vdu4p71yql0.cloudfront.net/libraries/noun-project/Book-thin_864_584233.svg
Travel,22,distance,distance,https://d18vdu4p71yql0.cloudfront.net/libraries/arasaac/distance.png,#ef7b6b,,53,https://d18vdu4p71yql0.cloudfront.net/libraries/arasaac/travel.png.varianted-skin.png,NARBE Words,#ff5ce1,https://d18vdu4p71yql0.cloudfront.net/libraries/noun-project/Book-thin_864_584233.svg
Travel,22,mile,mile,,#ef7b6b,,54,https://d18vdu4p71yql0.cloudfront.net/libraries/arasaac/travel.png.varianted-skin.png,NARBE Words,#ff5ce1,https://d18vdu4p71yql0.cloudfront.net/libraries/noun-project/Book-thin_864_584233.svg
Travel,22,kilometer,kilometer,,#ef7b6b,,55,https://d18vdu4p71yql0.cloudfront.net/libraries/arasaac/travel.png.varianted-skin.png,NARBE Words,#ff5ce1,https://d18vdu4p71yql0.cloudfront.net/libraries/noun-project/Book-thin_864_584233.svg
Travel,22,fuel,fuel,https://d18vdu4p71yql0.cloudfront.net/libraries/noun-project/Fuel-9b8c9d0675.svg,#ef7b6b,,56,https://d18vdu4p71yql0.cloudfront.net/libraries/arasaac/travel.png.varianted-skin.png,NARBE Words,#ff5ce1,https://d18vdu4p71yql0.cloudfront.net/libraries/noun-project/Book-thin_864_584233.svg
Travel,22,petrol,petrol,https://d18vdu4p71yql0.cloudfront.net/libraries/arasaac/petrol.png,#ef7b6b,,57,https://d18vdu4p71yql0.cloudfront.net/libraries/arasaac/travel.png.varianted-skin.png,NARBE Words,#ff5ce1,https://d18vdu4p71yql0.cloudfront.net/libraries/noun-project/Book-thin_864_584233.svg
Travel,22,gas,gas,https://d18vdu4p71yql0.cloudfront.net/libraries/arasaac/gas.png,#ef7b6b,,58,https://d18vdu4p71yql0.cloudfront.net/libraries/arasaac/travel.png.varianted-skin.png,NARBE Words,#ff5ce1,https://d18vdu4p71yql0.cloudfront.net/libraries/noun-project/Book-thin_864_584233.svg
Travel,22,delay,delay,,#ef7b6b,,59,https://d18vdu4p71yql0.cloudfront.net/libraries/arasaac/travel.png.varianted-skin.png,NARBE Words,#ff5ce1,https://d18vdu4p71yql0.cloudfront.net/libraries/noun-project/Book-thin_864_584233.svg
Travel,22,detour,detour,https://d18vdu4p71yql0.cloudfront.net/libraries/noun-project/Detour-e6a2ee52f9.svg,#ef7b6b,,60,https://d18vdu4p71yql0.cloudfront.net/libraries/arasaac/travel.png.varianted-skin.png,NARBE Words,#ff5ce1,https://d18vdu4p71yql0.cloudfront.net/libraries/noun-project/Book-thin_864_584233.svg
Travel,22,route,route,https://d18vdu4p71yql0.cloudfront.net/libraries/arasaac/route.png,#ef7b6b,,61,https://d18vdu4p71yql0.cloudfront.net/libraries/arasaac/travel.png.varianted-skin.png,NARBE Words,#ff5ce1,https://d18vdu4p71yql0.cloudfront.net/libraries/noun-project/Book-thin_864_584233.svg
Travel,22,arrival,arrival,https://d18vdu4p71yql0.cloudfront.net/libraries/noun-project/arrival_291_485001.svg,#ef7b6b,,62,https://d18vdu4p71yql0.cloudfront.net/libraries/arasaac/travel.png.varianted-skin.png,NARBE Words,#ff5ce1,https://d18vdu4p71yql0.cloudfront.net/libraries/noun-project/Book-thin_864_584233.svg
Travel,22,departure,departure,,#ef7b6b,,63,https://d18vdu4p71yql0.cloudfront.net/libraries/arasaac/travel.png.varianted-skin.png,NARBE Words,#ff5ce1,https://d18vdu4p71yql0.cloudfront.net/libraries/noun-project/Book-thin_864_584233.svg
Travel,22,pickup,pickup,,#ef7b6b,,64,https://d18vdu4p71yql0.cloudfront.net/libraries/arasaac/travel.png.varianted-skin.png,NARBE Words,#ff5ce1,https://d18vdu4p71yql0.cloudfront.net/libraries/noun-project/Book-thin_864_584233.svg
Travel,22,drop-off,drop-off,,#ef7b6b,,65,https://d18vdu4p71yql0.cloudfront.net/libraries/arasaac/travel.png.varianted-skin.png,NARBE Words,#ff5ce1,https://d18vdu4p71yql0.cloudfront.net/libraries/noun-project/Book-thin_864_584233.svg
Travel,22,return ticket,return ticket,,#ef7b6b,,66,https://d18vdu4p71yql0.cloudfront.net/libraries/arasaac/travel.png.varianted-skin.png,NARBE Words,#ff5ce1,https://d18vdu4p71yql0.cloudfront.net/libraries/noun-project/Book-thin_864_584233.svg
Travel,22,one way,one way,,#ef7b6b,,67,https://d18vdu4p71yql0.cloudfront.net/libraries/arasaac/travel.png.varianted-skin.png,NARBE Words,#ff5ce1,https://d18vdu4p71yql0.cloudfront.net/libraries/noun-project/Book-thin_864_584233.svg
Activities,23,walk,walk,https://d18vdu4p71yql0.cloudfront.net/libraries/arasaac/walk.png.varianted-skin.png,#8b75d7,,1,https://d18vdu4p71yql0.cloudfront.net/libraries/arasaac/activity.png.varianted-skin.png,NARBE Words,#ff5ce1,https://d18vdu4p71yql0.cloudfront.net/libraries/noun-project/Book-thin_864_584233.svg
Activities,23,run,run,https://d18vdu4p71yql0.cloudfront.net/libraries/noun-project/run_553_g.svg,#8b75d7,,2,https://d18vdu4p71yql0.cloudfront.net/libraries/arasaac/activity.png.varianted-skin.png,NARBE Words,#ff5ce1,https://d18vdu4p71yql0.cloudfront.net/libraries/noun-project/Book-thin_864_584233.svg
Activities,23,swim,swim,https://d18vdu4p71yql0.cloudfront.net/libraries/tawasol/Swim.png,#8b75d7,,3,https://d18vdu4p71yql0.cloudfront.net/libraries/arasaac/activity.png.varianted-skin.png,NARBE Words,#ff5ce1,https://d18vdu4p71yql0.cloudfront.net/libraries/noun-project/Book-thin_864_584233.svg
Activities,23,sport,sport,https://d18vdu4p71yql0.cloudfront.net/libraries/arasaac/sport.png,#8b75d7,,4,https://d18vdu4p71yql0.cloudfront.net/libraries/arasaac/activity.png.varianted-skin.png,NARBE Words,#ff5ce1,https://d18vdu4p71yql0.cloudfront.net/libraries/noun-project/Book-thin_864_584233.svg
Activities,23,basketball,basketball,https://d18vdu4p71yql0.cloudfront.net/libraries/arasaac/basketball.png,#8b75d7,,5,https://d18vdu4p71yql0.cloudfront.net/libraries/arasaac/activity.png.varianted-skin.png,NARBE Words,#ff5ce1,https://d18vdu4p71yql0.cloudfront.net/libraries/noun-project/Book-thin_864_584233.svg
Activities,23,football,football,https://d18vdu4p71yql0.cloudfront.net/libraries/arasaac/football.png,#8b75d7,,6,https://d18vdu4p71yql0.cloudfront.net/libraries/arasaac/activity.png.varianted-skin.png,NARBE Words,#ff5ce1,https://d18vdu4p71yql0.cloudfront.net/libraries/noun-project/Book-thin_864_584233.svg
Activities,23,soccer,soccer,https://d18vdu4p71yql0.cloudfront.net/libraries/arasaac/soccer.png.varianted-skin.png,#8b75d7,,7,https://d18vdu4p71yql0.cloudfront.net/libraries/arasaac/activity.png.varianted-skin.png,NARBE Words,#ff5ce1,https://d18vdu4p71yql0.cloudfront.net/libraries/noun-project/Book-thin_864_584233.svg
Activities,23,baseball,baseball,https://d18vdu4p71yql0.cloudfront.net/libraries/arasaac/baseball.png.varianted-skin.png,#8b75d7,,8,https://d18vdu4p71yql0.cloudfront.net/libraries/arasaac/activity.png.varianted-skin.png,NARBE Words,#ff5ce1,https://d18vdu4p71yql0.cloudfront.net/libraries/noun-project/Book-thin_864_584233.svg
Activities,23,puzzle,puzzle,https://d18vdu4p71yql0.cloudfront.net/libraries/arasaac/puzzle.png,#8b75d7,,9,https://d18vdu4p71yql0.cloudfront.net/libraries/arasaac/activity.png.varianted-skin.png,NARBE Words,#ff5ce1,https://d18vdu4p71yql0.cloudfront.net/libraries/noun-project/Book-thin_864_584233.svg
Activities,23,painting,painting,https://d18vdu4p71yql0.cloudfront.net/libraries/arasaac/painting.png,#8b75d7,,10,https://d18vdu4p71yql0.cloudfront.net/libraries/arasaac/activity.png.varianted-skin.png,NARBE Words,#ff5ce1,https://d18vdu4p71yql0.cloudfront.net/libraries/noun-project/Book-thin_864_584233.svg
Activities,23,drawing,drawing,https://d18vdu4p71yql0.cloudfront.net/libraries/arasaac/drawing.png,#8b75d7,,11,https://d18vdu4p71yql0.cloudfront.net/libraries/arasaac/activity.png.varianted-skin.png,NARBE Words,#ff5ce1,https://d18vdu4p71yql0.cloudfront.net/libraries/noun-project/Book-thin_864_584233.svg
Activities,23,reading,reading,https://d18vdu4p71yql0.cloudfront.net/libraries/arasaac/reading.png.varianted-skin.png,#8b75d7,,12,https://d18vdu4p71yql0.cloudfront.net/libraries/arasaac/activity.png.varianted-skin.png,NARBE Words,#ff5ce1,https://d18vdu4p71yql0.cloudfront.net/libraries/noun-project/Book-thin_864_584233.svg
Activities,23,writing,writing,https://d18vdu4p71yql0.cloudfront.net/libraries/arasaac/writing.png.varianted-skin.png,#8b75d7,,13,https://d18vdu4p71yql0.cloudfront.net/libraries/arasaac/activity.png.varianted-skin.png,NARBE Words,#ff5ce1,https://d18vdu4p71yql0.cloudfront.net/libraries/noun-project/Book-thin_864_584233.svg
Activities,23,shopping,shopping,https://d18vdu4p71yql0.cloudfront.net/libraries/icon_archive/shopping.png,#8b75d7,,14,https://d18vdu4p71yql0.cloudfront.net/libraries/arasaac/activity.png.varianted-skin.png,NARBE Words,#ff5ce1,https://d18vdu4p71yql0.cloudfront.net/libraries/noun-project/Book-thin_864_584233.svg
Activities,23,cooking,cooking,https://d18vdu4p71yql0.cloudfront.net/libraries/twemoji/1f373.svg,#8b75d7,,15,https://d18vdu4p71yql0.cloudfront.net/libraries/arasaac/activity.png.varianted-skin.png,NARBE Words,#ff5ce1,https://d18vdu4p71yql0.cloudfront.net/libraries/noun-project/Book-thin_864_584233.svg
Activities,23,baking,baking,https://d18vdu4p71yql0.cloudfront.net/libraries/sclera/baking.png,#8b75d7,,16,https://d18vdu4p71yql0.cloudfront.net/libraries/arasaac/activity.png.varianted-skin.png,NARBE Words,#ff5ce1,https://d18vdu4p71yql0.cloudfront.net/libraries/noun-project/Book-thin_864_584233.svg
Activities,23,gardening,gardening,https://d18vdu4p71yql0.cloudfront.net/libraries/arasaac/gardening workshop.png,#8b75d7,,17,https://d18vdu4p71yql0.cloudfront.net/libraries/arasaac/activity.png.varianted-skin.png,NARBE Words,#ff5ce1,https://d18vdu4p71yql0.cloudfront.net/libraries/noun-project/Book-thin_864_584233.svg
Activities,23,party,party,https://d18vdu4p71yql0.cloudfront.net/libraries/arasaac/party.png,#8b75d7,,18,https://d18vdu4p71yql0.cloudfront.net/libraries/arasaac/activity.png.varianted-skin.png,NARBE Words,#ff5ce1,https://d18vdu4p71yql0.cloudfront.net/libraries/noun-project/Book-thin_864_584233.svg
Activities,23,picnic,picnic,https://d18vdu4p71yql0.cloudfront.net/libraries/arasaac/picnic.png,#8b75d7,,19,https://d18vdu4p71yql0.cloudfront.net/libraries/arasaac/activity.png.varianted-skin.png,NARBE Words,#ff5ce1,https://d18vdu4p71yql0.cloudfront.net/libraries/noun-project/Book-thin_864_584233.svg
Activities,23,holiday,holiday,https://d18vdu4p71yql0.cloudfront.net/libraries/arasaac/holidays.png.varianted-skin.png,#8b75d7,,20,https://d18vdu4p71yql0.cloudfront.net/libraries/arasaac/activity.png.varianted-skin.png,NARBE Words,#ff5ce1,https://d18vdu4p71yql0.cloudfront.net/libraries/noun-project/Book-thin_864_584233.svg
Activities,23,vacation,vacation,,#8b75d7,,21,https://d18vdu4p71yql0.cloudfront.net/libraries/arasaac/activity.png.varianted-skin.png,NARBE Words,#ff5ce1,https://d18vdu4p71yql0.cloudfront.net/libraries/noun-project/Book-thin_864_584233.svg
Activities,23,outing,outing,,#8b75d7,,22,https://d18vdu4p71yql0.cloudfront.net/libraries/arasaac/activity.png.varianted-skin.png,NARBE Words,#ff5ce1,https://d18vdu4p71yql0.cloudfront.net/libraries/noun-project/Book-thin_864_584233.svg
Activities,23,hobby,hobby,,#8b75d7,,23,https://d18vdu4p71yql0.cloudfront.net/libraries/arasaac/activity.png.varianted-skin.png,NARBE Words,#ff5ce1,https://d18vdu4p71yql0.cloudfront.net/libraries/noun-project/Book-thin_864_584233.svg
Activities,23,fun,fun,https://d18vdu4p71yql0.cloudfront.net/libraries/arasaac/fun.png,#8b75d7,,24,https://d18vdu4p71yql0.cloudfront.net/libraries/arasaac/activity.png.varianted-skin.png,NARBE Words,#ff5ce1,https://d18vdu4p71yql0.cloudfront.net/libraries/noun-project/Book-thin_864_584233.svg
Activities,23,playtime,playtime,https://d18vdu4p71yql0.cloudfront.net/libraries/arasaac/playtime.png,#8b75d7,,25,https://d18vdu4p71yql0.cloudfront.net/libraries/arasaac/activity.png.varianted-skin.png,NARBE Words,#ff5ce1,https://d18vdu4p71yql0.cloudfront.net/libraries/noun-project/Book-thin_864_584233.svg
Activities,23,concert,concert,https://d18vdu4p71yql0.cloudfront.net/libraries/arasaac/concert.png,#8b75d7,,26,https://d18vdu4p71yql0.cloudfront.net/libraries/arasaac/activity.png.varianted-skin.png,NARBE Words,#ff5ce1,https://d18vdu4p71yql0.cloudfront.net/libraries/noun-project/Book-thin_864_584233.svg
Activities,23,festival,festival,https://d18vdu4p71yql0.cloudfront.net/libraries/arasaac/festival.png.varianted-skin.png,#8b75d7,,27,https://d18vdu4p71yql0.cloudfront.net/libraries/arasaac/activity.png.varianted-skin.png,NARBE Words,#ff5ce1,https://d18vdu4p71yql0.cloudfront.net/libraries/noun-project/Book-thin_864_584233.svg
Activities,23,performance,performance,https://d18vdu4p71yql0.cloudfront.net/libraries/arasaac/perfomance_1.png,#8b75d7,,28,https://d18vdu4p71yql0.cloudfront.net/libraries/arasaac/activity.png.varianted-skin.png,NARBE Words,#ff5ce1,https://d18vdu4p71yql0.cloudfront.net/libraries/noun-project/Book-thin_864_584233.svg
Activities,23,rehearsal,rehearsal,,#8b75d7,,29,https://d18vdu4p71yql0.cloudfront.net/libraries/arasaac/activity.png.varianted-skin.png,NARBE Words,#ff5ce1,https://d18vdu4p71yql0.cloudfront.net/libraries/noun-project/Book-thin_864_584233.svg
Activities,23,choir,choir,https://d18vdu4p71yql0.cloudfront.net/libraries/arasaac/choir.png.varianted-skin.png,#8b75d7,,30,https://d18vdu4p71yql0.cloudfront.net/libraries/arasaac/activity.png.varianted-skin.png,NARBE Words,#ff5ce1,https://d18vdu4p71yql0.cloudfront.net/libraries/noun-project/Book-thin_864_584233.svg
Activities,23,band,band,https://d18vdu4p71yql0.cloudfront.net/libraries/arasaac/band.png,#8b75d7,,31,https://d18vdu4p71yql0.cloudfront.net/libraries/arasaac/activity.png.varianted-skin.png,NARBE Words,#ff5ce1,https://d18vdu4p71yql0.cloudfront.net/libraries/noun-project/Book-thin_864_584233.svg
Activities,23,craft,craft,https://d18vdu4p71yql0.cloudfront.net/libraries/arasaac/crafts.png.varianted-skin.png,#8b75d7,,32,https://d18vdu4p71yql0.cloudfront.net/libraries/arasaac/activity.png.varianted-skin.png,NARBE Words,#ff5ce1,https://d18vdu4p71yql0.cloudfront.net/libraries/noun-project/Book-thin_864_584233.svg
Activities,23,sewing,sewing,,#8b75d7,,33,https://d18vdu4p71yql0.cloudfront.net/libraries/arasaac/activity.png.varianted-skin.png,NARBE Words,#ff5ce1,https://d18vdu4p71yql0.cloudfront.net/libraries/noun-project/Book-thin_864_584233.svg
Activities,23,knitting,knitting,,#8b75d7,,34,https://d18vdu4p71yql0.cloudfront.net/libraries/arasaac/activity.png.varianted-skin.png,NARBE Words,#ff5ce1,https://d18vdu4p71yql0.cloudfront.net/libraries/noun-project/Book-thin_864_584233.svg
Activities,23,pottery,pottery,https://d18vdu4p71yql0.cloudfront.net/libraries/arasaac/pottery.png,#8b75d7,,35,https://d18vdu4p71yql0.cloudfront.net/libraries/arasaac/activity.png.varianted-skin.png,NARBE Words,#ff5ce1,https://d18vdu4p71yql0.cloudfront.net/libraries/noun-project/Book-thin_864_584233.svg
Activities,23,photography,photography,https://d18vdu4p71yql0.cloudfront.net/libraries/arasaac/photography.png.varianted-skin.png,#8b75d7,,36,https://d18vdu4p71yql0.cloudfront.net/libraries/arasaac/activity.png.varianted-skin.png,NARBE Words,#ff5ce1,https://d18vdu4p71yql0.cloudfront.net/libraries/noun-project/Book-thin_864_584233.svg
Activities,23,fishing,fishing,https://d18vdu4p71yql0.cloudfront.net/libraries/arasaac/fishing.png.varianted-skin.png,#8b75d7,,37,https://d18vdu4p71yql0.cloudfront.net/libraries/arasaac/activity.png.varianted-skin.png,NARBE Words,#ff5ce1,https://d18vdu4p71yql0.cloudfront.net/libraries/noun-project/Book-thin_864_584233.svg
Activities,23,camping,camping,https://d18vdu4p71yql0.cloudfront.net/libraries/twemoji/1f3d5.svg,#8b75d7,,38,https://d18vdu4p71yql0.cloudfront.net/libraries/arasaac/activity.png.varianted-skin.png,NARBE Words,#ff5ce1,https://d18vdu4p71yql0.cloudfront.net/libraries/noun-project/Book-thin_864_584233.svg
Activities,23,hiking,hiking,https://d18vdu4p71yql0.cloudfront.net/libraries/noun-project/Hiking-1313759e2c.svg,#8b75d7,,39,https://d18vdu4p71yql0.cloudfront.net/libraries/arasaac/activity.png.varianted-skin.png,NARBE Words,#ff5ce1,https://d18vdu4p71yql0.cloudfront.net/libraries/noun-project/Book-thin_864_584233.svg
Activities,23,cycling,cycling,https://d18vdu4p71yql0.cloudfront.net/libraries/arasaac/cycling.png.varianted-skin.png,#8b75d7,,40,https://d18vdu4p71yql0.cloudfront.net/libraries/arasaac/activity.png.varianted-skin.png,NARBE Words,#ff5ce1,https://d18vdu4p71yql0.cloudfront.net/libraries/noun-project/Book-thin_864_584233.svg
Activities,23,bowling,bowling,https://d18vdu4p71yql0.cloudfront.net/libraries/mulberry/bowling.svg,#8b75d7,,41,https://d18vdu4p71yql0.cloudfront.net/libraries/arasaac/activity.png.varianted-skin.png,NARBE Words,#ff5ce1,https://d18vdu4p71yql0.cloudfront.net/libraries/noun-project/Book-thin_864_584233.svg
Activities,23,tennis,tennis,https://d18vdu4p71yql0.cloudfront.net/libraries/arasaac/tennis.png.varianted-skin.png,#8b75d7,,42,https://d18vdu4p71yql0.cloudfront.net/libraries/arasaac/activity.png.varianted-skin.png,NARBE Words,#ff5ce1,https://d18vdu4p71yql0.cloudfront.net/libraries/noun-project/Book-thin_864_584233.svg
Activities,23,golf,golf,https://d18vdu4p71yql0.cloudfront.net/libraries/arasaac/jersey.png,#8b75d7,,43,https://d18vdu4p71yql0.cloudfront.net/libraries/arasaac/activity.png.varianted-skin.png,NARBE Words,#ff5ce1,https://d18vdu4p71yql0.cloudfront.net/libraries/noun-project/Book-thin_864_584233.svg
Activities,23,volleyball,volleyball,https://d18vdu4p71yql0.cloudfront.net/libraries/arasaac/volleyball.png.varianted-skin.png,#8b75d7,,44,https://d18vdu4p71yql0.cloudfront.net/libraries/arasaac/activity.png.varianted-skin.png,NARBE Words,#ff5ce1,https://d18vdu4p71yql0.cloudfront.net/libraries/noun-project/Book-thin_864_584233.svg
Activities,23,badminton,badminton,https://d18vdu4p71yql0.cloudfront.net/libraries/arasaac/badminton.png,#8b75d7,,45,https://d18vdu4p71yql0.cloudfront.net/libraries/arasaac/activity.png.varianted-skin.png,NARBE Words,#ff5ce1,https://d18vdu4p71yql0.cloudfront.net/libraries/noun-project/Book-thin_864_584233.svg
Activities,23,table tennis,table tennis,,#8b75d7,,46,https://d18vdu4p71yql0.cloudfront.net/libraries/arasaac/activity.png.varianted-skin.png,NARBE Words,#ff5ce1,https://d18vdu4p71yql0.cloudfront.net/libraries/noun-project/Book-thin_864_584233.svg
Activities,23,chess,chess,https://d18vdu4p71yql0.cloudfront.net/libraries/arasaac/chess.png,#8b75d7,,47,https://d18vdu4p71yql0.cloudfront.net/libraries/arasaac/activity.png.varianted-skin.png,NARBE Words,#ff5ce1,https://d18vdu4p71yql0.cloudfront.net/libraries/noun-project/Book-thin_864_584233.svg
Activities,23,checkers,checkers,https://d18vdu4p71yql0.cloudfront.net/libraries/sclera/checkers.png,#8b75d7,,48,https://d18vdu4p71yql0.cloudfront.net/libraries/arasaac/activity.png.varianted-skin.png,NARBE Words,#ff5ce1,https://d18vdu4p71yql0.cloudfront.net/libraries/noun-project/Book-thin_864_584233.svg
Activities,23,cards,cards,https://d18vdu4p71yql0.cloudfront.net/libraries/arasaac/cards.png,#8b75d7,,49,https://d18vdu4p71yql0.cloudfront.net/libraries/arasaac/activity.png.varianted-skin.png,NARBE Words,#ff5ce1,https://d18vdu4p71yql0.cloudfront.net/libraries/noun-project/Book-thin_864_584233.svg
Activities,23,board game,board game,https://d18vdu4p71yql0.cloudfront.net/libraries/arasaac/board game.png,#8b75d7,,50,https://d18vdu4p71yql0.cloudfront.net/libraries/arasaac/activity.png.varianted-skin.png,NARBE Words,#ff5ce1,https://d18vdu4p71yql0.cloudfront.net/libraries/noun-project/Book-thin_864_584233.svg
Activities,23,video game,video game,https://d18vdu4p71yql0.cloudfront.net/libraries/arasaac/video game.png,#8b75d7,,51,https://d18vdu4p71yql0.cloudfront.net/libraries/arasaac/activity.png.varianted-skin.png,NARBE Words,#ff5ce1,https://d18vdu4p71yql0.cloudfront.net/libraries/noun-project/Book-thin_864_584233.svg
Activities,23,jigsaw,jigsaw,https://d18vdu4p71yql0.cloudfront.net/libraries/twemoji/1f9e9.svg,#8b75d7,,52,https://d18vdu4p71yql0.cloudfront.net/libraries/arasaac/activity.png.varianted-skin.png,NARBE Words,#ff5ce1,https://d18vdu4p71yql0.cloudfront.net/libraries/noun-project/Book-thin_864_584233.svg
Activities,23,bingo,bingo,https://d18vdu4p71yql0.cloudfront.net/libraries/arasaac/bingo.png.varianted-skin.png,#8b75d7,,53,https://d18vdu4p71yql0.cloudfront.net/libraries/arasaac/activity.png.varianted-skin.png,NARBE Words,#ff5ce1,https://d18vdu4p71yql0.cloudfront.net/libraries/noun-project/Book-thin_864_584233.svg
Activities,23,hide and seek,hide and seek,,#8b75d7,,54,https://d18vdu4p71yql0.cloudfront.net/libraries/arasaac/activity.png.varianted-skin.png,NARBE Words,#ff5ce1,https://d18vdu4p71yql0.cloudfront.net/libraries/noun-project/Book-thin_864_584233.svg
Activities,23,tag,tag,https://d18vdu4p71yql0.cloudfront.net/libraries/arasaac/roof.png,#8b75d7,,55,https://d18vdu4p71yql0.cloudfront.net/libraries/arasaac/activity.png.varianted-skin.png,NARBE Words,#ff5ce1,https://d18vdu4p71yql0.cloudfront.net/libraries/noun-project/Book-thin_864_584233.svg
Activities,23,karaoke,karaoke,https://d18vdu4p71yql0.cloudfront.net/libraries/arasaac/karaoke.png.varianted-skin.png,#8b75d7,,56,https://d18vdu4p71yql0.cloudfront.net/libraries/arasaac/activity.png.varianted-skin.png,NARBE Words,#ff5ce1,https://d18vdu4p71yql0.cloudfront.net/libraries/noun-project/Book-thin_864_584233.svg
Activities,23,dancing,dancing,,#8b75d7,,57,https://d18vdu4p71yql0.cloudfront.net/libraries/arasaac/activity.png.varianted-skin.png,NARBE Words,#ff5ce1,https://d18vdu4p71yql0.cloudfront.net/libraries/noun-project/Book-thin_864_584233.svg
Activities,23,singing,singing,,#8b75d7,,58,https://d18vdu4p71yql0.cloudfront.net/libraries/arasaac/activity.png.varianted-skin.png,NARBE Words,#ff5ce1,https://d18vdu4p71yql0.cloudfront.net/libraries/noun-project/Book-thin_864_584233.svg
Activities,23,swimming,swimming,https://d18vdu4p71yql0.cloudfront.net/libraries/arasaac/swimming.png.varianted-skin.png,#8b75d7,,59,https://d18vdu4p71yql0.cloudfront.net/libraries/arasaac/activity.png.varianted-skin.png,NARBE Words,#ff5ce1,https://d18vdu4p71yql0.cloudfront.net/libraries/noun-project/Book-thin_864_584233.svg
Activities,23,running,running,https://d18vdu4p71yql0.cloudfront.net/libraries/noun-project/Running-043d67a74a.svg,#8b75d7,,60,https://d18vdu4p71yql0.cloudfront.net/libraries/arasaac/activity.png.varianted-skin.png,NARBE Words,#ff5ce1,https://d18vdu4p71yql0.cloudfront.net/libraries/noun-project/Book-thin_864_584233.svg
Activities,23,walking,walking,https://d18vdu4p71yql0.cloudfront.net/libraries/noun-project/Walking-436b8236c0.svg,#8b75d7,,61,https://d18vdu4p71yql0.cloudfront.net/libraries/arasaac/activity.png.varianted-skin.png,NARBE Words,#ff5ce1,https://d18vdu4p71yql0.cloudfront.net/libraries/noun-project/Book-thin_864_584233.svg
Activities,23,stretching,stretching,,#8b75d7,,62,https://d18vdu4p71yql0.cloudfront.net/libraries/arasaac/activity.png.varianted-skin.png,NARBE Words,#ff5ce1,https://d18vdu4p71yql0.cloudfront.net/libraries/noun-project/Book-thin_864_584233.svg
Activities,23,yoga,yoga,https://d18vdu4p71yql0.cloudfront.net/libraries/arasaac/yoga.png.varianted-skin.png,#8b75d7,,63,https://d18vdu4p71yql0.cloudfront.net/libraries/arasaac/activity.png.varianted-skin.png,NARBE Words,#ff5ce1,https://d18vdu4p71yql0.cloudfront.net/libraries/noun-project/Book-thin_864_584233.svg
Activities,23,meditation,meditation,https://d18vdu4p71yql0.cloudfront.net/libraries/noun-project/Meditation-8671970fac.svg,#8b75d7,,64,https://d18vdu4p71yql0.cloudfront.net/libraries/arasaac/activity.png.varianted-skin.png,NARBE Words,#ff5ce1,https://d18vdu4p71yql0.cloudfront.net/libraries/noun-project/Book-thin_864_584233.svg
Activities,23,massage,massage,https://d18vdu4p71yql0.cloudfront.net/libraries/arasaac/massage.png.varianted-skin.png,#8b75d7,,65,https://d18vdu4p71yql0.cloudfront.net/libraries/arasaac/activity.png.varianted-skin.png,NARBE Words,#ff5ce1,https://d18vdu4p71yql0.cloudfront.net/libraries/noun-project/Book-thin_864_584233.svg
Activities,23,haircut,haircut,https://d18vdu4p71yql0.cloudfront.net/libraries/arasaac/haircut.png.varianted-skin.png,#8b75d7,,66,https://d18vdu4p71yql0.cloudfront.net/libraries/arasaac/activity.png.varianted-skin.png,NARBE Words,#ff5ce1,https://d18vdu4p71yql0.cloudfront.net/libraries/noun-project/Book-thin_864_584233.svg
Activities,23,manicure,manicure,,#8b75d7,,67,https://d18vdu4p71yql0.cloudfront.net/libraries/arasaac/activity.png.varianted-skin.png,NARBE Words,#ff5ce1,https://d18vdu4p71yql0.cloudfront.net/libraries/noun-project/Book-thin_864_584233.svg
Activities,23,visiting,visiting,,#8b75d7,,68,https://d18vdu4p71yql0.cloudfront.net/libraries/arasaac/activity.png.varianted-skin.png,NARBE Words,#ff5ce1,https://d18vdu4p71yql0.cloudfront.net/libraries/noun-project/Book-thin_864_584233.svg
Activities,23,meeting,meeting,https://d18vdu4p71yql0.cloudfront.net/libraries/arasaac/meeting.png,#8b75d7,,69,https://d18vdu4p71yql0.cloudfront.net/libraries/arasaac/activity.png.varianted-skin.png,NARBE Words,#ff5ce1,https://d18vdu4p71yql0.cloudfront.net/libraries/noun-project/Book-thin_864_584233.svg
Activities,23,date night,date night,,#8b75d7,,70,https://d18vdu4p71yql0.cloudfront.net/libraries/arasaac/activity.png.varianted-skin.png,NARBE Words,#ff5ce1,https://d18vdu4p71yql0.cloudfront.net/libraries/noun-project/Book-thin_864_584233.svg
Activities,23,sleepover,sleepover,,#8b75d7,,71,https://d18vdu4p71yql0.cloudfront.net/libraries/arasaac/activity.png.varianted-skin.png,NARBE Words,#ff5ce1,https://d18vdu4p71yql0.cloudfront.net/libraries/noun-project/Book-thin_864_584233.svg
Activities,23,barbecue,barbecue,https://d18vdu4p71yql0.cloudfront.net/libraries/arasaac/barbecue.png,#8b75d7,,72,https://d18vdu4p71yql0.cloudfront.net/libraries/arasaac/activity.png.varianted-skin.png,NARBE Words,#ff5ce1,https://d18vdu4p71yql0.cloudfront.net/libraries/noun-project/Book-thin_864_584233.svg
Activities,23,fireworks,fireworks,https://d18vdu4p71yql0.cloudfront.net/libraries/arasaac/fireworks.png,#8b75d7,,73,https://d18vdu4p71yql0.cloudfront.net/libraries/arasaac/activity.png.varianted-skin.png,NARBE Words,#ff5ce1,https://d18vdu4p71yql0.cloudfront.net/libraries/noun-project/Book-thin_864_584233.svg
Activities,23,parade,parade,https://d18vdu4p71yql0.cloudfront.net/libraries/mulberry/parade 2.svg.varianted-skin.svg,#8b75d7,,74,https://d18vdu4p71yql0.cloudfront.net/libraries/arasaac/activity.png.varianted-skin.png,NARBE Words,#ff5ce1,https://d18vdu4p71yql0.cloudfront.net/libraries/noun-project/Book-thin_864_584233.svg
Activities,23,wedding,wedding,https://d18vdu4p71yql0.cloudfront.net/libraries/arasaac/wedding.png.varianted-skin.png,#8b75d7,,75,https://d18vdu4p71yql0.cloudfront.net/libraries/arasaac/activity.png.varianted-skin.png,NARBE Words,#ff5ce1,https://d18vdu4p71yql0.cloudfront.net/libraries/noun-project/Book-thin_864_584233.svg
Activities,23,funeral,funeral,https://d18vdu4p71yql0.cloudfront.net/libraries/arasaac/funeral.png.varianted-skin.png,#8b75d7,,76,https://d18vdu4p71yql0.cloudfront.net/libraries/arasaac/activity.png.varianted-skin.png,NARBE Words,#ff5ce1,https://d18vdu4p71yql0.cloudfront.net/libraries/noun-project/Book-thin_864_584233.svg
Activities,23,graduation,graduation,https://d18vdu4p71yql0.cloudfront.net/libraries/icomoon/graduation.svg,#8b75d7,,77,https://d18vdu4p71yql0.cloudfront.net/libraries/arasaac/activity.png.varianted-skin.png,NARBE Words,#ff5ce1,https://d18vdu4p71yql0.cloudfront.net/libraries/noun-project/Book-thin_864_584233.svg
Activities,23,competition,competition,https://d18vdu4p71yql0.cloudfront.net/libraries/arasaac/competition.png.varianted-skin.png,#8b75d7,,78,https://d18vdu4p71yql0.cloudfront.net/libraries/arasaac/activity.png.varianted-skin.png,NARBE Words,#ff5ce1,https://d18vdu4p71yql0.cloudfront.net/libraries/noun-project/Book-thin_864_584233.svg
Activities,23,match,match,https://d18vdu4p71yql0.cloudfront.net/libraries/arasaac/match.png,#8b75d7,,79,https://d18vdu4p71yql0.cloudfront.net/libraries/arasaac/activity.png.varianted-skin.png,NARBE Words,#ff5ce1,https://d18vdu4p71yql0.cloudfront.net/libraries/noun-project/Book-thin_864_584233.svg
Activities,23,race,race,https://d18vdu4p71yql0.cloudfront.net/libraries/arasaac/race.png.varianted-skin.png,#8b75d7,,80,https://d18vdu4p71yql0.cloudfront.net/libraries/arasaac/activity.png.varianted-skin.png,NARBE Words,#ff5ce1,https://d18vdu4p71yql0.cloudfront.net/libraries/noun-project/Book-thin_864_584233.svg
Activities,23,team,team,https://d18vdu4p71yql0.cloudfront.net/libraries/arasaac/team.png.varianted-skin.png,#8b75d7,,81,https://d18vdu4p71yql0.cloudfront.net/libraries/arasaac/activity.png.varianted-skin.png,NARBE Words,#ff5ce1,https://d18vdu4p71yql0.cloudfront.net/libraries/noun-project/Book-thin_864_584233.svg
Activities,23,score,score,https://d18vdu4p71yql0.cloudfront.net/libraries/arasaac/score.png,#8b75d7,,82,https://d18vdu4p71yql0.cloudfront.net/libraries/arasaac/activity.png.varianted-skin.png,NARBE Words,#ff5ce1,https://d18vdu4p71yql0.cloudfront.net/libraries/noun-project/Book-thin_864_584233.svg
Activities,23,winner,winner,https://d18vdu4p71yql0.cloudfront.net/libraries/arasaac/winner.png.varianted-skin.png,#8b75d7,,83,https://d18vdu4p71yql0.cloudfront.net/libraries/arasaac/activity.png.varianted-skin.png,NARBE Words,#ff5ce1,https://d18vdu4p71yql0.cloudfront.net/libraries/noun-project/Book-thin_864_584233.svg
Activities,23,loser,loser,,#8b75d7,,84,https://d18vdu4p71yql0.cloudfront.net/libraries/arasaac/activity.png.varianted-skin.png,NARBE Words,#ff5ce1,https://d18vdu4p71yql0.cloudfront.net/libraries/noun-project/Book-thin_864_584233.svg
Nature,24,sun,sun,https://d18vdu4p71yql0.cloudfront.net/libraries/arasaac/sun.png,#48a79b,,1,https://d18vdu4p71yql0.cloudfront.net/libraries/arasaac/Nature.png,NARBE Words,#ff5ce1,https://d18vdu4p71yql0.cloudfront.net/libraries/noun-project/Book-thin_864_584233.svg
Nature,24,rain,rain,https://d18vdu4p71yql0.cloudfront.net/libraries/arasaac/rain.png,#48a79b,,2,https://d18vdu4p71yql0.cloudfront.net/libraries/arasaac/Nature.png,NARBE Words,#ff5ce1,https://d18vdu4p71yql0.cloudfront.net/libraries/noun-project/Book-thin_864_584233.svg
Nature,24,snow,snow,https://d18vdu4p71yql0.cloudfront.net/libraries/arasaac/snow.png,#48a79b,,3,https://d18vdu4p71yql0.cloudfront.net/libraries/arasaac/Nature.png,NARBE Words,#ff5ce1,https://d18vdu4p71yql0.cloudfront.net/libraries/noun-project/Book-thin_864_584233.svg
Nature,24,wind,wind,https://d18vdu4p71yql0.cloudfront.net/libraries/arasaac/wind.png,#48a79b,,4,https://d18vdu4p71yql0.cloudfront.net/libraries/arasaac/Nature.png,NARBE Words,#ff5ce1,https://d18vdu4p71yql0.cloudfront.net/libraries/noun-project/Book-thin_864_584233.svg
Nature,24,storm,storm,https://d18vdu4p71yql0.cloudfront.net/libraries/arasaac/storm.png,#48a79b,,5,https://d18vdu4p71yql0.cloudfront.net/libraries/arasaac/Nature.png,NARBE Words,#ff5ce1,https://d18vdu4p71yql0.cloudfront.net/libraries/noun-project/Book-thin_864_584233.svg
Nature,24,cloud,cloud,https://d18vdu4p71yql0.cloudfront.net/libraries/arasaac/cloud.png,#48a79b,,6,https://d18vdu4p71yql0.cloudfront.net/libraries/arasaac/Nature.png,NARBE Words,#ff5ce1,https://d18vdu4p71yql0.cloudfront.net/libraries/noun-project/Book-thin_864_584233.svg
Nature,24,weather,weather,https://d18vdu4p71yql0.cloudfront.net/libraries/icon_archive/Weather.png,#48a79b,,7,https://d18vdu4p71yql0.cloudfront.net/libraries/arasaac/Nature.png,NARBE Words,#ff5ce1,https://d18vdu4p71yql0.cloudfront.net/libraries/noun-project/Book-thin_864_584233.svg
Nature,24,tree,tree,https://d18vdu4p71yql0.cloudfront.net/libraries/arasaac/tree.png,#48a79b,,8,https://d18vdu4p71yql0.cloudfront.net/libraries/arasaac/Nature.png,NARBE Words,#ff5ce1,https://d18vdu4p71yql0.cloudfront.net/libraries/noun-project/Book-thin_864_584233.svg
Nature,24,flower,flower,https://d18vdu4p71yql0.cloudfront.net/libraries/arasaac/flower.png,#48a79b,,9,https://d18vdu4p71yql0.cloudfront.net/libraries/arasaac/Nature.png,NARBE Words,#ff5ce1,https://d18vdu4p71yql0.cloudfront.net/libraries/noun-project/Book-thin_864_584233.svg
Nature,24,grass,grass,https://d18vdu4p71yql0.cloudfront.net/libraries/arasaac/grass.png,#48a79b,,10,https://d18vdu4p71yql0.cloudfront.net/libraries/arasaac/Nature.png,NARBE Words,#ff5ce1,https://d18vdu4p71yql0.cloudfront.net/libraries/noun-project/Book-thin_864_584233.svg
Nature,24,leaf,leaf,https://d18vdu4p71yql0.cloudfront.net/libraries/mulberry/leaf.svg,#48a79b,,11,https://d18vdu4p71yql0.cloudfront.net/libraries/arasaac/Nature.png,NARBE Words,#ff5ce1,https://d18vdu4p71yql0.cloudfront.net/libraries/noun-project/Book-thin_864_584233.svg
Nature,24,sand,sand,https://d18vdu4p71yql0.cloudfront.net/libraries/arasaac/sand.png,#48a79b,,12,https://d18vdu4p71yql0.cloudfront.net/libraries/arasaac/Nature.png,NARBE Words,#ff5ce1,https://d18vdu4p71yql0.cloudfront.net/libraries/noun-project/Book-thin_864_584233.svg
Nature,24,rock,rock,https://d18vdu4p71yql0.cloudfront.net/libraries/arasaac/rock.png,#48a79b,,13,https://d18vdu4p71yql0.cloudfront.net/libraries/arasaac/Nature.png,NARBE Words,#ff5ce1,https://d18vdu4p71yql0.cloudfront.net/libraries/noun-project/Book-thin_864_584233.svg
Nature,24,river,river,https://d18vdu4p71yql0.cloudfront.net/libraries/arasaac/river.png,#48a79b,,14,https://d18vdu4p71yql0.cloudfront.net/libraries/arasaac/Nature.png,NARBE Words,#ff5ce1,https://d18vdu4p71yql0.cloudfront.net/libraries/noun-project/Book-thin_864_584233.svg
Nature,24,lake,lake,https://d18vdu4p71yql0.cloudfront.net/libraries/arasaac/lake.png,#48a79b,,15,https://d18vdu4p71yql0.cloudfront.net/libraries/arasaac/Nature.png,NARBE Words,#ff5ce1,https://d18vdu4p71yql0.cloudfront.net/libraries/noun-project/Book-thin_864_584233.svg
Nature,24,ocean,ocean,https://d18vdu4p71yql0.cloudfront.net/libraries/arasaac/ocean.png,#48a79b,,16,https://d18vdu4p71yql0.cloudfront.net/libraries/arasaac/Nature.png,NARBE Words,#ff5ce1,https://d18vdu4p71yql0.cloudfront.net/libraries/noun-project/Book-thin_864_584233.svg
Nature,24,mountain,mountain,https://d18vdu4p71yql0.cloudfront.net/libraries/arasaac/mountain.png,#48a79b,,17,https://d18vdu4p71yql0.cloudfront.net/libraries/arasaac/Nature.png,NARBE Words,#ff5ce1,https://d18vdu4p71yql0.cloudfront.net/libraries/noun-project/Book-thin_864_584233.svg
Nature,24,animal,animal,https://d18vdu4p71yql0.cloudfront.net/libraries/arasaac/animal.png,#48a79b,,18,https://d18vdu4p71yql0.cloudfront.net/libraries/arasaac/Nature.png,NARBE Words,#ff5ce1,https://d18vdu4p71yql0.cloudfront.net/libraries/noun-project/Book-thin_864_584233.svg
Nature,24,dog,dog,https://d18vdu4p71yql0.cloudfront.net/libraries/arasaac/dog.png,#48a79b,,19,https://d18vdu4p71yql0.cloudfront.net/libraries/arasaac/Nature.png,NARBE Words,#ff5ce1,https://d18vdu4p71yql0.cloudfront.net/libraries/noun-project/Book-thin_864_584233.svg
Nature,24,cat,cat,https://d18vdu4p71yql0.cloudfront.net/libraries/arasaac/cat.png,#48a79b,,20,https://d18vdu4p71yql0.cloudfront.net/libraries/arasaac/Nature.png,NARBE Words,#ff5ce1,https://d18vdu4p71yql0.cloudfront.net/libraries/noun-project/Book-thin_864_584233.svg
Nature,24,bird,bird,https://d18vdu4p71yql0.cloudfront.net/libraries/arasaac/bird.png,#48a79b,,21,https://d18vdu4p71yql0.cloudfront.net/libraries/arasaac/Nature.png,NARBE Words,#ff5ce1,https://d18vdu4p71yql0.cloudfront.net/libraries/noun-project/Book-thin_864_584233.svg
Nature,24,horse,horse,https://d18vdu4p71yql0.cloudfront.net/libraries/arasaac/horse.png,#48a79b,,22,https://d18vdu4p71yql0.cloudfront.net/libraries/arasaac/Nature.png,NARBE Words,#ff5ce1,https://d18vdu4p71yql0.cloudfront.net/libraries/noun-project/Book-thin_864_584233.svg
Nature,24,rabbit,rabbit,https://d18vdu4p71yql0.cloudfront.net/libraries/arasaac/rabbit.png,#48a79b,,23,https://d18vdu4p71yql0.cloudfront.net/libraries/arasaac/Nature.png,NARBE Words,#ff5ce1,https://d18vdu4p71yql0.cloudfront.net/libraries/noun-project/Book-thin_864_584233.svg
Nature,24,pet,pet,https://d18vdu4p71yql0.cloudfront.net/libraries/arasaac/pet.png,#48a79b,,24,https://d18vdu4p71yql0.cloudfront.net/libraries/arasaac/Nature.png,NARBE Words,#ff5ce1,https://d18vdu4p71yql0.cloudfront.net/libraries/noun-project/Book-thin_864_584233.svg
Nature,24,world,world,https://d18vdu4p71yql0.cloudfront.net/libraries/mulberry/world.svg,#48a79b,,25,https://d18vdu4p71yql0.cloudfront.net/libraries/arasaac/Nature.png,NARBE Words,#ff5ce1,https://d18vdu4p71yql0.cloudfront.net/libraries/noun-project/Book-thin_864_584233.svg
Nature,24,earth,earth,https://d18vdu4p71yql0.cloudfront.net/libraries/arasaac/Earth.png,#48a79b,,26,https://d18vdu4p71yql0.cloudfront.net/libraries/arasaac/Nature.png,NARBE Words,#ff5ce1,https://d18vdu4p71yql0.cloudfront.net/libraries/noun-project/Book-thin_864_584233.svg
Nature,24,sky,sky,https://d18vdu4p71yql0.cloudfront.net/libraries/arasaac/sky.png,#48a79b,,27,https://d18vdu4p71yql0.cloudfront.net/libraries/arasaac/Nature.png,NARBE Words,#ff5ce1,https://d18vdu4p71yql0.cloudfront.net/libraries/noun-project/Book-thin_864_584233.svg
Nature,24,moon,moon,https://d18vdu4p71yql0.cloudfront.net/libraries/arasaac/moon.png,#48a79b,,28,https://d18vdu4p71yql0.cloudfront.net/libraries/arasaac/Nature.png,NARBE Words,#ff5ce1,https://d18vdu4p71yql0.cloudfront.net/libraries/noun-project/Book-thin_864_584233.svg
Nature,24,star,star,https://d18vdu4p71yql0.cloudfront.net/libraries/arasaac/star.png,#48a79b,,29,https://d18vdu4p71yql0.cloudfront.net/libraries/arasaac/Nature.png,NARBE Words,#ff5ce1,https://d18vdu4p71yql0.cloudfront.net/libraries/noun-project/Book-thin_864_584233.svg
Nature,24,planet,planet,https://d18vdu4p71yql0.cloudfront.net/libraries/arasaac/planet.png,#48a79b,,30,https://d18vdu4p71yql0.cloudfront.net/libraries/arasaac/Nature.png,NARBE Words,#ff5ce1,https://d18vdu4p71yql0.cloudfront.net/libraries/noun-project/Book-thin_864_584233.svg
Nature,24,sunlight,sunlight,https://d18vdu4p71yql0.cloudfront.net/libraries/arasaac/sunlight.png,#48a79b,,31,https://d18vdu4p71yql0.cloudfront.net/libraries/arasaac/Nature.png,NARBE Words,#ff5ce1,https://d18vdu4p71yql0.cloudfront.net/libraries/noun-project/Book-thin_864_584233.svg
Nature,24,shade,shade,,#48a79b,,32,https://d18vdu4p71yql0.cloudfront.net/libraries/arasaac/Nature.png,NARBE Words,#ff5ce1,https://d18vdu4p71yql0.cloudfront.net/libraries/noun-project/Book-thin_864_584233.svg
Nature,24,shadow,shadow,https://d18vdu4p71yql0.cloudfront.net/libraries/arasaac/shadow.png,#48a79b,,33,https://d18vdu4p71yql0.cloudfront.net/libraries/arasaac/Nature.png,NARBE Words,#ff5ce1,https://d18vdu4p71yql0.cloudfront.net/libraries/noun-project/Book-thin_864_584233.svg
Nature,24,fog,fog,https://d18vdu4p71yql0.cloudfront.net/libraries/arasaac/fog.png,#48a79b,,34,https://d18vdu4p71yql0.cloudfront.net/libraries/arasaac/Nature.png,NARBE Words,#ff5ce1,https://d18vdu4p71yql0.cloudfront.net/libraries/noun-project/Book-thin_864_584233.svg
Nature,24,mist,mist,https://d18vdu4p71yql0.cloudfront.net/libraries/arasaac/fog.png,#48a79b,,35,https://d18vdu4p71yql0.cloudfront.net/libraries/arasaac/Nature.png,NARBE Words,#ff5ce1,https://d18vdu4p71yql0.cloudfront.net/libraries/noun-project/Book-thin_864_584233.svg
Nature,24,frost,frost,https://d18vdu4p71yql0.cloudfront.net/libraries/arasaac/frost.png,#48a79b,,36,https://d18vdu4p71yql0.cloudfront.net/libraries/arasaac/Nature.png,NARBE Words,#ff5ce1,https://d18vdu4p71yql0.cloudfront.net/libraries/noun-project/Book-thin_864_584233.svg
Nature,24,hail,hail,https://d18vdu4p71yql0.cloudfront.net/libraries/arasaac/hail.png,#48a79b,,37,https://d18vdu4p71yql0.cloudfront.net/libraries/arasaac/Nature.png,NARBE Words,#ff5ce1,https://d18vdu4p71yql0.cloudfront.net/libraries/noun-project/Book-thin_864_584233.svg
Nature,24,thunder,thunder,https://d18vdu4p71yql0.cloudfront.net/libraries/arasaac/thunder.png,#48a79b,,38,https://d18vdu4p71yql0.cloudfront.net/libraries/arasaac/Nature.png,NARBE Words,#ff5ce1,https://d18vdu4p71yql0.cloudfront.net/libraries/noun-project/Book-thin_864_584233.svg
Nature,24,lightning,lightning,https://d18vdu4p71yql0.cloudfront.net/libraries/arasaac/lightning.png,#48a79b,,39,https://d18vdu4p71yql0.cloudfront.net/libraries/arasaac/Nature.png,NARBE Words,#ff5ce1,https://d18vdu4p71yql0.cloudfront.net/libraries/noun-project/Book-thin_864_584233.svg
Nature,24,breeze,breeze,https://d18vdu4p71yql0.cloudfront.net/libraries/arasaac/breeze.png,#48a79b,,40,https://d18vdu4p71yql0.cloudfront.net/libraries/arasaac/Nature.png,NARBE Words,#ff5ce1,https://d18vdu4p71yql0.cloudfront.net/libraries/noun-project/Book-thin_864_584233.svg
Nature,24,heat,heat,https://d18vdu4p71yql0.cloudfront.net/libraries/arasaac/heat.png.varianted-skin.png,#48a79b,,41,https://d18vdu4p71yql0.cloudfront.net/libraries/arasaac/Nature.png,NARBE Words,#ff5ce1,https://d18vdu4p71yql0.cloudfront.net/libraries/noun-project/Book-thin_864_584233.svg
Nature,24,humidity,humidity,https://d18vdu4p71yql0.cloudfront.net/libraries/arasaac/humidity.png,#48a79b,,42,https://d18vdu4p71yql0.cloudfront.net/libraries/arasaac/Nature.png,NARBE Words,#ff5ce1,https://d18vdu4p71yql0.cloudfront.net/libraries/noun-project/Book-thin_864_584233.svg
Nature,24,puddle,puddle,https://d18vdu4p71yql0.cloudfront.net/libraries/arasaac/puddle.png,#48a79b,,43,https://d18vdu4p71yql0.cloudfront.net/libraries/arasaac/Nature.png,NARBE Words,#ff5ce1,https://d18vdu4p71yql0.cloudfront.net/libraries/noun-project/Book-thin_864_584233.svg
Nature,24,mud,mud,https://d18vdu4p71yql0.cloudfront.net/libraries/arasaac/mud.png,#48a79b,,44,https://d18vdu4p71yql0.cloudfront.net/libraries/arasaac/Nature.png,NARBE Words,#ff5ce1,https://d18vdu4p71yql0.cloudfront.net/libraries/noun-project/Book-thin_864_584233.svg
Nature,24,soil,soil,,#48a79b,,45,https://d18vdu4p71yql0.cloudfront.net/libraries/arasaac/Nature.png,NARBE Words,#ff5ce1,https://d18vdu4p71yql0.cloudfront.net/libraries/noun-project/Book-thin_864_584233.svg
Nature,24,dirt,dirt,,#48a79b,,46,https://d18vdu4p71yql0.cloudfront.net/libraries/arasaac/Nature.png,NARBE Words,#ff5ce1,https://d18vdu4p71yql0.cloudfront.net/libraries/noun-project/Book-thin_864_584233.svg
Nature,24,pebble,pebble,https://d18vdu4p71yql0.cloudfront.net/libraries/noun-project/Pebble_455_g.svg,#48a79b,,47,https://d18vdu4p71yql0.cloudfront.net/libraries/arasaac/Nature.png,NARBE Words,#ff5ce1,https://d18vdu4p71yql0.cloudfront.net/libraries/noun-project/Book-thin_864_584233.svg
Nature,24,stone,stone,https://d18vdu4p71yql0.cloudfront.net/libraries/arasaac/stone.png,#48a79b,,48,https://d18vdu4p71yql0.cloudfront.net/libraries/arasaac/Nature.png,NARBE Words,#ff5ce1,https://d18vdu4p71yql0.cloudfront.net/libraries/noun-project/Book-thin_864_584233.svg
Nature,24,shell,shell,https://d18vdu4p71yql0.cloudfront.net/libraries/noun-project/Shell-6ebbfbfe7a.svg,#48a79b,,49,https://d18vdu4p71yql0.cloudfront.net/libraries/arasaac/Nature.png,NARBE Words,#ff5ce1,https://d18vdu4p71yql0.cloudfront.net/libraries/noun-project/Book-thin_864_584233.svg
Nature,24,branch,branch,https://d18vdu4p71yql0.cloudfront.net/libraries/arasaac/branch.png,#48a79b,,50,https://d18vdu4p71yql0.cloudfront.net/libraries/arasaac/Nature.png,NARBE Words,#ff5ce1,https://d18vdu4p71yql0.cloudfront.net/libraries/noun-project/Book-thin_864_584233.svg
Nature,24,root,root,https://d18vdu4p71yql0.cloudfront.net/libraries/arasaac/root.png,#48a79b,,51,https://d18vdu4p71yql0.cloudfront.net/libraries/arasaac/Nature.png,NARBE Words,#ff5ce1,https://d18vdu4p71yql0.cloudfront.net/libraries/noun-project/Book-thin_864_584233.svg
Nature,24,bush,bush,https://d18vdu4p71yql0.cloudfront.net/libraries/arasaac/bush.png,#48a79b,,52,https://d18vdu4p71yql0.cloudfront.net/libraries/arasaac/Nature.png,NARBE Words,#ff5ce1,https://d18vdu4p71yql0.cloudfront.net/libraries/noun-project/Book-thin_864_584233.svg
Nature,24,hedge,hedge,https://d18vdu4p71yql0.cloudfront.net/libraries/mulberry/hedge.svg,#48a79b,,53,https://d18vdu4p71yql0.cloudfront.net/libraries/arasaac/Nature.png,NARBE Words,#ff5ce1,https://d18vdu4p71yql0.cloudfront.net/libraries/noun-project/Book-thin_864_584233.svg
Nature,24,pond,pond,https://d18vdu4p71yql0.cloudfront.net/libraries/mulberry/pond.svg,#48a79b,,54,https://d18vdu4p71yql0.cloudfront.net/libraries/arasaac/Nature.png,NARBE Words,#ff5ce1,https://d18vdu4p71yql0.cloudfront.net/libraries/noun-project/Book-thin_864_584233.svg
Nature,24,stream,stream,https://d18vdu4p71yql0.cloudfront.net/libraries/arasaac/stream.png,#48a79b,,55,https://d18vdu4p71yql0.cloudfront.net/libraries/arasaac/Nature.png,NARBE Words,#ff5ce1,https://d18vdu4p71yql0.cloudfront.net/libraries/noun-project/Book-thin_864_584233.svg
Nature,24,waterfall,waterfall,https://d18vdu4p71yql0.cloudfront.net/libraries/arasaac/waterfall.png,#48a79b,,56,https://d18vdu4p71yql0.cloudfront.net/libraries/arasaac/Nature.png,NARBE Words,#ff5ce1,https://d18vdu4p71yql0.cloudfront.net/libraries/noun-project/Book-thin_864_584233.svg
Nature,24,hill,hill,,#48a79b,,57,https://d18vdu4p71yql0.cloudfront.net/libraries/arasaac/Nature.png,NARBE Words,#ff5ce1,https://d18vdu4p71yql0.cloudfront.net/libraries/noun-project/Book-thin_864_584233.svg
Nature,24,valley,valley,https://d18vdu4p71yql0.cloudfront.net/libraries/arasaac/Valley.png,#48a79b,,58,https://d18vdu4p71yql0.cloudfront.net/libraries/arasaac/Nature.png,NARBE Words,#ff5ce1,https://d18vdu4p71yql0.cloudfront.net/libraries/noun-project/Book-thin_864_584233.svg
Nature,24,island,island,https://d18vdu4p71yql0.cloudfront.net/libraries/arasaac/island.png,#48a79b,,59,https://d18vdu4p71yql0.cloudfront.net/libraries/arasaac/Nature.png,NARBE Words,#ff5ce1,https://d18vdu4p71yql0.cloudfront.net/libraries/noun-project/Book-thin_864_584233.svg
Nature,24,desert,desert,https://d18vdu4p71yql0.cloudfront.net/libraries/arasaac/desert.png,#48a79b,,60,https://d18vdu4p71yql0.cloudfront.net/libraries/arasaac/Nature.png,NARBE Words,#ff5ce1,https://d18vdu4p71yql0.cloudfront.net/libraries/noun-project/Book-thin_864_584233.svg
Nature,24,cave,cave,https://d18vdu4p71yql0.cloudfront.net/libraries/arasaac/cave.png,#48a79b,,61,https://d18vdu4p71yql0.cloudfront.net/libraries/arasaac/Nature.png,NARBE Words,#ff5ce1,https://d18vdu4p71yql0.cloudfront.net/libraries/noun-project/Book-thin_864_584233.svg
Nature,24,field,field,https://d18vdu4p71yql0.cloudfront.net/libraries/arasaac/field.png,#48a79b,,62,https://d18vdu4p71yql0.cloudfront.net/libraries/arasaac/Nature.png,NARBE Words,#ff5ce1,https://d18vdu4p71yql0.cloudfront.net/libraries/noun-project/Book-thin_864_584233.svg
Nature,24,meadow,meadow,,#48a79b,,63,https://d18vdu4p71yql0.cloudfront.net/libraries/arasaac/Nature.png,NARBE Words,#ff5ce1,https://d18vdu4p71yql0.cloudfront.net/libraries/noun-project/Book-thin_864_584233.svg
Nature,24,wood,wood,https://d18vdu4p71yql0.cloudfront.net/libraries/arasaac/wood.png,#48a79b,,64,https://d18vdu4p71yql0.cloudfront.net/libraries/arasaac/Nature.png,NARBE Words,#ff5ce1,https://d18vdu4p71yql0.cloudfront.net/libraries/noun-project/Book-thin_864_584233.svg
Nature,24,fire,fire,https://d18vdu4p71yql0.cloudfront.net/libraries/arasaac/fire.png,#48a79b,,65,https://d18vdu4p71yql0.cloudfront.net/libraries/arasaac/Nature.png,NARBE Words,#ff5ce1,https://d18vdu4p71yql0.cloudfront.net/libraries/noun-project/Book-thin_864_584233.svg
Nature,24,smoke,smoke,https://d18vdu4p71yql0.cloudfront.net/libraries/arasaac/smoke.png.varianted-skin.png,#48a79b,,66,https://d18vdu4p71yql0.cloudfront.net/libraries/arasaac/Nature.png,NARBE Words,#ff5ce1,https://d18vdu4p71yql0.cloudfront.net/libraries/noun-project/Book-thin_864_584233.svg
Nature,24,flame,flame,https://d18vdu4p71yql0.cloudfront.net/libraries/arasaac/flame.png,#48a79b,,67,https://d18vdu4p71yql0.cloudfront.net/libraries/arasaac/Nature.png,NARBE Words,#ff5ce1,https://d18vdu4p71yql0.cloudfront.net/libraries/noun-project/Book-thin_864_584233.svg
Nature,24,ash,ash,,#48a79b,,68,https://d18vdu4p71yql0.cloudfront.net/libraries/arasaac/Nature.png,NARBE Words,#ff5ce1,https://d18vdu4p71yql0.cloudfront.net/libraries/noun-project/Book-thin_864_584233.svg
Nature,24,kitten,kitten,,#48a79b,,69,https://d18vdu4p71yql0.cloudfront.net/libraries/arasaac/Nature.png,NARBE Words,#ff5ce1,https://d18vdu4p71yql0.cloudfront.net/libraries/noun-project/Book-thin_864_584233.svg
Nature,24,puppy,puppy,,#48a79b,,70,https://d18vdu4p71yql0.cloudfront.net/libraries/arasaac/Nature.png,NARBE Words,#ff5ce1,https://d18vdu4p71yql0.cloudfront.net/libraries/noun-project/Book-thin_864_584233.svg
Nature,24,cow,cow,https://d18vdu4p71yql0.cloudfront.net/libraries/arasaac/cow.png,#48a79b,,71,https://d18vdu4p71yql0.cloudfront.net/libraries/arasaac/Nature.png,NARBE Words,#ff5ce1,https://d18vdu4p71yql0.cloudfront.net/libraries/noun-project/Book-thin_864_584233.svg
Nature,24,pig,pig,https://d18vdu4p71yql0.cloudfront.net/libraries/arasaac/pig.png,#48a79b,,72,https://d18vdu4p71yql0.cloudfront.net/libraries/arasaac/Nature.png,NARBE Words,#ff5ce1,https://d18vdu4p71yql0.cloudfront.net/libraries/noun-project/Book-thin_864_584233.svg
Nature,24,sheep,sheep,https://d18vdu4p71yql0.cloudfront.net/libraries/arasaac/sheep.png,#48a79b,,73,https://d18vdu4p71yql0.cloudfront.net/libraries/arasaac/Nature.png,NARBE Words,#ff5ce1,https://d18vdu4p71yql0.cloudfront.net/libraries/noun-project/Book-thin_864_584233.svg
Nature,24,goat,goat,https://d18vdu4p71yql0.cloudfront.net/libraries/arasaac/goat.png,#48a79b,,74,https://d18vdu4p71yql0.cloudfront.net/libraries/arasaac/Nature.png,NARBE Words,#ff5ce1,https://d18vdu4p71yql0.cloudfront.net/libraries/noun-project/Book-thin_864_584233.svg
Nature,24,donkey,donkey,https://d18vdu4p71yql0.cloudfront.net/libraries/arasaac/donkey.png,#48a79b,,75,https://d18vdu4p71yql0.cloudfront.net/libraries/arasaac/Nature.png,NARBE Words,#ff5ce1,https://d18vdu4p71yql0.cloudfront.net/libraries/noun-project/Book-thin_864_584233.svg
Nature,24,duck,duck,https://d18vdu4p71yql0.cloudfront.net/libraries/arasaac/duck.png,#48a79b,,76,https://d18vdu4p71yql0.cloudfront.net/libraries/arasaac/Nature.png,NARBE Words,#ff5ce1,https://d18vdu4p71yql0.cloudfront.net/libraries/noun-project/Book-thin_864_584233.svg
Nature,24,goose,goose,https://d18vdu4p71yql0.cloudfront.net/libraries/arasaac/goose.png,#48a79b,,77,https://d18vdu4p71yql0.cloudfront.net/libraries/arasaac/Nature.png,NARBE Words,#ff5ce1,https://d18vdu4p71yql0.cloudfront.net/libraries/noun-project/Book-thin_864_584233.svg
Nature,24,rat,rat,https://d18vdu4p71yql0.cloudfront.net/libraries/arasaac/rat.png,#48a79b,,78,https://d18vdu4p71yql0.cloudfront.net/libraries/arasaac/Nature.png,NARBE Words,#ff5ce1,https://d18vdu4p71yql0.cloudfront.net/libraries/noun-project/Book-thin_864_584233.svg
Nature,24,hamster,hamster,https://d18vdu4p71yql0.cloudfront.net/libraries/arasaac/hamster.png,#48a79b,,79,https://d18vdu4p71yql0.cloudfront.net/libraries/arasaac/Nature.png,NARBE Words,#ff5ce1,https://d18vdu4p71yql0.cloudfront.net/libraries/noun-project/Book-thin_864_584233.svg
Nature,24,guinea pig,guinea pig,https://d18vdu4p71yql0.cloudfront.net/libraries/mulberry/guinea pig.svg.varianted-skin.svg,#48a79b,,80,https://d18vdu4p71yql0.cloudfront.net/libraries/arasaac/Nature.png,NARBE Words,#ff5ce1,https://d18vdu4p71yql0.cloudfront.net/libraries/noun-project/Book-thin_864_584233.svg
Nature,24,squirrel,squirrel,https://d18vdu4p71yql0.cloudfront.net/libraries/arasaac/squirrel.png,#48a79b,,81,https://d18vdu4p71yql0.cloudfront.net/libraries/arasaac/Nature.png,NARBE Words,#ff5ce1,https://d18vdu4p71yql0.cloudfront.net/libraries/noun-project/Book-thin_864_584233.svg
Nature,24,deer,deer,https://d18vdu4p71yql0.cloudfront.net/libraries/arasaac/deer.png,#48a79b,,82,https://d18vdu4p71yql0.cloudfront.net/libraries/arasaac/Nature.png,NARBE Words,#ff5ce1,https://d18vdu4p71yql0.cloudfront.net/libraries/noun-project/Book-thin_864_584233.svg
Nature,24,fox,fox,https://d18vdu4p71yql0.cloudfront.net/libraries/arasaac/fox.png,#48a79b,,83,https://d18vdu4p71yql0.cloudfront.net/libraries/arasaac/Nature.png,NARBE Words,#ff5ce1,https://d18vdu4p71yql0.cloudfront.net/libraries/noun-project/Book-thin_864_584233.svg
Nature,24,bear,bear,https://d18vdu4p71yql0.cloudfront.net/libraries/arasaac/bear.png,#48a79b,,84,https://d18vdu4p71yql0.cloudfront.net/libraries/arasaac/Nature.png,NARBE Words,#ff5ce1,https://d18vdu4p71yql0.cloudfront.net/libraries/noun-project/Book-thin_864_584233.svg
Nature,24,lion,lion,https://d18vdu4p71yql0.cloudfront.net/libraries/arasaac/lion.png,#48a79b,,85,https://d18vdu4p71yql0.cloudfront.net/libraries/arasaac/Nature.png,NARBE Words,#ff5ce1,https://d18vdu4p71yql0.cloudfront.net/libraries/noun-project/Book-thin_864_584233.svg
Nature,24,tiger,tiger,https://d18vdu4p71yql0.cloudfront.net/libraries/arasaac/tiger.png,#48a79b,,86,https://d18vdu4p71yql0.cloudfront.net/libraries/arasaac/Nature.png,NARBE Words,#ff5ce1,https://d18vdu4p71yql0.cloudfront.net/libraries/noun-project/Book-thin_864_584233.svg
Nature,24,elephant,elephant,https://d18vdu4p71yql0.cloudfront.net/libraries/arasaac/elephant.png,#48a79b,,87,https://d18vdu4p71yql0.cloudfront.net/libraries/arasaac/Nature.png,NARBE Words,#ff5ce1,https://d18vdu4p71yql0.cloudfront.net/libraries/noun-project/Book-thin_864_584233.svg
Nature,24,giraffe,giraffe,https://d18vdu4p71yql0.cloudfront.net/libraries/arasaac/giraffe.png,#48a79b,,88,https://d18vdu4p71yql0.cloudfront.net/libraries/arasaac/Nature.png,NARBE Words,#ff5ce1,https://d18vdu4p71yql0.cloudfront.net/libraries/noun-project/Book-thin_864_584233.svg
Nature,24,zebra,zebra,https://d18vdu4p71yql0.cloudfront.net/libraries/arasaac/zebra.png,#48a79b,,89,https://d18vdu4p71yql0.cloudfront.net/libraries/arasaac/Nature.png,NARBE Words,#ff5ce1,https://d18vdu4p71yql0.cloudfront.net/libraries/noun-project/Book-thin_864_584233.svg
Nature,24,monkey,monkey,https://d18vdu4p71yql0.cloudfront.net/libraries/arasaac/monkey.png,#48a79b,,90,https://d18vdu4p71yql0.cloudfront.net/libraries/arasaac/Nature.png,NARBE Words,#ff5ce1,https://d18vdu4p71yql0.cloudfront.net/libraries/noun-project/Book-thin_864_584233.svg
Nature,24,gorilla,gorilla,https://d18vdu4p71yql0.cloudfront.net/libraries/arasaac/gorilla.png,#48a79b,,91,https://d18vdu4p71yql0.cloudfront.net/libraries/arasaac/Nature.png,NARBE Words,#ff5ce1,https://d18vdu4p71yql0.cloudfront.net/libraries/noun-project/Book-thin_864_584233.svg
Nature,24,kangaroo,kangaroo,https://d18vdu4p71yql0.cloudfront.net/libraries/arasaac/kangaroo.png,#48a79b,,92,https://d18vdu4p71yql0.cloudfront.net/libraries/arasaac/Nature.png,NARBE Words,#ff5ce1,https://d18vdu4p71yql0.cloudfront.net/libraries/noun-project/Book-thin_864_584233.svg
Nature,24,koala,koala,https://d18vdu4p71yql0.cloudfront.net/libraries/arasaac/koala.png,#48a79b,,93,https://d18vdu4p71yql0.cloudfront.net/libraries/arasaac/Nature.png,NARBE Words,#ff5ce1,https://d18vdu4p71yql0.cloudfront.net/libraries/noun-project/Book-thin_864_584233.svg
Nature,24,panda,panda,https://d18vdu4p71yql0.cloudfront.net/libraries/arasaac/panda.png,#48a79b,,94,https://d18vdu4p71yql0.cloudfront.net/libraries/arasaac/Nature.png,NARBE Words,#ff5ce1,https://d18vdu4p71yql0.cloudfront.net/libraries/noun-project/Book-thin_864_584233.svg
Nature,24,snake,snake,https://d18vdu4p71yql0.cloudfront.net/libraries/arasaac/snake.png,#48a79b,,95,https://d18vdu4p71yql0.cloudfront.net/libraries/arasaac/Nature.png,NARBE Words,#ff5ce1,https://d18vdu4p71yql0.cloudfront.net/libraries/noun-project/Book-thin_864_584233.svg
Nature,24,lizard,lizard,https://d18vdu4p71yql0.cloudfront.net/libraries/arasaac/lizard.png,#48a79b,,96,https://d18vdu4p71yql0.cloudfront.net/libraries/arasaac/Nature.png,NARBE Words,#ff5ce1,https://d18vdu4p71yql0.cloudfront.net/libraries/noun-project/Book-thin_864_584233.svg
Nature,24,turtle,turtle,https://d18vdu4p71yql0.cloudfront.net/libraries/mulberry/turtle.svg,#48a79b,,97,https://d18vdu4p71yql0.cloudfront.net/libraries/arasaac/Nature.png,NARBE Words,#ff5ce1,https://d18vdu4p71yql0.cloudfront.net/libraries/noun-project/Book-thin_864_584233.svg
Nature,24,tortoise,tortoise,https://d18vdu4p71yql0.cloudfront.net/libraries/arasaac/tortoise.png,#48a79b,,98,https://d18vdu4p71yql0.cloudfront.net/libraries/arasaac/Nature.png,NARBE Words,#ff5ce1,https://d18vdu4p71yql0.cloudfront.net/libraries/noun-project/Book-thin_864_584233.svg
Nature,24,frog,frog,https://d18vdu4p71yql0.cloudfront.net/libraries/arasaac/frog.png,#48a79b,,99,https://d18vdu4p71yql0.cloudfront.net/libraries/arasaac/Nature.png,NARBE Words,#ff5ce1,https://d18vdu4p71yql0.cloudfront.net/libraries/noun-project/Book-thin_864_584233.svg
Nature,24,toad,toad,https://d18vdu4p71yql0.cloudfront.net/libraries/mulberry/toad.svg,#48a79b,,100,https://d18vdu4p71yql0.cloudfront.net/libraries/arasaac/Nature.png,NARBE Words,#ff5ce1,https://d18vdu4p71yql0.cloudfront.net/libraries/noun-project/Book-thin_864_584233.svg
Nature,24,crocodile,crocodile,https://d18vdu4p71yql0.cloudfront.net/libraries/arasaac/crocodile.png,#48a79b,,101,https://d18vdu4p71yql0.cloudfront.net/libraries/arasaac/Nature.png,NARBE Words,#ff5ce1,https://d18vdu4p71yql0.cloudfront.net/libraries/noun-project/Book-thin_864_584233.svg
Nature,24,alligator,alligator,https://d18vdu4p71yql0.cloudfront.net/libraries/arasaac/alligator.png,#48a79b,,102,https://d18vdu4p71yql0.cloudfront.net/libraries/arasaac/Nature.png,NARBE Words,#ff5ce1,https://d18vdu4p71yql0.cloudfront.net/libraries/noun-project/Book-thin_864_584233.svg
Nature,24,dolphin,dolphin,https://d18vdu4p71yql0.cloudfront.net/libraries/arasaac/dolphin.png,#48a79b,,103,https://d18vdu4p71yql0.cloudfront.net/libraries/arasaac/Nature.png,NARBE Words,#ff5ce1,https://d18vdu4p71yql0.cloudfront.net/libraries/noun-project/Book-thin_864_584233.svg
Nature,24,whale,whale,https://d18vdu4p71yql0.cloudfront.net/libraries/arasaac/whale.png,#48a79b,,104,https://d18vdu4p71yql0.cloudfront.net/libraries/arasaac/Nature.png,NARBE Words,#ff5ce1,https://d18vdu4p71yql0.cloudfront.net/libraries/noun-project/Book-thin_864_584233.svg
Nature,24,shark,shark,https://d18vdu4p71yql0.cloudfront.net/libraries/arasaac/shark.png,#48a79b,,105,https://d18vdu4p71yql0.cloudfront.net/libraries/arasaac/Nature.png,NARBE Words,#ff5ce1,https://d18vdu4p71yql0.cloudfront.net/libraries/noun-project/Book-thin_864_584233.svg
Nature,24,octopus,octopus,https://d18vdu4p71yql0.cloudfront.net/libraries/arasaac/octopus.png,#48a79b,,106,https://d18vdu4p71yql0.cloudfront.net/libraries/arasaac/Nature.png,NARBE Words,#ff5ce1,https://d18vdu4p71yql0.cloudfront.net/libraries/noun-project/Book-thin_864_584233.svg
Nature,24,jellyfish,jellyfish,https://d18vdu4p71yql0.cloudfront.net/libraries/arasaac/jellyfish.png,#48a79b,,107,https://d18vdu4p71yql0.cloudfront.net/libraries/arasaac/Nature.png,NARBE Words,#ff5ce1,https://d18vdu4p71yql0.cloudfront.net/libraries/noun-project/Book-thin_864_584233.svg
Nature,24,penguin,penguin,https://d18vdu4p71yql0.cloudfront.net/libraries/arasaac/penguin.png,#48a79b,,108,https://d18vdu4p71yql0.cloudfront.net/libraries/arasaac/Nature.png,NARBE Words,#ff5ce1,https://d18vdu4p71yql0.cloudfront.net/libraries/noun-project/Book-thin_864_584233.svg
Nature,24,owl,owl,https://d18vdu4p71yql0.cloudfront.net/libraries/arasaac/owl.png,#48a79b,,109,https://d18vdu4p71yql0.cloudfront.net/libraries/arasaac/Nature.png,NARBE Words,#ff5ce1,https://d18vdu4p71yql0.cloudfront.net/libraries/noun-project/Book-thin_864_584233.svg
Nature,24,eagle,eagle,https://d18vdu4p71yql0.cloudfront.net/libraries/arasaac/eagle.png,#48a79b,,110,https://d18vdu4p71yql0.cloudfront.net/libraries/arasaac/Nature.png,NARBE Words,#ff5ce1,https://d18vdu4p71yql0.cloudfront.net/libraries/noun-project/Book-thin_864_584233.svg
Nature,24,parrot,parrot,https://d18vdu4p71yql0.cloudfront.net/libraries/arasaac/parrot.png,#48a79b,,111,https://d18vdu4p71yql0.cloudfront.net/libraries/arasaac/Nature.png,NARBE Words,#ff5ce1,https://d18vdu4p71yql0.cloudfront.net/libraries/noun-project/Book-thin_864_584233.svg
Nature,24,pigeon,pigeon,https://d18vdu4p71yql0.cloudfront.net/libraries/arasaac/pigeon.png,#48a79b,,112,https://d18vdu4p71yql0.cloudfront.net/libraries/arasaac/Nature.png,NARBE Words,#ff5ce1,https://d18vdu4p71yql0.cloudfront.net/libraries/noun-project/Book-thin_864_584233.svg
Nature,24,butterfly,butterfly,https://d18vdu4p71yql0.cloudfront.net/libraries/arasaac/butterfly.png,#48a79b,,113,https://d18vdu4p71yql0.cloudfront.net/libraries/arasaac/Nature.png,NARBE Words,#ff5ce1,https://d18vdu4p71yql0.cloudfront.net/libraries/noun-project/Book-thin_864_584233.svg
Nature,24,bee,bee,https://d18vdu4p71yql0.cloudfront.net/libraries/arasaac/bee.png,#48a79b,,114,https://d18vdu4p71yql0.cloudfront.net/libraries/arasaac/Nature.png,NARBE Words,#ff5ce1,https://d18vdu4p71yql0.cloudfront.net/libraries/noun-project/Book-thin_864_584233.svg
Nature,24,wasp,wasp,https://d18vdu4p71yql0.cloudfront.net/libraries/arasaac/wasp.png,#48a79b,,115,https://d18vdu4p71yql0.cloudfront.net/libraries/arasaac/Nature.png,NARBE Words,#ff5ce1,https://d18vdu4p71yql0.cloudfront.net/libraries/noun-project/Book-thin_864_584233.svg
Nature,24,ant,ant,https://d18vdu4p71yql0.cloudfront.net/libraries/arasaac/ant.png,#48a79b,,116,https://d18vdu4p71yql0.cloudfront.net/libraries/arasaac/Nature.png,NARBE Words,#ff5ce1,https://d18vdu4p71yql0.cloudfront.net/libraries/noun-project/Book-thin_864_584233.svg
Nature,24,fly,fly,https://d18vdu4p71yql0.cloudfront.net/libraries/arasaac/fly.png,#48a79b,,117,https://d18vdu4p71yql0.cloudfront.net/libraries/arasaac/Nature.png,NARBE Words,#ff5ce1,https://d18vdu4p71yql0.cloudfront.net/libraries/noun-project/Book-thin_864_584233.svg
Nature,24,mosquito,mosquito,https://d18vdu4p71yql0.cloudfront.net/libraries/arasaac/mosquito.png,#48a79b,,118,https://d18vdu4p71yql0.cloudfront.net/libraries/arasaac/Nature.png,NARBE Words,#ff5ce1,https://d18vdu4p71yql0.cloudfront.net/libraries/noun-project/Book-thin_864_584233.svg
Nature,24,spider,spider,https://d18vdu4p71yql0.cloudfront.net/libraries/arasaac/spider.png,#48a79b,,119,https://d18vdu4p71yql0.cloudfront.net/libraries/arasaac/Nature.png,NARBE Words,#ff5ce1,https://d18vdu4p71yql0.cloudfront.net/libraries/noun-project/Book-thin_864_584233.svg
Nature,24,worm,worm,https://d18vdu4p71yql0.cloudfront.net/libraries/arasaac/worm.png,#48a79b,,120,https://d18vdu4p71yql0.cloudfront.net/libraries/arasaac/Nature.png,NARBE Words,#ff5ce1,https://d18vdu4p71yql0.cloudfront.net/libraries/noun-project/Book-thin_864_584233.svg
Nature,24,insect,insect,https://d18vdu4p71yql0.cloudfront.net/libraries/arasaac/insect.png,#48a79b,,121,https://d18vdu4p71yql0.cloudfront.net/libraries/arasaac/Nature.png,NARBE Words,#ff5ce1,https://d18vdu4p71yql0.cloudfront.net/libraries/noun-project/Book-thin_864_584233.svg
Nature,24,bug,bug,https://d18vdu4p71yql0.cloudfront.net/libraries/arasaac/bug.png,#48a79b,,122,https://d18vdu4p71yql0.cloudfront.net/libraries/arasaac/Nature.png,NARBE Words,#ff5ce1,https://d18vdu4p71yql0.cloudfront.net/libraries/noun-project/Book-thin_864_584233.svg
Money,25,money,money,https://d18vdu4p71yql0.cloudfront.net/libraries/arasaac/money.png,#74a852,,1,https://d18vdu4p71yql0.cloudfront.net/libraries/arasaac/money.png,NARBE Words,#ff5ce1,https://d18vdu4p71yql0.cloudfront.net/libraries/noun-project/Book-thin_864_584233.svg
Money,25,cash,cash,https://d18vdu4p71yql0.cloudfront.net/libraries/noun-project/cash_568_g.svg,#74a852,,2,https://d18vdu4p71yql0.cloudfront.net/libraries/arasaac/money.png,NARBE Words,#ff5ce1,https://d18vdu4p71yql0.cloudfront.net/libraries/noun-project/Book-thin_864_584233.svg
Money,25,coin,coin,https://d18vdu4p71yql0.cloudfront.net/libraries/arasaac/corner.png,#74a852,,3,https://d18vdu4p71yql0.cloudfront.net/libraries/arasaac/money.png,NARBE Words,#ff5ce1,https://d18vdu4p71yql0.cloudfront.net/libraries/noun-project/Book-thin_864_584233.svg
Money,25,card,card,https://d18vdu4p71yql0.cloudfront.net/libraries/arasaac/card.png,#74a852,,4,https://d18vdu4p71yql0.cloudfront.net/libraries/arasaac/money.png,NARBE Words,#ff5ce1,https://d18vdu4p71yql0.cloudfront.net/libraries/noun-project/Book-thin_864_584233.svg
Money,25,price,price,https://d18vdu4p71yql0.cloudfront.net/libraries/arasaac/price.png,#74a852,,5,https://d18vdu4p71yql0.cloudfront.net/libraries/arasaac/money.png,NARBE Words,#ff5ce1,https://d18vdu4p71yql0.cloudfront.net/libraries/noun-project/Book-thin_864_584233.svg
Money,25,cost,cost,https://d18vdu4p71yql0.cloudfront.net/libraries/arasaac/price.png,#74a852,,6,https://d18vdu4p71yql0.cloudfront.net/libraries/arasaac/money.png,NARBE Words,#ff5ce1,https://d18vdu4p71yql0.cloudfront.net/libraries/noun-project/Book-thin_864_584233.svg
Money,25,receipt,receipt,https://d18vdu4p71yql0.cloudfront.net/libraries/arasaac/receipt.png,#74a852,,7,https://d18vdu4p71yql0.cloudfront.net/libraries/arasaac/money.png,NARBE Words,#ff5ce1,https://d18vdu4p71yql0.cloudfront.net/libraries/noun-project/Book-thin_864_584233.svg
Money,25,dollar,dollar,https://d18vdu4p71yql0.cloudfront.net/libraries/arasaac/dollar.png,#74a852,,8,https://d18vdu4p71yql0.cloudfront.net/libraries/arasaac/money.png,NARBE Words,#ff5ce1,https://d18vdu4p71yql0.cloudfront.net/libraries/noun-project/Book-thin_864_584233.svg
Money,25,cent,cent,https://d18vdu4p71yql0.cloudfront.net/libraries/arasaac/cent.png,#74a852,,9,https://d18vdu4p71yql0.cloudfront.net/libraries/arasaac/money.png,NARBE Words,#ff5ce1,https://d18vdu4p71yql0.cloudfront.net/libraries/noun-project/Book-thin_864_584233.svg
Money,25,payment,payment,https://d18vdu4p71yql0.cloudfront.net/libraries/arasaac/payment.png,#74a852,,10,https://d18vdu4p71yql0.cloudfront.net/libraries/arasaac/money.png,NARBE Words,#ff5ce1,https://d18vdu4p71yql0.cloudfront.net/libraries/noun-project/Book-thin_864_584233.svg
Money,25,budget,budget,https://d18vdu4p71yql0.cloudfront.net/libraries/sclera/budget.png,#74a852,,11,https://d18vdu4p71yql0.cloudfront.net/libraries/arasaac/money.png,NARBE Words,#ff5ce1,https://d18vdu4p71yql0.cloudfront.net/libraries/noun-project/Book-thin_864_584233.svg
Money,25,bill,bill,https://d18vdu4p71yql0.cloudfront.net/libraries/noun-project/bill_748_581763.svg,#74a852,,12,https://d18vdu4p71yql0.cloudfront.net/libraries/arasaac/money.png,NARBE Words,#ff5ce1,https://d18vdu4p71yql0.cloudfront.net/libraries/noun-project/Book-thin_864_584233.svg
Money,25,mortgage,mortgage,,#74a852,,13,https://d18vdu4p71yql0.cloudfront.net/libraries/arasaac/money.png,NARBE Words,#ff5ce1,https://d18vdu4p71yql0.cloudfront.net/libraries/noun-project/Book-thin_864_584233.svg
Money,25,tax,tax,,#74a852,,14,https://d18vdu4p71yql0.cloudfront.net/libraries/arasaac/money.png,NARBE Words,#ff5ce1,https://d18vdu4p71yql0.cloudfront.net/libraries/noun-project/Book-thin_864_584233.svg
Money,25,tip,tip,,#74a852,,15,https://d18vdu4p71yql0.cloudfront.net/libraries/arasaac/money.png,NARBE Words,#ff5ce1,https://d18vdu4p71yql0.cloudfront.net/libraries/noun-project/Book-thin_864_584233.svg
Money,25,discount,discount,,#74a852,,16,https://d18vdu4p71yql0.cloudfront.net/libraries/arasaac/money.png,NARBE Words,#ff5ce1,https://d18vdu4p71yql0.cloudfront.net/libraries/noun-project/Book-thin_864_584233.svg
Money,25,sale,sale,https://d18vdu4p71yql0.cloudfront.net/libraries/arasaac/dirty.png,#74a852,,17,https://d18vdu4p71yql0.cloudfront.net/libraries/arasaac/money.png,NARBE Words,#ff5ce1,https://d18vdu4p71yql0.cloudfront.net/libraries/noun-project/Book-thin_864_584233.svg
Money,25,refund,refund,,#74a852,,18,https://d18vdu4p71yql0.cloudfront.net/libraries/arasaac/money.png,NARBE Words,#ff5ce1,https://d18vdu4p71yql0.cloudfront.net/libraries/noun-project/Book-thin_864_584233.svg
Money,25,deposit,deposit,,#74a852,,19,https://d18vdu4p71yql0.cloudfront.net/libraries/arasaac/money.png,NARBE Words,#ff5ce1,https://d18vdu4p71yql0.cloudfront.net/libraries/noun-project/Book-thin_864_584233.svg
Money,25,savings,savings,,#74a852,,20,https://d18vdu4p71yql0.cloudfront.net/libraries/arasaac/money.png,NARBE Words,#ff5ce1,https://d18vdu4p71yql0.cloudfront.net/libraries/noun-project/Book-thin_864_584233.svg
Money,25,income,income,,#74a852,,21,https://d18vdu4p71yql0.cloudfront.net/libraries/arasaac/money.png,NARBE Words,#ff5ce1,https://d18vdu4p71yql0.cloudfront.net/libraries/noun-project/Book-thin_864_584233.svg
Money,25,wages,wages,,#74a852,,22,https://d18vdu4p71yql0.cloudfront.net/libraries/arasaac/money.png,NARBE Words,#ff5ce1,https://d18vdu4p71yql0.cloudfront.net/libraries/noun-project/Book-thin_864_584233.svg
Money,25,salary,salary,,#74a852,,23,https://d18vdu4p71yql0.cloudfront.net/libraries/arasaac/money.png,NARBE Words,#ff5ce1,https://d18vdu4p71yql0.cloudfront.net/libraries/noun-project/Book-thin_864_584233.svg
Money,25,benefit,benefit,,#74a852,,24,https://d18vdu4p71yql0.cloudfront.net/libraries/arasaac/money.png,NARBE Words,#ff5ce1,https://d18vdu4p71yql0.cloudfront.net/libraries/noun-project/Book-thin_864_584233.svg
Money,25,pension,pension,https://d18vdu4p71yql0.cloudfront.net/libraries/arasaac/boarding house.png,#74a852,,25,https://d18vdu4p71yql0.cloudfront.net/libraries/arasaac/money.png,NARBE Words,#ff5ce1,https://d18vdu4p71yql0.cloudfront.net/libraries/noun-project/Book-thin_864_584233.svg
Money,25,insurance,insurance,https://d18vdu4p71yql0.cloudfront.net/libraries/arasaac/insurance.png,#74a852,,26,https://d18vdu4p71yql0.cloudfront.net/libraries/arasaac/money.png,NARBE Words,#ff5ce1,https://d18vdu4p71yql0.cloudfront.net/libraries/noun-project/Book-thin_864_584233.svg
Money,25,debt,debt,,#74a852,,27,https://d18vdu4p71yql0.cloudfront.net/libraries/arasaac/money.png,NARBE Words,#ff5ce1,https://d18vdu4p71yql0.cloudfront.net/libraries/noun-project/Book-thin_864_584233.svg
Money,25,loan,loan,,#74a852,,28,https://d18vdu4p71yql0.cloudfront.net/libraries/arasaac/money.png,NARBE Words,#ff5ce1,https://d18vdu4p71yql0.cloudfront.net/libraries/noun-project/Book-thin_864_584233.svg
Money,25,interest,interest,,#74a852,,29,https://d18vdu4p71yql0.cloudfront.net/libraries/arasaac/money.png,NARBE Words,#ff5ce1,https://d18vdu4p71yql0.cloudfront.net/libraries/noun-project/Book-thin_864_584233.svg
Money,25,pound,pound,https://d18vdu4p71yql0.cloudfront.net/libraries/noun-project/Pound-0a15da0306.svg,#74a852,,30,https://d18vdu4p71yql0.cloudfront.net/libraries/arasaac/money.png,NARBE Words,#ff5ce1,https://d18vdu4p71yql0.cloudfront.net/libraries/noun-project/Book-thin_864_584233.svg
Money,25,euro,euro,https://d18vdu4p71yql0.cloudfront.net/libraries/arasaac/euro.png,#74a852,,31,https://d18vdu4p71yql0.cloudfront.net/libraries/arasaac/money.png,NARBE Words,#ff5ce1,https://d18vdu4p71yql0.cloudfront.net/libraries/noun-project/Book-thin_864_584233.svg
Money,25,credit card,credit card,https://d18vdu4p71yql0.cloudfront.net/libraries/arasaac/credit card.png,#74a852,,32,https://d18vdu4p71yql0.cloudfront.net/libraries/arasaac/money.png,NARBE Words,#ff5ce1,https://d18vdu4p71yql0.cloudfront.net/libraries/noun-project/Book-thin_864_584233.svg
Money,25,debit card,debit card,,#74a852,,33,https://d18vdu4p71yql0.cloudfront.net/libraries/arasaac/money.png,NARBE Words,#ff5ce1,https://d18vdu4p71yql0.cloudfront.net/libraries/noun-project/Book-thin_864_584233.svg
Money,25,gift card,gift card,,#74a852,,34,https://d18vdu4p71yql0.cloudfront.net/libraries/arasaac/money.png,NARBE Words,#ff5ce1,https://d18vdu4p71yql0.cloudfront.net/libraries/noun-project/Book-thin_864_584233.svg
Money,25,bank account,bank account,,#74a852,,35,https://d18vdu4p71yql0.cloudfront.net/libraries/arasaac/money.png,NARBE Words,#ff5ce1,https://d18vdu4p71yql0.cloudfront.net/libraries/noun-project/Book-thin_864_584233.svg
Money,25,PIN,PIN,https://d18vdu4p71yql0.cloudfront.net/libraries/arasaac/pin.png,#74a852,,36,https://d18vdu4p71yql0.cloudfront.net/libraries/arasaac/money.png,NARBE Words,#ff5ce1,https://d18vdu4p71yql0.cloudfront.net/libraries/noun-project/Book-thin_864_584233.svg
Money,25,ATM,ATM,https://d18vdu4p71yql0.cloudfront.net/libraries/noun-project/ATM-0a7ed39715.svg,#74a852,,37,https://d18vdu4p71yql0.cloudfront.net/libraries/arasaac/money.png,NARBE Words,#ff5ce1,https://d18vdu4p71yql0.cloudfront.net/libraries/noun-project/Book-thin_864_584233.svg
Money,25,cash machine,cash machine,,#74a852,,38,https://d18vdu4p71yql0.cloudfront.net/libraries/arasaac/money.png,NARBE Words,#ff5ce1,https://d18vdu4p71yql0.cloudfront.net/libraries/noun-project/Book-thin_864_584233.svg
Money,25,checkout,checkout,,#74a852,,39,https://d18vdu4p71yql0.cloudfront.net/libraries/arasaac/money.png,NARBE Words,#ff5ce1,https://d18vdu4p71yql0.cloudfront.net/libraries/noun-project/Book-thin_864_584233.svg
Money,25,cash register,cash register,https://d18vdu4p71yql0.cloudfront.net/libraries/sclera/cash register.png,#74a852,,40,https://d18vdu4p71yql0.cloudfront.net/libraries/arasaac/money.png,NARBE Words,#ff5ce1,https://d18vdu4p71yql0.cloudfront.net/libraries/noun-project/Book-thin_864_584233.svg
Money,25,invoice,invoice,https://d18vdu4p71yql0.cloudfront.net/libraries/arasaac/invoice.png,#74a852,,41,https://d18vdu4p71yql0.cloudfront.net/libraries/arasaac/money.png,NARBE Words,#ff5ce1,https://d18vdu4p71yql0.cloudfront.net/libraries/noun-project/Book-thin_864_584233.svg
Money,25,subscription,subscription,,#74a852,,42,https://d18vdu4p71yql0.cloudfront.net/libraries/arasaac/money.png,NARBE Words,#ff5ce1,https://d18vdu4p71yql0.cloudfront.net/libraries/noun-project/Book-thin_864_584233.svg
Money,25,donation,donation,,#74a852,,43,https://d18vdu4p71yql0.cloudfront.net/libraries/arasaac/money.png,NARBE Words,#ff5ce1,https://d18vdu4p71yql0.cloudfront.net/libraries/noun-project/Book-thin_864_584233.svg
Money,25,charity,charity,https://d18vdu4p71yql0.cloudfront.net/libraries/noun-project/Charity_368_g.svg,#74a852,,44,https://d18vdu4p71yql0.cloudfront.net/libraries/arasaac/money.png,NARBE Words,#ff5ce1,https://d18vdu4p71yql0.cloudfront.net/libraries/noun-project/Book-thin_864_584233.svg
Technology,26,internet,internet,https://d18vdu4p71yql0.cloudfront.net/libraries/arasaac/internet.png,#e3ab50,,1,https://d18vdu4p71yql0.cloudfront.net/libraries/arasaac/technology.png,NARBE Words,#ff5ce1,https://d18vdu4p71yql0.cloudfront.net/libraries/noun-project/Book-thin_864_584233.svg
Technology,26,website,website,https://d18vdu4p71yql0.cloudfront.net/libraries/arasaac/web.png.varianted-skin.png,#e3ab50,,2,https://d18vdu4p71yql0.cloudfront.net/libraries/arasaac/technology.png,NARBE Words,#ff5ce1,https://d18vdu4p71yql0.cloudfront.net/libraries/noun-project/Book-thin_864_584233.svg
Technology,26,email,email,https://d18vdu4p71yql0.cloudfront.net/libraries/arasaac/email.png,#e3ab50,,3,https://d18vdu4p71yql0.cloudfront.net/libraries/arasaac/technology.png,NARBE Words,#ff5ce1,https://d18vdu4p71yql0.cloudfront.net/libraries/noun-project/Book-thin_864_584233.svg
Technology,26,text,text,https://d18vdu4p71yql0.cloudfront.net/libraries/noun-project/text_543_590793.svg,#e3ab50,,4,https://d18vdu4p71yql0.cloudfront.net/libraries/arasaac/technology.png,NARBE Words,#ff5ce1,https://d18vdu4p71yql0.cloudfront.net/libraries/noun-project/Book-thin_864_584233.svg
Technology,26,password,password,,#e3ab50,,5,https://d18vdu4p71yql0.cloudfront.net/libraries/arasaac/technology.png,NARBE Words,#ff5ce1,https://d18vdu4p71yql0.cloudfront.net/libraries/noun-project/Book-thin_864_584233.svg
Technology,26,account,account,,#e3ab50,,6,https://d18vdu4p71yql0.cloudfront.net/libraries/arasaac/technology.png,NARBE Words,#ff5ce1,https://d18vdu4p71yql0.cloudfront.net/libraries/noun-project/Book-thin_864_584233.svg
Technology,26,app,app,,#e3ab50,,7,https://d18vdu4p71yql0.cloudfront.net/libraries/arasaac/technology.png,NARBE Words,#ff5ce1,https://d18vdu4p71yql0.cloudfront.net/libraries/noun-project/Book-thin_864_584233.svg
Technology,26,volume,volume,https://d18vdu4p71yql0.cloudfront.net/libraries/noun-project/Volume_625_g.svg,#e3ab50,,8,https://d18vdu4p71yql0.cloudfront.net/libraries/arasaac/technology.png,NARBE Words,#ff5ce1,https://d18vdu4p71yql0.cloudfront.net/libraries/noun-project/Book-thin_864_584233.svg
Technology,26,channel,channel,,#e3ab50,,9,https://d18vdu4p71yql0.cloudfront.net/libraries/arasaac/technology.png,NARBE Words,#ff5ce1,https://d18vdu4p71yql0.cloudfront.net/libraries/noun-project/Book-thin_864_584233.svg
Technology,26,song,song,https://d18vdu4p71yql0.cloudfront.net/libraries/arasaac/song.png,#e3ab50,,10,https://d18vdu4p71yql0.cloudfront.net/libraries/arasaac/technology.png,NARBE Words,#ff5ce1,https://d18vdu4p71yql0.cloudfront.net/libraries/noun-project/Book-thin_864_584233.svg
Technology,26,movie,movie,https://d18vdu4p71yql0.cloudfront.net/libraries/noun-project/Movie-74e1c61a06.svg,#e3ab50,,11,https://d18vdu4p71yql0.cloudfront.net/libraries/arasaac/technology.png,NARBE Words,#ff5ce1,https://d18vdu4p71yql0.cloudfront.net/libraries/noun-project/Book-thin_864_584233.svg
Technology,26,playlist,playlist,,#e3ab50,,12,https://d18vdu4p71yql0.cloudfront.net/libraries/arasaac/technology.png,NARBE Words,#ff5ce1,https://d18vdu4p71yql0.cloudfront.net/libraries/noun-project/Book-thin_864_584233.svg
Technology,26,episode,episode,,#e3ab50,,13,https://d18vdu4p71yql0.cloudfront.net/libraries/arasaac/technology.png,NARBE Words,#ff5ce1,https://d18vdu4p71yql0.cloudfront.net/libraries/noun-project/Book-thin_864_584233.svg
Technology,26,program,program,https://d18vdu4p71yql0.cloudfront.net/libraries/arasaac/program.png,#e3ab50,,14,https://d18vdu4p71yql0.cloudfront.net/libraries/arasaac/technology.png,NARBE Words,#ff5ce1,https://d18vdu4p71yql0.cloudfront.net/libraries/noun-project/Book-thin_864_584233.svg
Technology,26,caption,caption,https://d18vdu4p71yql0.cloudfront.net/libraries/icomoon/cc.svg,#e3ab50,,15,https://d18vdu4p71yql0.cloudfront.net/libraries/arasaac/technology.png,NARBE Words,#ff5ce1,https://d18vdu4p71yql0.cloudfront.net/libraries/noun-project/Book-thin_864_584233.svg
Technology,26,subtitles,subtitles,https://d18vdu4p71yql0.cloudfront.net/libraries/sclera/subtitles.png,#e3ab50,,16,https://d18vdu4p71yql0.cloudfront.net/libraries/arasaac/technology.png,NARBE Words,#ff5ce1,https://d18vdu4p71yql0.cloudfront.net/libraries/noun-project/Book-thin_864_584233.svg
Technology,26,connection,connection,https://d18vdu4p71yql0.cloudfront.net/libraries/mulberry/connection.svg,#e3ab50,,17,https://d18vdu4p71yql0.cloudfront.net/libraries/arasaac/technology.png,NARBE Words,#ff5ce1,https://d18vdu4p71yql0.cloudfront.net/libraries/noun-project/Book-thin_864_584233.svg
Technology,26,download,download,https://d18vdu4p71yql0.cloudfront.net/libraries/mulberry/download.svg,#e3ab50,,18,https://d18vdu4p71yql0.cloudfront.net/libraries/arasaac/technology.png,NARBE Words,#ff5ce1,https://d18vdu4p71yql0.cloudfront.net/libraries/noun-project/Book-thin_864_584233.svg
Technology,26,upload,upload,https://d18vdu4p71yql0.cloudfront.net/libraries/icomoon/upload3.svg,#e3ab50,,19,https://d18vdu4p71yql0.cloudfront.net/libraries/arasaac/technology.png,NARBE Words,#ff5ce1,https://d18vdu4p71yql0.cloudfront.net/libraries/noun-project/Book-thin_864_584233.svg
Technology,26,search,search,https://d18vdu4p71yql0.cloudfront.net/libraries/icomoon/search.svg,#e3ab50,,20,https://d18vdu4p71yql0.cloudfront.net/libraries/arasaac/technology.png,NARBE Words,#ff5ce1,https://d18vdu4p71yql0.cloudfront.net/libraries/noun-project/Book-thin_864_584233.svg
Technology,26,device,device,https://d18vdu4p71yql0.cloudfront.net/libraries/arasaac/devices.png,#e3ab50,,21,https://d18vdu4p71yql0.cloudfront.net/libraries/arasaac/technology.png,NARBE Words,#ff5ce1,https://d18vdu4p71yql0.cloudfront.net/libraries/noun-project/Book-thin_864_584233.svg
Technology,26,software,software,https://d18vdu4p71yql0.cloudfront.net/libraries/arasaac/software.png,#e3ab50,,22,https://d18vdu4p71yql0.cloudfront.net/libraries/arasaac/technology.png,NARBE Words,#ff5ce1,https://d18vdu4p71yql0.cloudfront.net/libraries/noun-project/Book-thin_864_584233.svg
Technology,26,hardware,hardware,,#e3ab50,,23,https://d18vdu4p71yql0.cloudfront.net/libraries/arasaac/technology.png,NARBE Words,#ff5ce1,https://d18vdu4p71yql0.cloudfront.net/libraries/noun-project/Book-thin_864_584233.svg
Technology,26,file,file,https://d18vdu4p71yql0.cloudfront.net/libraries/arasaac/file.png.varianted-skin.png,#e3ab50,,24,https://d18vdu4p71yql0.cloudfront.net/libraries/arasaac/technology.png,NARBE Words,#ff5ce1,https://d18vdu4p71yql0.cloudfront.net/libraries/noun-project/Book-thin_864_584233.svg
Technology,26,document,document,https://d18vdu4p71yql0.cloudfront.net/libraries/arasaac/document.png,#e3ab50,,25,https://d18vdu4p71yql0.cloudfront.net/libraries/arasaac/technology.png,NARBE Words,#ff5ce1,https://d18vdu4p71yql0.cloudfront.net/libraries/noun-project/Book-thin_864_584233.svg
Technology,26,link,link,https://d18vdu4p71yql0.cloudfront.net/libraries/icomoon/link_1.svg,#e3ab50,,26,https://d18vdu4p71yql0.cloudfront.net/libraries/arasaac/technology.png,NARBE Words,#ff5ce1,https://d18vdu4p71yql0.cloudfront.net/libraries/noun-project/Book-thin_864_584233.svg
Technology,26,browser,browser,https://d18vdu4p71yql0.cloudfront.net/libraries/icomoon/browser.svg,#e3ab50,,27,https://d18vdu4p71yql0.cloudfront.net/libraries/arasaac/technology.png,NARBE Words,#ff5ce1,https://d18vdu4p71yql0.cloudfront.net/libraries/noun-project/Book-thin_864_584233.svg
Technology,26,tab,tab,https://d18vdu4p71yql0.cloudfront.net/libraries/icomoon/tab.svg,#e3ab50,,28,https://d18vdu4p71yql0.cloudfront.net/libraries/arasaac/technology.png,NARBE Words,#ff5ce1,https://d18vdu4p71yql0.cloudfront.net/libraries/noun-project/Book-thin_864_584233.svg
Technology,26,notification,notification,https://d18vdu4p71yql0.cloudfront.net/libraries/icomoon/notification.svg,#e3ab50,,29,https://d18vdu4p71yql0.cloudfront.net/libraries/arasaac/technology.png,NARBE Words,#ff5ce1,https://d18vdu4p71yql0.cloudfront.net/libraries/noun-project/Book-thin_864_584233.svg
Technology,26,alert,alert,https://d18vdu4p71yql0.cloudfront.net/libraries/icon_archive/alert.png,#e3ab50,,30,https://d18vdu4p71yql0.cloudfront.net/libraries/arasaac/technology.png,NARBE Words,#ff5ce1,https://d18vdu4p71yql0.cloudfront.net/libraries/noun-project/Book-thin_864_584233.svg
Technology,26,settings,settings,https://d18vdu4p71yql0.cloudfront.net/libraries/icomoon/settings.svg,#e3ab50,,31,https://d18vdu4p71yql0.cloudfront.net/libraries/arasaac/technology.png,NARBE Words,#ff5ce1,https://d18vdu4p71yql0.cloudfront.net/libraries/noun-project/Book-thin_864_584233.svg
Technology,26,menu,menu,https://d18vdu4p71yql0.cloudfront.net/libraries/arasaac/menu.png,#e3ab50,,32,https://d18vdu4p71yql0.cloudfront.net/libraries/arasaac/technology.png,NARBE Words,#ff5ce1,https://d18vdu4p71yql0.cloudfront.net/libraries/noun-project/Book-thin_864_584233.svg
Technology,26,toolbar,toolbar,,#e3ab50,,33,https://d18vdu4p71yql0.cloudfront.net/libraries/arasaac/technology.png,NARBE Words,#ff5ce1,https://d18vdu4p71yql0.cloudfront.net/libraries/noun-project/Book-thin_864_584233.svg
Technology,26,icon,icon,https://d18vdu4p71yql0.cloudfront.net/libraries/sclera/icons.png,#e3ab50,,34,https://d18vdu4p71yql0.cloudfront.net/libraries/arasaac/technology.png,NARBE Words,#ff5ce1,https://d18vdu4p71yql0.cloudfront.net/libraries/noun-project/Book-thin_864_584233.svg
Technology,26,cursor,cursor,https://d18vdu4p71yql0.cloudfront.net/libraries/icomoon/cursor.svg,#e3ab50,,35,https://d18vdu4p71yql0.cloudfront.net/libraries/arasaac/technology.png,NARBE Words,#ff5ce1,https://d18vdu4p71yql0.cloudfront.net/libraries/noun-project/Book-thin_864_584233.svg
Technology,26,touchscreen,touchscreen,,#e3ab50,,36,https://d18vdu4p71yql0.cloudfront.net/libraries/arasaac/technology.png,NARBE Words,#ff5ce1,https://d18vdu4p71yql0.cloudfront.net/libraries/noun-project/Book-thin_864_584233.svg
Technology,26,trackpad,trackpad,,#e3ab50,,37,https://d18vdu4p71yql0.cloudfront.net/libraries/arasaac/technology.png,NARBE Words,#ff5ce1,https://d18vdu4p71yql0.cloudfront.net/libraries/noun-project/Book-thin_864_584233.svg
Technology,26,printer,printer,https://d18vdu4p71yql0.cloudfront.net/libraries/arasaac/printer.png,#e3ab50,,38,https://d18vdu4p71yql0.cloudfront.net/libraries/arasaac/technology.png,NARBE Words,#ff5ce1,https://d18vdu4p71yql0.cloudfront.net/libraries/noun-project/Book-thin_864_584233.svg
Technology,26,scanner,scanner,https://d18vdu4p71yql0.cloudfront.net/libraries/arasaac/scanner.png,#e3ab50,,39,https://d18vdu4p71yql0.cloudfront.net/libraries/arasaac/technology.png,NARBE Words,#ff5ce1,https://d18vdu4p71yql0.cloudfront.net/libraries/noun-project/Book-thin_864_584233.svg
Technology,26,webcam,webcam,https://d18vdu4p71yql0.cloudfront.net/libraries/arasaac/webcam.png,#e3ab50,,40,https://d18vdu4p71yql0.cloudfront.net/libraries/arasaac/technology.png,NARBE Words,#ff5ce1,https://d18vdu4p71yql0.cloudfront.net/libraries/noun-project/Book-thin_864_584233.svg
Technology,26,router,router,https://d18vdu4p71yql0.cloudfront.net/libraries/arasaac/router.png,#e3ab50,,41,https://d18vdu4p71yql0.cloudfront.net/libraries/arasaac/technology.png,NARBE Words,#ff5ce1,https://d18vdu4p71yql0.cloudfront.net/libraries/noun-project/Book-thin_864_584233.svg
Technology,26,Wi-Fi,Wi-Fi,https://d18vdu4p71yql0.cloudfront.net/libraries/arasaac/wi-fi.png,#e3ab50,,42,https://d18vdu4p71yql0.cloudfront.net/libraries/arasaac/technology.png,NARBE Words,#ff5ce1,https://d18vdu4p71yql0.cloudfront.net/libraries/noun-project/Book-thin_864_584233.svg
Technology,26,Bluetooth,Bluetooth,,#e3ab50,,43,https://d18vdu4p71yql0.cloudfront.net/libraries/arasaac/technology.png,NARBE Words,#ff5ce1,https://d18vdu4p71yql0.cloudfront.net/libraries/noun-project/Book-thin_864_584233.svg
Technology,26,mobile data,mobile data,,#e3ab50,,44,https://d18vdu4p71yql0.cloudfront.net/libraries/arasaac/technology.png,NARBE Words,#ff5ce1,https://d18vdu4p71yql0.cloudfront.net/libraries/noun-project/Book-thin_864_584233.svg
Technology,26,signal,signal,https://d18vdu4p71yql0.cloudfront.net/libraries/arasaac/signal.png,#e3ab50,,45,https://d18vdu4p71yql0.cloudfront.net/libraries/arasaac/technology.png,NARBE Words,#ff5ce1,https://d18vdu4p71yql0.cloudfront.net/libraries/noun-project/Book-thin_864_584233.svg
Technology,26,offline,offline,,#e3ab50,,46,https://d18vdu4p71yql0.cloudfront.net/libraries/arasaac/technology.png,NARBE Words,#ff5ce1,https://d18vdu4p71yql0.cloudfront.net/libraries/noun-project/Book-thin_864_584233.svg
Technology,26,online,online,,#e3ab50,,47,https://d18vdu4p71yql0.cloudfront.net/libraries/arasaac/technology.png,NARBE Words,#ff5ce1,https://d18vdu4p71yql0.cloudfront.net/libraries/noun-project/Book-thin_864_584233.svg
Technology,26,airplane mode,airplane mode,,#e3ab50,,48,https://d18vdu4p71yql0.cloudfront.net/libraries/arasaac/technology.png,NARBE Words,#ff5ce1,https://d18vdu4p71yql0.cloudfront.net/libraries/noun-project/Book-thin_864_584233.svg
Technology,26,brightness,brightness,https://d18vdu4p71yql0.cloudfront.net/libraries/noun-project/brightness_977_645482.svg,#e3ab50,,49,https://d18vdu4p71yql0.cloudfront.net/libraries/arasaac/technology.png,NARBE Words,#ff5ce1,https://d18vdu4p71yql0.cloudfront.net/libraries/noun-project/Book-thin_864_584233.svg
Technology,26,contrast,contrast,https://d18vdu4p71yql0.cloudfront.net/libraries/icomoon/contrast.svg,#e3ab50,,50,https://d18vdu4p71yql0.cloudfront.net/libraries/arasaac/technology.png,NARBE Words,#ff5ce1,https://d18vdu4p71yql0.cloudfront.net/libraries/noun-project/Book-thin_864_584233.svg
Technology,26,font,font,https://d18vdu4p71yql0.cloudfront.net/libraries/icomoon/font.svg,#e3ab50,,51,https://d18vdu4p71yql0.cloudfront.net/libraries/arasaac/technology.png,NARBE Words,#ff5ce1,https://d18vdu4p71yql0.cloudfront.net/libraries/noun-project/Book-thin_864_584233.svg
Technology,26,text size,text size,https://d18vdu4p71yql0.cloudfront.net/libraries/noun-project/Text-Size_305_g.svg,#e3ab50,,52,https://d18vdu4p71yql0.cloudfront.net/libraries/arasaac/technology.png,NARBE Words,#ff5ce1,https://d18vdu4p71yql0.cloudfront.net/libraries/noun-project/Book-thin_864_584233.svg
Technology,26,voice,voice,,#e3ab50,,53,https://d18vdu4p71yql0.cloudfront.net/libraries/arasaac/technology.png,NARBE Words,#ff5ce1,https://d18vdu4p71yql0.cloudfront.net/libraries/noun-project/Book-thin_864_584233.svg
Technology,26,speech,speech,https://d18vdu4p71yql0.cloudfront.net/libraries/noun-project/Speech-d22ec91627.svg,#e3ab50,,54,https://d18vdu4p71yql0.cloudfront.net/libraries/arasaac/technology.png,NARBE Words,#ff5ce1,https://d18vdu4p71yql0.cloudfront.net/libraries/noun-project/Book-thin_864_584233.svg
Technology,26,speech rate,speech rate,,#e3ab50,,55,https://d18vdu4p71yql0.cloudfront.net/libraries/arasaac/technology.png,NARBE Words,#ff5ce1,https://d18vdu4p71yql0.cloudfront.net/libraries/noun-project/Book-thin_864_584233.svg
Technology,26,prediction,prediction,,#e3ab50,,56,https://d18vdu4p71yql0.cloudfront.net/libraries/arasaac/technology.png,NARBE Words,#ff5ce1,https://d18vdu4p71yql0.cloudfront.net/libraries/noun-project/Book-thin_864_584233.svg
Technology,26,suggestion,suggestion,https://d18vdu4p71yql0.cloudfront.net/libraries/arasaac/suggestion.png.varianted-skin.png,#e3ab50,,57,https://d18vdu4p71yql0.cloudfront.net/libraries/arasaac/technology.png,NARBE Words,#ff5ce1,https://d18vdu4p71yql0.cloudfront.net/libraries/noun-project/Book-thin_864_584233.svg
Technology,26,autocorrect,autocorrect,,#e3ab50,,58,https://d18vdu4p71yql0.cloudfront.net/libraries/arasaac/technology.png,NARBE Words,#ff5ce1,https://d18vdu4p71yql0.cloudfront.net/libraries/noun-project/Book-thin_864_584233.svg
Technology,26,scan speed,scan speed,,#e3ab50,,59,https://d18vdu4p71yql0.cloudfront.net/libraries/arasaac/technology.png,NARBE Words,#ff5ce1,https://d18vdu4p71yql0.cloudfront.net/libraries/noun-project/Book-thin_864_584233.svg
Technology,26,switch access,switch access,https://d18vdu4p71yql0.cloudfront.net/libraries/mulberry/switch access.svg,#e3ab50,,60,https://d18vdu4p71yql0.cloudfront.net/libraries/arasaac/technology.png,NARBE Words,#ff5ce1,https://d18vdu4p71yql0.cloudfront.net/libraries/noun-project/Book-thin_864_584233.svg
Technology,26,backup,backup,,#e3ab50,,61,https://d18vdu4p71yql0.cloudfront.net/libraries/arasaac/technology.png,NARBE Words,#ff5ce1,https://d18vdu4p71yql0.cloudfront.net/libraries/noun-project/Book-thin_864_584233.svg
Technology,26,storage,storage,https://d18vdu4p71yql0.cloudfront.net/libraries/icomoon/storage.svg,#e3ab50,,62,https://d18vdu4p71yql0.cloudfront.net/libraries/arasaac/technology.png,NARBE Words,#ff5ce1,https://d18vdu4p71yql0.cloudfront.net/libraries/noun-project/Book-thin_864_584233.svg
Technology,26,memory card,memory card,https://d18vdu4p71yql0.cloudfront.net/libraries/mulberry/memory card.svg,#e3ab50,,63,https://d18vdu4p71yql0.cloudfront.net/libraries/arasaac/technology.png,NARBE Words,#ff5ce1,https://d18vdu4p71yql0.cloudfront.net/libraries/noun-project/Book-thin_864_584233.svg
Technology,26,USB,USB,https://d18vdu4p71yql0.cloudfront.net/libraries/noun-project/USB-83d87d942b.svg,#e3ab50,,64,https://d18vdu4p71yql0.cloudfront.net/libraries/arasaac/technology.png,NARBE Words,#ff5ce1,https://d18vdu4p71yql0.cloudfront.net/libraries/noun-project/Book-thin_864_584233.svg
Technology,26,charging,charging,,#e3ab50,,65,https://d18vdu4p71yql0.cloudfront.net/libraries/arasaac/technology.png,NARBE Words,#ff5ce1,https://d18vdu4p71yql0.cloudfront.net/libraries/noun-project/Book-thin_864_584233.svg
Technology,26,low battery,low battery,https://d18vdu4p71yql0.cloudfront.net/libraries/noun-project/low-battery_621_g.svg,#e3ab50,,66,https://d18vdu4p71yql0.cloudfront.net/libraries/arasaac/technology.png,NARBE Words,#ff5ce1,https://d18vdu4p71yql0.cloudfront.net/libraries/noun-project/Book-thin_864_584233.svg
Technology,26,power,power,https://d18vdu4p71yql0.cloudfront.net/libraries/noun-project/Power-507e147585.svg,#e3ab50,,67,https://d18vdu4p71yql0.cloudfront.net/libraries/arasaac/technology.png,NARBE Words,#ff5ce1,https://d18vdu4p71yql0.cloudfront.net/libraries/noun-project/Book-thin_864_584233.svg
Technology,26,power button,power button,,#e3ab50,,68,https://d18vdu4p71yql0.cloudfront.net/libraries/arasaac/technology.png,NARBE Words,#ff5ce1,https://d18vdu4p71yql0.cloudfront.net/libraries/noun-project/Book-thin_864_584233.svg
Technology,26,play button,play button,https://d18vdu4p71yql0.cloudfront.net/libraries/twemoji/25b6.svg,#e3ab50,,69,https://d18vdu4p71yql0.cloudfront.net/libraries/arasaac/technology.png,NARBE Words,#ff5ce1,https://d18vdu4p71yql0.cloudfront.net/libraries/noun-project/Book-thin_864_584233.svg
Technology,26,pause button,pause button,https://d18vdu4p71yql0.cloudfront.net/libraries/twemoji/23f8.svg,#e3ab50,,70,https://d18vdu4p71yql0.cloudfront.net/libraries/arasaac/technology.png,NARBE Words,#ff5ce1,https://d18vdu4p71yql0.cloudfront.net/libraries/noun-project/Book-thin_864_584233.svg
Technology,26,stop button,stop button,https://d18vdu4p71yql0.cloudfront.net/libraries/twemoji/23f9.svg,#e3ab50,,71,https://d18vdu4p71yql0.cloudfront.net/libraries/arasaac/technology.png,NARBE Words,#ff5ce1,https://d18vdu4p71yql0.cloudfront.net/libraries/noun-project/Book-thin_864_584233.svg
Technology,26,next track,next track,,#e3ab50,,72,https://d18vdu4p71yql0.cloudfront.net/libraries/arasaac/technology.png,NARBE Words,#ff5ce1,https://d18vdu4p71yql0.cloudfront.net/libraries/noun-project/Book-thin_864_584233.svg
Technology,26,previous track,previous track,,#e3ab50,,73,https://d18vdu4p71yql0.cloudfront.net/libraries/arasaac/technology.png,NARBE Words,#ff5ce1,https://d18vdu4p71yql0.cloudfront.net/libraries/noun-project/Book-thin_864_584233.svg
Technology,26,repeat song,repeat song,,#e3ab50,,74,https://d18vdu4p71yql0.cloudfront.net/libraries/arasaac/technology.png,NARBE Words,#ff5ce1,https://d18vdu4p71yql0.cloudfront.net/libraries/noun-project/Book-thin_864_584233.svg
Technology,26,shuffle,shuffle,https://d18vdu4p71yql0.cloudfront.net/libraries/noun-project/Shuffle-87dc759ced.svg,#e3ab50,,75,https://d18vdu4p71yql0.cloudfront.net/libraries/arasaac/technology.png,NARBE Words,#ff5ce1,https://d18vdu4p71yql0.cloudfront.net/libraries/noun-project/Book-thin_864_584233.svg
Technology,26,fullscreen,fullscreen,https://d18vdu4p71yql0.cloudfront.net/libraries/noun-project/Fullscreen-92b4d99a77.svg,#e3ab50,,76,https://d18vdu4p71yql0.cloudfront.net/libraries/arasaac/technology.png,NARBE Words,#ff5ce1,https://d18vdu4p71yql0.cloudfront.net/libraries/noun-project/Book-thin_864_584233.svg
Technology,26,video call,video call,https://d18vdu4p71yql0.cloudfront.net/libraries/icon_archive/video_call.png,#e3ab50,,77,https://d18vdu4p71yql0.cloudfront.net/libraries/arasaac/technology.png,NARBE Words,#ff5ce1,https://d18vdu4p71yql0.cloudfront.net/libraries/noun-project/Book-thin_864_584233.svg
Technology,26,voicemail,voicemail,https://d18vdu4p71yql0.cloudfront.net/libraries/icomoon/voicemail.svg,#e3ab50,,78,https://d18vdu4p71yql0.cloudfront.net/libraries/arasaac/technology.png,NARBE Words,#ff5ce1,https://d18vdu4p71yql0.cloudfront.net/libraries/noun-project/Book-thin_864_584233.svg
Technology,26,contact list,contact list,,#e3ab50,,79,https://d18vdu4p71yql0.cloudfront.net/libraries/arasaac/technology.png,NARBE Words,#ff5ce1,https://d18vdu4p71yql0.cloudfront.net/libraries/noun-project/Book-thin_864_584233.svg
Technology,26,social media,social media,https://d18vdu4p71yql0.cloudfront.net/libraries/noun-project/Social Media-6212b35b9d.svg,#e3ab50,,80,https://d18vdu4p71yql0.cloudfront.net/libraries/arasaac/technology.png,NARBE Words,#ff5ce1,https://d18vdu4p71yql0.cloudfront.net/libraries/noun-project/Book-thin_864_584233.svg
Technology,26,podcast,podcast,https://d18vdu4p71yql0.cloudfront.net/libraries/icomoon/podcast.svg,#e3ab50,,81,https://d18vdu4p71yql0.cloudfront.net/libraries/arasaac/technology.png,NARBE Words,#ff5ce1,https://d18vdu4p71yql0.cloudfront.net/libraries/noun-project/Book-thin_864_584233.svg
Technology,26,audiobook,audiobook,https://d18vdu4p71yql0.cloudfront.net/libraries/sclera/audiobook.png,#e3ab50,,82,https://d18vdu4p71yql0.cloudfront.net/libraries/arasaac/technology.png,NARBE Words,#ff5ce1,https://d18vdu4p71yql0.cloudfront.net/libraries/noun-project/Book-thin_864_584233.svg
Technology,26,radio,radio,https://d18vdu4p71yql0.cloudfront.net/libraries/arasaac/radio.png,#e3ab50,,83,https://d18vdu4p71yql0.cloudfront.net/libraries/arasaac/technology.png,NARBE Words,#ff5ce1,https://d18vdu4p71yql0.cloudfront.net/libraries/noun-project/Book-thin_864_584233.svg
Technology,26,live stream,live stream,,#e3ab50,,84,https://d18vdu4p71yql0.cloudfront.net/libraries/arasaac/technology.png,NARBE Words,#ff5ce1,https://d18vdu4p71yql0.cloudfront.net/libraries/noun-project/Book-thin_864_584233.svg
Technology,26,advertisement,advertisement,https://d18vdu4p71yql0.cloudfront.net/libraries/arasaac/advertisement.png,#e3ab50,,85,https://d18vdu4p71yql0.cloudfront.net/libraries/arasaac/technology.png,NARBE Words,#ff5ce1,https://d18vdu4p71yql0.cloudfront.net/libraries/noun-project/Book-thin_864_584233.svg
Technology,26,ad,ad,,#e3ab50,,86,https://d18vdu4p71yql0.cloudfront.net/libraries/arasaac/technology.png,NARBE Words,#ff5ce1,https://d18vdu4p71yql0.cloudfront.net/libraries/noun-project/Book-thin_864_584233.svg
Technology,26,error,error,https://d18vdu4p71yql0.cloudfront.net/libraries/arasaac/bug.png,#e3ab50,,87,https://d18vdu4p71yql0.cloudfront.net/libraries/arasaac/technology.png,NARBE Words,#ff5ce1,https://d18vdu4p71yql0.cloudfront.net/libraries/noun-project/Book-thin_864_584233.svg
Technology,26,update available,update available,,#e3ab50,,88,https://d18vdu4p71yql0.cloudfront.net/libraries/arasaac/technology.png,NARBE Words,#ff5ce1,https://d18vdu4p71yql0.cloudfront.net/libraries/noun-project/Book-thin_864_584233.svg
Technology,26,restart device,restart device,,#e3ab50,,89,https://d18vdu4p71yql0.cloudfront.net/libraries/arasaac/technology.png,NARBE Words,#ff5ce1,https://d18vdu4p71yql0.cloudfront.net/libraries/noun-project/Book-thin_864_584233.svg
School,27,lesson,lesson,,#5894c8,,1,https://d18vdu4p71yql0.cloudfront.net/libraries/arasaac/school.png,NARBE Words,#ff5ce1,https://d18vdu4p71yql0.cloudfront.net/libraries/noun-project/Book-thin_864_584233.svg
School,27,homework,homework,https://d18vdu4p71yql0.cloudfront.net/libraries/arasaac/homework.png,#5894c8,,2,https://d18vdu4p71yql0.cloudfront.net/libraries/arasaac/school.png,NARBE Words,#ff5ce1,https://d18vdu4p71yql0.cloudfront.net/libraries/noun-project/Book-thin_864_584233.svg
School,27,test,test,https://d18vdu4p71yql0.cloudfront.net/libraries/mulberry/test.svg.varianted-skin.svg,#5894c8,,3,https://d18vdu4p71yql0.cloudfront.net/libraries/arasaac/school.png,NARBE Words,#ff5ce1,https://d18vdu4p71yql0.cloudfront.net/libraries/noun-project/Book-thin_864_584233.svg
School,27,class,class,https://d18vdu4p71yql0.cloudfront.net/libraries/arasaac/class.png.varianted-skin.png,#5894c8,,4,https://d18vdu4p71yql0.cloudfront.net/libraries/arasaac/school.png,NARBE Words,#ff5ce1,https://d18vdu4p71yql0.cloudfront.net/libraries/noun-project/Book-thin_864_584233.svg
School,27,subject,subject,https://d18vdu4p71yql0.cloudfront.net/libraries/arasaac/subject.png.varianted-skin.png,#5894c8,,5,https://d18vdu4p71yql0.cloudfront.net/libraries/arasaac/school.png,NARBE Words,#ff5ce1,https://d18vdu4p71yql0.cloudfront.net/libraries/noun-project/Book-thin_864_584233.svg
School,27,math,math,https://d18vdu4p71yql0.cloudfront.net/libraries/mulberry/maths.svg,#5894c8,,6,https://d18vdu4p71yql0.cloudfront.net/libraries/arasaac/school.png,NARBE Words,#ff5ce1,https://d18vdu4p71yql0.cloudfront.net/libraries/noun-project/Book-thin_864_584233.svg
School,27,science,science,https://d18vdu4p71yql0.cloudfront.net/libraries/arasaac/science.png,#5894c8,,7,https://d18vdu4p71yql0.cloudfront.net/libraries/arasaac/school.png,NARBE Words,#ff5ce1,https://d18vdu4p71yql0.cloudfront.net/libraries/noun-project/Book-thin_864_584233.svg
School,27,history,history,https://d18vdu4p71yql0.cloudfront.net/libraries/mulberry/history.svg,#5894c8,,8,https://d18vdu4p71yql0.cloudfront.net/libraries/arasaac/school.png,NARBE Words,#ff5ce1,https://d18vdu4p71yql0.cloudfront.net/libraries/noun-project/Book-thin_864_584233.svg
School,27,art,art,https://d18vdu4p71yql0.cloudfront.net/libraries/mulberry/art.svg,#5894c8,,9,https://d18vdu4p71yql0.cloudfront.net/libraries/arasaac/school.png,NARBE Words,#ff5ce1,https://d18vdu4p71yql0.cloudfront.net/libraries/noun-project/Book-thin_864_584233.svg
School,27,language,language,https://d18vdu4p71yql0.cloudfront.net/libraries/arasaac/language.png,#5894c8,,10,https://d18vdu4p71yql0.cloudfront.net/libraries/arasaac/school.png,NARBE Words,#ff5ce1,https://d18vdu4p71yql0.cloudfront.net/libraries/noun-project/Book-thin_864_584233.svg
School,27,story,story,https://d18vdu4p71yql0.cloudfront.net/libraries/arasaac/tale_1.png,#5894c8,,11,https://d18vdu4p71yql0.cloudfront.net/libraries/arasaac/school.png,NARBE Words,#ff5ce1,https://d18vdu4p71yql0.cloudfront.net/libraries/noun-project/Book-thin_864_584233.svg
School,27,letter,letter,https://d18vdu4p71yql0.cloudfront.net/libraries/arasaac/letter.png,#5894c8,,12,https://d18vdu4p71yql0.cloudfront.net/libraries/arasaac/school.png,NARBE Words,#ff5ce1,https://d18vdu4p71yql0.cloudfront.net/libraries/noun-project/Book-thin_864_584233.svg
School,27,word,word,https://d18vdu4p71yql0.cloudfront.net/libraries/arasaac/word.png,#5894c8,,13,https://d18vdu4p71yql0.cloudfront.net/libraries/arasaac/school.png,NARBE Words,#ff5ce1,https://d18vdu4p71yql0.cloudfront.net/libraries/noun-project/Book-thin_864_584233.svg
School,27,sentence,sentence,https://d18vdu4p71yql0.cloudfront.net/libraries/tawasol/Sentence.png,#5894c8,,14,https://d18vdu4p71yql0.cloudfront.net/libraries/arasaac/school.png,NARBE Words,#ff5ce1,https://d18vdu4p71yql0.cloudfront.net/libraries/noun-project/Book-thin_864_584233.svg
School,27,page,page,https://d18vdu4p71yql0.cloudfront.net/libraries/arasaac/page.png,#5894c8,,15,https://d18vdu4p71yql0.cloudfront.net/libraries/arasaac/school.png,NARBE Words,#ff5ce1,https://d18vdu4p71yql0.cloudfront.net/libraries/noun-project/Book-thin_864_584233.svg
School,27,number,number,https://d18vdu4p71yql0.cloudfront.net/libraries/arasaac/number 30.png,#5894c8,,16,https://d18vdu4p71yql0.cloudfront.net/libraries/arasaac/school.png,NARBE Words,#ff5ce1,https://d18vdu4p71yql0.cloudfront.net/libraries/noun-project/Book-thin_864_584233.svg
School,27,spelling,spelling,https://d18vdu4p71yql0.cloudfront.net/libraries/sclera/spelling.png,#5894c8,,17,https://d18vdu4p71yql0.cloudfront.net/libraries/arasaac/school.png,NARBE Words,#ff5ce1,https://d18vdu4p71yql0.cloudfront.net/libraries/noun-project/Book-thin_864_584233.svg
School,27,education,education,https://d18vdu4p71yql0.cloudfront.net/libraries/arasaac/education.png,#5894c8,,18,https://d18vdu4p71yql0.cloudfront.net/libraries/arasaac/school.png,NARBE Words,#ff5ce1,https://d18vdu4p71yql0.cloudfront.net/libraries/noun-project/Book-thin_864_584233.svg
School,27,learning,learning,https://d18vdu4p71yql0.cloudfront.net/libraries/noun-project/Learning_13_g.svg,#5894c8,,19,https://d18vdu4p71yql0.cloudfront.net/libraries/arasaac/school.png,NARBE Words,#ff5ce1,https://d18vdu4p71yql0.cloudfront.net/libraries/noun-project/Book-thin_864_584233.svg
School,27,classwork,classwork,,#5894c8,,20,https://d18vdu4p71yql0.cloudfront.net/libraries/arasaac/school.png,NARBE Words,#ff5ce1,https://d18vdu4p71yql0.cloudfront.net/libraries/noun-project/Book-thin_864_584233.svg
School,27,assignment,assignment,,#5894c8,,21,https://d18vdu4p71yql0.cloudfront.net/libraries/arasaac/school.png,NARBE Words,#ff5ce1,https://d18vdu4p71yql0.cloudfront.net/libraries/noun-project/Book-thin_864_584233.svg
School,27,project,project,https://d18vdu4p71yql0.cloudfront.net/libraries/arasaac/to project_1.png.varianted-skin.png,#5894c8,,22,https://d18vdu4p71yql0.cloudfront.net/libraries/arasaac/school.png,NARBE Words,#ff5ce1,https://d18vdu4p71yql0.cloudfront.net/libraries/noun-project/Book-thin_864_584233.svg
School,27,worksheet,worksheet,https://d18vdu4p71yql0.cloudfront.net/libraries/mulberry/worksheet.svg,#5894c8,,23,https://d18vdu4p71yql0.cloudfront.net/libraries/arasaac/school.png,NARBE Words,#ff5ce1,https://d18vdu4p71yql0.cloudfront.net/libraries/noun-project/Book-thin_864_584233.svg
School,27,quiz,quiz,https://d18vdu4p71yql0.cloudfront.net/libraries/sclera/quiz.png,#5894c8,,24,https://d18vdu4p71yql0.cloudfront.net/libraries/arasaac/school.png,NARBE Words,#ff5ce1,https://d18vdu4p71yql0.cloudfront.net/libraries/noun-project/Book-thin_864_584233.svg
School,27,exam,exam,,#5894c8,,25,https://d18vdu4p71yql0.cloudfront.net/libraries/arasaac/school.png,NARBE Words,#ff5ce1,https://d18vdu4p71yql0.cloudfront.net/libraries/noun-project/Book-thin_864_584233.svg
School,27,grade,grade,https://d18vdu4p71yql0.cloudfront.net/libraries/arasaac/grill.png,#5894c8,,26,https://d18vdu4p71yql0.cloudfront.net/libraries/arasaac/school.png,NARBE Words,#ff5ce1,https://d18vdu4p71yql0.cloudfront.net/libraries/noun-project/Book-thin_864_584233.svg
School,27,mark,mark,https://d18vdu4p71yql0.cloudfront.net/libraries/arasaac/field.png,#5894c8,,27,https://d18vdu4p71yql0.cloudfront.net/libraries/arasaac/school.png,NARBE Words,#ff5ce1,https://d18vdu4p71yql0.cloudfront.net/libraries/noun-project/Book-thin_864_584233.svg
School,27,result,result,https://d18vdu4p71yql0.cloudfront.net/libraries/arasaac/result.png,#5894c8,,28,https://d18vdu4p71yql0.cloudfront.net/libraries/arasaac/school.png,NARBE Words,#ff5ce1,https://d18vdu4p71yql0.cloudfront.net/libraries/noun-project/Book-thin_864_584233.svg
School,27,report card,report card,https://d18vdu4p71yql0.cloudfront.net/libraries/sclera/report card.png,#5894c8,,29,https://d18vdu4p71yql0.cloudfront.net/libraries/arasaac/school.png,NARBE Words,#ff5ce1,https://d18vdu4p71yql0.cloudfront.net/libraries/noun-project/Book-thin_864_584233.svg
School,27,diploma,diploma,https://d18vdu4p71yql0.cloudfront.net/libraries/noun-project/Diploma_508_88134.svg,#5894c8,,30,https://d18vdu4p71yql0.cloudfront.net/libraries/arasaac/school.png,NARBE Words,#ff5ce1,https://d18vdu4p71yql0.cloudfront.net/libraries/noun-project/Book-thin_864_584233.svg
School,27,degree,degree,https://d18vdu4p71yql0.cloudfront.net/libraries/noun-project/degree_923_111249.svg,#5894c8,,31,https://d18vdu4p71yql0.cloudfront.net/libraries/arasaac/school.png,NARBE Words,#ff5ce1,https://d18vdu4p71yql0.cloudfront.net/libraries/noun-project/Book-thin_864_584233.svg
School,27,certificate,certificate,https://d18vdu4p71yql0.cloudfront.net/libraries/mulberry/certificate.svg,#5894c8,,32,https://d18vdu4p71yql0.cloudfront.net/libraries/arasaac/school.png,NARBE Words,#ff5ce1,https://d18vdu4p71yql0.cloudfront.net/libraries/noun-project/Book-thin_864_584233.svg
School,27,course,course,https://d18vdu4p71yql0.cloudfront.net/libraries/arasaac/course.png.varianted-skin.png,#5894c8,,33,https://d18vdu4p71yql0.cloudfront.net/libraries/arasaac/school.png,NARBE Words,#ff5ce1,https://d18vdu4p71yql0.cloudfront.net/libraries/noun-project/Book-thin_864_584233.svg
School,27,lecture,lecture,https://d18vdu4p71yql0.cloudfront.net/libraries/arasaac/lecture.png.varianted-skin.png,#5894c8,,34,https://d18vdu4p71yql0.cloudfront.net/libraries/arasaac/school.png,NARBE Words,#ff5ce1,https://d18vdu4p71yql0.cloudfront.net/libraries/noun-project/Book-thin_864_584233.svg
School,27,seminar,seminar,,#5894c8,,35,https://d18vdu4p71yql0.cloudfront.net/libraries/arasaac/school.png,NARBE Words,#ff5ce1,https://d18vdu4p71yql0.cloudfront.net/libraries/noun-project/Book-thin_864_584233.svg
School,27,discussion,discussion,https://d18vdu4p71yql0.cloudfront.net/libraries/noun-project/discussion_377_382066.svg,#5894c8,,36,https://d18vdu4p71yql0.cloudfront.net/libraries/arasaac/school.png,NARBE Words,#ff5ce1,https://d18vdu4p71yql0.cloudfront.net/libraries/noun-project/Book-thin_864_584233.svg
School,27,presentation,presentation,https://d18vdu4p71yql0.cloudfront.net/libraries/arasaac/presentation.png.varianted-skin.png,#5894c8,,37,https://d18vdu4p71yql0.cloudfront.net/libraries/arasaac/school.png,NARBE Words,#ff5ce1,https://d18vdu4p71yql0.cloudfront.net/libraries/noun-project/Book-thin_864_584233.svg
School,27,research,research,https://d18vdu4p71yql0.cloudfront.net/libraries/icon_archive/research.png,#5894c8,,38,https://d18vdu4p71yql0.cloudfront.net/libraries/arasaac/school.png,NARBE Words,#ff5ce1,https://d18vdu4p71yql0.cloudfront.net/libraries/noun-project/Book-thin_864_584233.svg
School,27,library book,library book,,#5894c8,,39,https://d18vdu4p71yql0.cloudfront.net/libraries/arasaac/school.png,NARBE Words,#ff5ce1,https://d18vdu4p71yql0.cloudfront.net/libraries/noun-project/Book-thin_864_584233.svg
School,27,textbook,textbook,,#5894c8,,40,https://d18vdu4p71yql0.cloudfront.net/libraries/arasaac/school.png,NARBE Words,#ff5ce1,https://d18vdu4p71yql0.cloudfront.net/libraries/noun-project/Book-thin_864_584233.svg
School,27,dictionary,dictionary,https://d18vdu4p71yql0.cloudfront.net/libraries/arasaac/dictionary.png,#5894c8,,41,https://d18vdu4p71yql0.cloudfront.net/libraries/arasaac/school.png,NARBE Words,#ff5ce1,https://d18vdu4p71yql0.cloudfront.net/libraries/noun-project/Book-thin_864_584233.svg
School,27,alphabet,alphabet,https://d18vdu4p71yql0.cloudfront.net/libraries/arasaac/alphabet.png,#5894c8,,42,https://d18vdu4p71yql0.cloudfront.net/libraries/arasaac/school.png,NARBE Words,#ff5ce1,https://d18vdu4p71yql0.cloudfront.net/libraries/noun-project/Book-thin_864_584233.svg
School,27,vowel,vowel,,#5894c8,,43,https://d18vdu4p71yql0.cloudfront.net/libraries/arasaac/school.png,NARBE Words,#ff5ce1,https://d18vdu4p71yql0.cloudfront.net/libraries/noun-project/Book-thin_864_584233.svg
School,27,consonant,consonant,,#5894c8,,44,https://d18vdu4p71yql0.cloudfront.net/libraries/arasaac/school.png,NARBE Words,#ff5ce1,https://d18vdu4p71yql0.cloudfront.net/libraries/noun-project/Book-thin_864_584233.svg
School,27,syllable,syllable,,#5894c8,,45,https://d18vdu4p71yql0.cloudfront.net/libraries/arasaac/school.png,NARBE Words,#ff5ce1,https://d18vdu4p71yql0.cloudfront.net/libraries/noun-project/Book-thin_864_584233.svg
School,27,punctuation,punctuation,https://d18vdu4p71yql0.cloudfront.net/libraries/sclera/punctuation.png,#5894c8,,46,https://d18vdu4p71yql0.cloudfront.net/libraries/arasaac/school.png,NARBE Words,#ff5ce1,https://d18vdu4p71yql0.cloudfront.net/libraries/noun-project/Book-thin_864_584233.svg
School,27,comma,comma,https://d18vdu4p71yql0.cloudfront.net/libraries/arasaac/comma.png,#5894c8,,47,https://d18vdu4p71yql0.cloudfront.net/libraries/arasaac/school.png,NARBE Words,#ff5ce1,https://d18vdu4p71yql0.cloudfront.net/libraries/noun-project/Book-thin_864_584233.svg
School,27,question mark,question mark,https://d18vdu4p71yql0.cloudfront.net/libraries/arasaac/question mark.png,#5894c8,,48,https://d18vdu4p71yql0.cloudfront.net/libraries/arasaac/school.png,NARBE Words,#ff5ce1,https://d18vdu4p71yql0.cloudfront.net/libraries/noun-project/Book-thin_864_584233.svg
School,27,capital letter,capital letter,,#5894c8,,49,https://d18vdu4p71yql0.cloudfront.net/libraries/arasaac/school.png,NARBE Words,#ff5ce1,https://d18vdu4p71yql0.cloudfront.net/libraries/noun-project/Book-thin_864_584233.svg
School,27,paragraph,paragraph,,#5894c8,,50,https://d18vdu4p71yql0.cloudfront.net/libraries/arasaac/school.png,NARBE Words,#ff5ce1,https://d18vdu4p71yql0.cloudfront.net/libraries/noun-project/Book-thin_864_584233.svg
School,27,chapter,chapter,,#5894c8,,51,https://d18vdu4p71yql0.cloudfront.net/libraries/arasaac/school.png,NARBE Words,#ff5ce1,https://d18vdu4p71yql0.cloudfront.net/libraries/noun-project/Book-thin_864_584233.svg
School,27,title,title,,#5894c8,,52,https://d18vdu4p71yql0.cloudfront.net/libraries/arasaac/school.png,NARBE Words,#ff5ce1,https://d18vdu4p71yql0.cloudfront.net/libraries/noun-project/Book-thin_864_584233.svg
School,27,author,author,,#5894c8,,53,https://d18vdu4p71yql0.cloudfront.net/libraries/arasaac/school.png,NARBE Words,#ff5ce1,https://d18vdu4p71yql0.cloudfront.net/libraries/noun-project/Book-thin_864_584233.svg
School,27,poem,poem,https://d18vdu4p71yql0.cloudfront.net/libraries/arasaac/poems.png,#5894c8,,54,https://d18vdu4p71yql0.cloudfront.net/libraries/arasaac/school.png,NARBE Words,#ff5ce1,https://d18vdu4p71yql0.cloudfront.net/libraries/noun-project/Book-thin_864_584233.svg
School,27,poetry,poetry,https://d18vdu4p71yql0.cloudfront.net/libraries/arasaac/poetry.png,#5894c8,,55,https://d18vdu4p71yql0.cloudfront.net/libraries/arasaac/school.png,NARBE Words,#ff5ce1,https://d18vdu4p71yql0.cloudfront.net/libraries/noun-project/Book-thin_864_584233.svg
School,27,essay,essay,,#5894c8,,56,https://d18vdu4p71yql0.cloudfront.net/libraries/arasaac/school.png,NARBE Words,#ff5ce1,https://d18vdu4p71yql0.cloudfront.net/libraries/noun-project/Book-thin_864_584233.svg
School,27,novel,novel,,#5894c8,,57,https://d18vdu4p71yql0.cloudfront.net/libraries/arasaac/school.png,NARBE Words,#ff5ce1,https://d18vdu4p71yql0.cloudfront.net/libraries/noun-project/Book-thin_864_584233.svg
School,27,fiction,fiction,,#5894c8,,58,https://d18vdu4p71yql0.cloudfront.net/libraries/arasaac/school.png,NARBE Words,#ff5ce1,https://d18vdu4p71yql0.cloudfront.net/libraries/noun-project/Book-thin_864_584233.svg
School,27,nonfiction,nonfiction,,#5894c8,,59,https://d18vdu4p71yql0.cloudfront.net/libraries/arasaac/school.png,NARBE Words,#ff5ce1,https://d18vdu4p71yql0.cloudfront.net/libraries/noun-project/Book-thin_864_584233.svg
School,27,geography,geography,https://d18vdu4p71yql0.cloudfront.net/libraries/mulberry/geography.svg,#5894c8,,60,https://d18vdu4p71yql0.cloudfront.net/libraries/arasaac/school.png,NARBE Words,#ff5ce1,https://d18vdu4p71yql0.cloudfront.net/libraries/noun-project/Book-thin_864_584233.svg
School,27,biology,biology,https://d18vdu4p71yql0.cloudfront.net/libraries/noun-project/Biology-8b1a23dfad.svg,#5894c8,,61,https://d18vdu4p71yql0.cloudfront.net/libraries/arasaac/school.png,NARBE Words,#ff5ce1,https://d18vdu4p71yql0.cloudfront.net/libraries/noun-project/Book-thin_864_584233.svg
School,27,chemistry,chemistry,,#5894c8,,62,https://d18vdu4p71yql0.cloudfront.net/libraries/arasaac/school.png,NARBE Words,#ff5ce1,https://d18vdu4p71yql0.cloudfront.net/libraries/noun-project/Book-thin_864_584233.svg
School,27,physics,physics,,#5894c8,,63,https://d18vdu4p71yql0.cloudfront.net/libraries/arasaac/school.png,NARBE Words,#ff5ce1,https://d18vdu4p71yql0.cloudfront.net/libraries/noun-project/Book-thin_864_584233.svg
School,27,music class,music class,https://d18vdu4p71yql0.cloudfront.net/libraries/mulberry/music class.svg.varianted-skin.svg,#5894c8,,64,https://d18vdu4p71yql0.cloudfront.net/libraries/arasaac/school.png,NARBE Words,#ff5ce1,https://d18vdu4p71yql0.cloudfront.net/libraries/noun-project/Book-thin_864_584233.svg
School,27,physical education,physical education,https://d18vdu4p71yql0.cloudfront.net/libraries/arasaac/physical education.png.varianted-skin.png,#5894c8,,65,https://d18vdu4p71yql0.cloudfront.net/libraries/arasaac/school.png,NARBE Words,#ff5ce1,https://d18vdu4p71yql0.cloudfront.net/libraries/noun-project/Book-thin_864_584233.svg
School,27,PE,PE,https://d18vdu4p71yql0.cloudfront.net/libraries/mulberry/PE.svg.varianted-skin.svg,#5894c8,,66,https://d18vdu4p71yql0.cloudfront.net/libraries/arasaac/school.png,NARBE Words,#ff5ce1,https://d18vdu4p71yql0.cloudfront.net/libraries/noun-project/Book-thin_864_584233.svg
School,27,computing,computing,,#5894c8,,67,https://d18vdu4p71yql0.cloudfront.net/libraries/arasaac/school.png,NARBE Words,#ff5ce1,https://d18vdu4p71yql0.cloudfront.net/libraries/noun-project/Book-thin_864_584233.svg
School,27,technology class,technology class,,#5894c8,,68,https://d18vdu4p71yql0.cloudfront.net/libraries/arasaac/school.png,NARBE Words,#ff5ce1,https://d18vdu4p71yql0.cloudfront.net/libraries/noun-project/Book-thin_864_584233.svg
School,27,calculation,calculation,,#5894c8,,69,https://d18vdu4p71yql0.cloudfront.net/libraries/arasaac/school.png,NARBE Words,#ff5ce1,https://d18vdu4p71yql0.cloudfront.net/libraries/noun-project/Book-thin_864_584233.svg
School,27,sum,sum,https://d18vdu4p71yql0.cloudfront.net/libraries/mulberry/sum.svg,#5894c8,,70,https://d18vdu4p71yql0.cloudfront.net/libraries/arasaac/school.png,NARBE Words,#ff5ce1,https://d18vdu4p71yql0.cloudfront.net/libraries/noun-project/Book-thin_864_584233.svg
School,27,fraction,fraction,https://d18vdu4p71yql0.cloudfront.net/libraries/arasaac/fraction.png,#5894c8,,71,https://d18vdu4p71yql0.cloudfront.net/libraries/arasaac/school.png,NARBE Words,#ff5ce1,https://d18vdu4p71yql0.cloudfront.net/libraries/noun-project/Book-thin_864_584233.svg
School,27,decimal,decimal,,#5894c8,,72,https://d18vdu4p71yql0.cloudfront.net/libraries/arasaac/school.png,NARBE Words,#ff5ce1,https://d18vdu4p71yql0.cloudfront.net/libraries/noun-project/Book-thin_864_584233.svg
School,27,shape,shape,https://d18vdu4p71yql0.cloudfront.net/libraries/noun-project/shape_135_g.svg,#5894c8,,73,https://d18vdu4p71yql0.cloudfront.net/libraries/arasaac/school.png,NARBE Words,#ff5ce1,https://d18vdu4p71yql0.cloudfront.net/libraries/noun-project/Book-thin_864_584233.svg
School,27,pattern,pattern,https://d18vdu4p71yql0.cloudfront.net/libraries/noun-project/pattern_857_g.svg,#5894c8,,74,https://d18vdu4p71yql0.cloudfront.net/libraries/arasaac/school.png,NARBE Words,#ff5ce1,https://d18vdu4p71yql0.cloudfront.net/libraries/noun-project/Book-thin_864_584233.svg
School,27,length,length,https://d18vdu4p71yql0.cloudfront.net/libraries/arasaac/length.png,#5894c8,,75,https://d18vdu4p71yql0.cloudfront.net/libraries/arasaac/school.png,NARBE Words,#ff5ce1,https://d18vdu4p71yql0.cloudfront.net/libraries/noun-project/Book-thin_864_584233.svg
School,27,width,width,https://d18vdu4p71yql0.cloudfront.net/libraries/arasaac/width.png,#5894c8,,76,https://d18vdu4p71yql0.cloudfront.net/libraries/arasaac/school.png,NARBE Words,#ff5ce1,https://d18vdu4p71yql0.cloudfront.net/libraries/noun-project/Book-thin_864_584233.svg
School,27,height,height,https://d18vdu4p71yql0.cloudfront.net/libraries/arasaac/height.png.varianted-skin.png,#5894c8,,77,https://d18vdu4p71yql0.cloudfront.net/libraries/arasaac/school.png,NARBE Words,#ff5ce1,https://d18vdu4p71yql0.cloudfront.net/libraries/noun-project/Book-thin_864_584233.svg
School,27,weight,weight,https://d18vdu4p71yql0.cloudfront.net/libraries/noun-project/Weight-a7b124f0d7.svg,#5894c8,,78,https://d18vdu4p71yql0.cloudfront.net/libraries/arasaac/school.png,NARBE Words,#ff5ce1,https://d18vdu4p71yql0.cloudfront.net/libraries/noun-project/Book-thin_864_584233.svg
School,27,area,area,,#5894c8,,79,https://d18vdu4p71yql0.cloudfront.net/libraries/arasaac/school.png,NARBE Words,#ff5ce1,https://d18vdu4p71yql0.cloudfront.net/libraries/noun-project/Book-thin_864_584233.svg
School,27,unit,unit,,#5894c8,,80,https://d18vdu4p71yql0.cloudfront.net/libraries/arasaac/school.png,NARBE Words,#ff5ce1,https://d18vdu4p71yql0.cloudfront.net/libraries/noun-project/Book-thin_864_584233.svg
School,27,meter,meter,https://d18vdu4p71yql0.cloudfront.net/libraries/icomoon/meter.svg,#5894c8,,81,https://d18vdu4p71yql0.cloudfront.net/libraries/arasaac/school.png,NARBE Words,#ff5ce1,https://d18vdu4p71yql0.cloudfront.net/libraries/noun-project/Book-thin_864_584233.svg
School,27,centimeter,centimeter,,#5894c8,,82,https://d18vdu4p71yql0.cloudfront.net/libraries/arasaac/school.png,NARBE Words,#ff5ce1,https://d18vdu4p71yql0.cloudfront.net/libraries/noun-project/Book-thin_864_584233.svg
School,27,inch,inch,,#5894c8,,83,https://d18vdu4p71yql0.cloudfront.net/libraries/arasaac/school.png,NARBE Words,#ff5ce1,https://d18vdu4p71yql0.cloudfront.net/libraries/noun-project/Book-thin_864_584233.svg
School,27,liter,liter,,#5894c8,,84,https://d18vdu4p71yql0.cloudfront.net/libraries/arasaac/school.png,NARBE Words,#ff5ce1,https://d18vdu4p71yql0.cloudfront.net/libraries/noun-project/Book-thin_864_584233.svg
School,27,milliliter,milliliter,,#5894c8,,85,https://d18vdu4p71yql0.cloudfront.net/libraries/arasaac/school.png,NARBE Words,#ff5ce1,https://d18vdu4p71yql0.cloudfront.net/libraries/noun-project/Book-thin_864_584233.svg
School,27,gram,gram,,#5894c8,,86,https://d18vdu4p71yql0.cloudfront.net/libraries/arasaac/school.png,NARBE Words,#ff5ce1,https://d18vdu4p71yql0.cloudfront.net/libraries/noun-project/Book-thin_864_584233.svg
School,27,kilogram,kilogram,https://d18vdu4p71yql0.cloudfront.net/libraries/arasaac/kilogram.png,#5894c8,,87,https://d18vdu4p71yql0.cloudfront.net/libraries/arasaac/school.png,NARBE Words,#ff5ce1,https://d18vdu4p71yql0.cloudfront.net/libraries/noun-project/Book-thin_864_584233.svg
School,27,ounce,ounce,,#5894c8,,88,https://d18vdu4p71yql0.cloudfront.net/libraries/arasaac/school.png,NARBE Words,#ff5ce1,https://d18vdu4p71yql0.cloudfront.net/libraries/noun-project/Book-thin_864_584233.svg
School,27,experiment,experiment,https://d18vdu4p71yql0.cloudfront.net/libraries/arasaac/experiment.png,#5894c8,,89,https://d18vdu4p71yql0.cloudfront.net/libraries/arasaac/school.png,NARBE Words,#ff5ce1,https://d18vdu4p71yql0.cloudfront.net/libraries/noun-project/Book-thin_864_584233.svg
School,27,observation,observation,,#5894c8,,90,https://d18vdu4p71yql0.cloudfront.net/libraries/arasaac/school.png,NARBE Words,#ff5ce1,https://d18vdu4p71yql0.cloudfront.net/libraries/noun-project/Book-thin_864_584233.svg
School,27,fact,fact,,#5894c8,,91,https://d18vdu4p71yql0.cloudfront.net/libraries/arasaac/school.png,NARBE Words,#ff5ce1,https://d18vdu4p71yql0.cloudfront.net/libraries/noun-project/Book-thin_864_584233.svg
School,27,evidence,evidence,https://d18vdu4p71yql0.cloudfront.net/libraries/arasaac/records.png,#5894c8,,92,https://d18vdu4p71yql0.cloudfront.net/libraries/arasaac/school.png,NARBE Words,#ff5ce1,https://d18vdu4p71yql0.cloudfront.net/libraries/noun-project/Book-thin_864_584233.svg
School,27,instructions,instructions,,#5894c8,,93,https://d18vdu4p71yql0.cloudfront.net/libraries/arasaac/school.png,NARBE Words,#ff5ce1,https://d18vdu4p71yql0.cloudfront.net/libraries/noun-project/Book-thin_864_584233.svg
School,27,recess,recess,,#5894c8,,94,https://d18vdu4p71yql0.cloudfront.net/libraries/arasaac/school.png,NARBE Words,#ff5ce1,https://d18vdu4p71yql0.cloudfront.net/libraries/noun-project/Book-thin_864_584233.svg
School,27,assembly,assembly,https://d18vdu4p71yql0.cloudfront.net/libraries/mulberry/assembly.svg.varianted-skin.svg,#5894c8,,95,https://d18vdu4p71yql0.cloudfront.net/libraries/arasaac/school.png,NARBE Words,#ff5ce1,https://d18vdu4p71yql0.cloudfront.net/libraries/noun-project/Book-thin_864_584233.svg
School,27,field trip,field trip,,#5894c8,,96,https://d18vdu4p71yql0.cloudfront.net/libraries/arasaac/school.png,NARBE Words,#ff5ce1,https://d18vdu4p71yql0.cloudfront.net/libraries/noun-project/Book-thin_864_584233.svg
School,27,school bus,school bus,https://d18vdu4p71yql0.cloudfront.net/libraries/noun-project/School-Bus_428_596697.svg,#5894c8,,97,https://d18vdu4p71yql0.cloudfront.net/libraries/arasaac/school.png,NARBE Words,#ff5ce1,https://d18vdu4p71yql0.cloudfront.net/libraries/noun-project/Book-thin_864_584233.svg
School,27,lunch break,lunch break,,#5894c8,,98,https://d18vdu4p71yql0.cloudfront.net/libraries/arasaac/school.png,NARBE Words,#ff5ce1,https://d18vdu4p71yql0.cloudfront.net/libraries/noun-project/Book-thin_864_584233.svg
Adverbs,28,very,very,https://d18vdu4p71yql0.cloudfront.net/libraries/arasaac/very.png,#86b7d6,,1,,NARBE Words,#ff5ce1,https://d18vdu4p71yql0.cloudfront.net/libraries/noun-project/Book-thin_864_584233.svg
Adverbs,28,really,really,,#86b7d6,,2,,NARBE Words,#ff5ce1,https://d18vdu4p71yql0.cloudfront.net/libraries/noun-project/Book-thin_864_584233.svg
Adverbs,28,too,too,,#86b7d6,,3,,NARBE Words,#ff5ce1,https://d18vdu4p71yql0.cloudfront.net/libraries/noun-project/Book-thin_864_584233.svg
Adverbs,28,quite,quite,,#86b7d6,,4,,NARBE Words,#ff5ce1,https://d18vdu4p71yql0.cloudfront.net/libraries/noun-project/Book-thin_864_584233.svg
Adverbs,28,rather,rather,,#86b7d6,,5,,NARBE Words,#ff5ce1,https://d18vdu4p71yql0.cloudfront.net/libraries/noun-project/Book-thin_864_584233.svg
Adverbs,28,pretty,pretty,https://d18vdu4p71yql0.cloudfront.net/libraries/arasaac/pretty.png,#86b7d6,,6,,NARBE Words,#ff5ce1,https://d18vdu4p71yql0.cloudfront.net/libraries/noun-project/Book-thin_864_584233.svg
Adverbs,28,so much,so much,,#86b7d6,,7,,NARBE Words,#ff5ce1,https://d18vdu4p71yql0.cloudfront.net/libraries/noun-project/Book-thin_864_584233.svg
Adverbs,28,almost,almost,https://d18vdu4p71yql0.cloudfront.net/libraries/tawasol/almost.png,#86b7d6,,8,,NARBE Words,#ff5ce1,https://d18vdu4p71yql0.cloudfront.net/libraries/noun-project/Book-thin_864_584233.svg
Adverbs,28,nearly,nearly,,#86b7d6,,9,,NARBE Words,#ff5ce1,https://d18vdu4p71yql0.cloudfront.net/libraries/noun-project/Book-thin_864_584233.svg
Adverbs,28,just,just,,#86b7d6,,10,,NARBE Words,#ff5ce1,https://d18vdu4p71yql0.cloudfront.net/libraries/noun-project/Book-thin_864_584233.svg
Adverbs,28,even,even,https://d18vdu4p71yql0.cloudfront.net/libraries/arasaac/even.png,#86b7d6,,11,,NARBE Words,#ff5ce1,https://d18vdu4p71yql0.cloudfront.net/libraries/noun-project/Book-thin_864_584233.svg
Adverbs,28,still,still,https://d18vdu4p71yql0.cloudfront.net/libraries/noun-project/still_501_g.svg,#86b7d6,,12,,NARBE Words,#ff5ce1,https://d18vdu4p71yql0.cloudfront.net/libraries/noun-project/Book-thin_864_584233.svg
Adverbs,28,already,already,,#86b7d6,,13,,NARBE Words,#ff5ce1,https://d18vdu4p71yql0.cloudfront.net/libraries/noun-project/Book-thin_864_584233.svg
Adverbs,28,yet,yet,,#86b7d6,,14,,NARBE Words,#ff5ce1,https://d18vdu4p71yql0.cloudfront.net/libraries/noun-project/Book-thin_864_584233.svg
Adverbs,28,ever,ever,,#86b7d6,,15,,NARBE Words,#ff5ce1,https://d18vdu4p71yql0.cloudfront.net/libraries/noun-project/Book-thin_864_584233.svg
Adverbs,28,never,never,https://d18vdu4p71yql0.cloudfront.net/libraries/arasaac/never.png,#86b7d6,,16,,NARBE Words,#ff5ce1,https://d18vdu4p71yql0.cloudfront.net/libraries/noun-project/Book-thin_864_584233.svg
Adverbs,28,always,always,https://d18vdu4p71yql0.cloudfront.net/libraries/arasaac/always.png,#86b7d6,,17,,NARBE Words,#ff5ce1,https://d18vdu4p71yql0.cloudfront.net/libraries/noun-project/Book-thin_864_584233.svg
Adverbs,28,usually,usually,,#86b7d6,,18,,NARBE Words,#ff5ce1,https://d18vdu4p71yql0.cloudfront.net/libraries/noun-project/Book-thin_864_584233.svg
Adverbs,28,often,often,,#86b7d6,,19,,NARBE Words,#ff5ce1,https://d18vdu4p71yql0.cloudfront.net/libraries/noun-project/Book-thin_864_584233.svg
Adverbs,28,sometimes,sometimes,https://d18vdu4p71yql0.cloudfront.net/libraries/arasaac/sometimes.png,#86b7d6,,20,,NARBE Words,#ff5ce1,https://d18vdu4p71yql0.cloudfront.net/libraries/noun-project/Book-thin_864_584233.svg
Adverbs,28,rarely,rarely,,#86b7d6,,21,,NARBE Words,#ff5ce1,https://d18vdu4p71yql0.cloudfront.net/libraries/noun-project/Book-thin_864_584233.svg
Adverbs,28,seldom,seldom,,#86b7d6,,22,,NARBE Words,#ff5ce1,https://d18vdu4p71yql0.cloudfront.net/libraries/noun-project/Book-thin_864_584233.svg
Adverbs,28,frequently,frequently,,#86b7d6,,23,,NARBE Words,#ff5ce1,https://d18vdu4p71yql0.cloudfront.net/libraries/noun-project/Book-thin_864_584233.svg
Adverbs,28,occasionally,occasionally,,#86b7d6,,24,,NARBE Words,#ff5ce1,https://d18vdu4p71yql0.cloudfront.net/libraries/noun-project/Book-thin_864_584233.svg
Adverbs,28,normally,normally,,#86b7d6,,25,,NARBE Words,#ff5ce1,https://d18vdu4p71yql0.cloudfront.net/libraries/noun-project/Book-thin_864_584233.svg
Adverbs,28,generally,generally,,#86b7d6,,26,,NARBE Words,#ff5ce1,https://d18vdu4p71yql0.cloudfront.net/libraries/noun-project/Book-thin_864_584233.svg
Adverbs,28,mostly,mostly,,#86b7d6,,27,,NARBE Words,#ff5ce1,https://d18vdu4p71yql0.cloudfront.net/libraries/noun-project/Book-thin_864_584233.svg
Adverbs,28,especially,especially,,#86b7d6,,28,,NARBE Words,#ff5ce1,https://d18vdu4p71yql0.cloudfront.net/libraries/noun-project/Book-thin_864_584233.svg
Adverbs,28,particularly,particularly,,#86b7d6,,29,,NARBE Words,#ff5ce1,https://d18vdu4p71yql0.cloudfront.net/libraries/noun-project/Book-thin_864_584233.svg
Adverbs,28,actually,actually,,#86b7d6,,30,,NARBE Words,#ff5ce1,https://d18vdu4p71yql0.cloudfront.net/libraries/noun-project/Book-thin_864_584233.svg
Adverbs,28,basically,basically,,#86b7d6,,31,,NARBE Words,#ff5ce1,https://d18vdu4p71yql0.cloudfront.net/libraries/noun-project/Book-thin_864_584233.svg
Adverbs,28,simply,simply,,#86b7d6,,32,,NARBE Words,#ff5ce1,https://d18vdu4p71yql0.cloudfront.net/libraries/noun-project/Book-thin_864_584233.svg
Adverbs,28,exactly,exactly,,#86b7d6,,33,,NARBE Words,#ff5ce1,https://d18vdu4p71yql0.cloudfront.net/libraries/noun-project/Book-thin_864_584233.svg
Adverbs,28,approximately,approximately,,#86b7d6,,34,,NARBE Words,#ff5ce1,https://d18vdu4p71yql0.cloudfront.net/libraries/noun-project/Book-thin_864_584233.svg
Adverbs,28,roughly,roughly,,#86b7d6,,35,,NARBE Words,#ff5ce1,https://d18vdu4p71yql0.cloudfront.net/libraries/noun-project/Book-thin_864_584233.svg
Adverbs,28,completely,completely,,#86b7d6,,36,,NARBE Words,#ff5ce1,https://d18vdu4p71yql0.cloudfront.net/libraries/noun-project/Book-thin_864_584233.svg
Adverbs,28,totally,totally,,#86b7d6,,37,,NARBE Words,#ff5ce1,https://d18vdu4p71yql0.cloudfront.net/libraries/noun-project/Book-thin_864_584233.svg
Adverbs,28,partly,partly,,#86b7d6,,38,,NARBE Words,#ff5ce1,https://d18vdu4p71yql0.cloudfront.net/libraries/noun-project/Book-thin_864_584233.svg
Adverbs,28,slightly,slightly,,#86b7d6,,39,,NARBE Words,#ff5ce1,https://d18vdu4p71yql0.cloudfront.net/libraries/noun-project/Book-thin_864_584233.svg
Adverbs,28,barely,barely,,#86b7d6,,40,,NARBE Words,#ff5ce1,https://d18vdu4p71yql0.cloudfront.net/libraries/noun-project/Book-thin_864_584233.svg
Adverbs,28,hardly,hardly,,#86b7d6,,41,,NARBE Words,#ff5ce1,https://d18vdu4p71yql0.cloudfront.net/libraries/noun-project/Book-thin_864_584233.svg
Adverbs,28,definitely,definitely,,#86b7d6,,42,,NARBE Words,#ff5ce1,https://d18vdu4p71yql0.cloudfront.net/libraries/noun-project/Book-thin_864_584233.svg
Adverbs,28,possibly,possibly,,#86b7d6,,43,,NARBE Words,#ff5ce1,https://d18vdu4p71yql0.cloudfront.net/libraries/noun-project/Book-thin_864_584233.svg
Adverbs,28,apparently,apparently,,#86b7d6,,44,,NARBE Words,#ff5ce1,https://d18vdu4p71yql0.cloudfront.net/libraries/noun-project/Book-thin_864_584233.svg
Adverbs,28,clearly,clearly,,#86b7d6,,45,,NARBE Words,#ff5ce1,https://d18vdu4p71yql0.cloudfront.net/libraries/noun-project/Book-thin_864_584233.svg
Adverbs,28,obviously,obviously,,#86b7d6,,46,,NARBE Words,#ff5ce1,https://d18vdu4p71yql0.cloudfront.net/libraries/noun-project/Book-thin_864_584233.svg
Adverbs,28,honestly,honestly,,#86b7d6,,47,,NARBE Words,#ff5ce1,https://d18vdu4p71yql0.cloudfront.net/libraries/noun-project/Book-thin_864_584233.svg
Adverbs,28,seriously,seriously,,#86b7d6,,48,,NARBE Words,#ff5ce1,https://d18vdu4p71yql0.cloudfront.net/libraries/noun-project/Book-thin_864_584233.svg
Adverbs,28,hopefully,hopefully,,#86b7d6,,49,,NARBE Words,#ff5ce1,https://d18vdu4p71yql0.cloudfront.net/libraries/noun-project/Book-thin_864_584233.svg
Adverbs,28,luckily,luckily,,#86b7d6,,50,,NARBE Words,#ff5ce1,https://d18vdu4p71yql0.cloudfront.net/libraries/noun-project/Book-thin_864_584233.svg
Adverbs,28,unfortunately,unfortunately,,#86b7d6,,51,,NARBE Words,#ff5ce1,https://d18vdu4p71yql0.cloudfront.net/libraries/noun-project/Book-thin_864_584233.svg
Adverbs,28,suddenly,suddenly,,#86b7d6,,52,,NARBE Words,#ff5ce1,https://d18vdu4p71yql0.cloudfront.net/libraries/noun-project/Book-thin_864_584233.svg
Adverbs,28,gradually,gradually,,#86b7d6,,53,,NARBE Words,#ff5ce1,https://d18vdu4p71yql0.cloudfront.net/libraries/noun-project/Book-thin_864_584233.svg
Adverbs,28,immediately,immediately,,#86b7d6,,54,,NARBE Words,#ff5ce1,https://d18vdu4p71yql0.cloudfront.net/libraries/noun-project/Book-thin_864_584233.svg
Adverbs,28,eventually,eventually,,#86b7d6,,55,,NARBE Words,#ff5ce1,https://d18vdu4p71yql0.cloudfront.net/libraries/noun-project/Book-thin_864_584233.svg
Adverbs,28,finally,finally,,#86b7d6,,56,,NARBE Words,#ff5ce1,https://d18vdu4p71yql0.cloudfront.net/libraries/noun-project/Book-thin_864_584233.svg
Adverbs,28,recently,recently,,#86b7d6,,57,,NARBE Words,#ff5ce1,https://d18vdu4p71yql0.cloudfront.net/libraries/noun-project/Book-thin_864_584233.svg
Adverbs,28,previously,previously,,#86b7d6,,58,,NARBE Words,#ff5ce1,https://d18vdu4p71yql0.cloudfront.net/libraries/noun-project/Book-thin_864_584233.svg
Adverbs,28,currently,currently,,#86b7d6,,59,,NARBE Words,#ff5ce1,https://d18vdu4p71yql0.cloudfront.net/libraries/noun-project/Book-thin_864_584233.svg
Adverbs,28,originally,originally,,#86b7d6,,60,,NARBE Words,#ff5ce1,https://d18vdu4p71yql0.cloudfront.net/libraries/noun-project/Book-thin_864_584233.svg
Adverbs,28,lately,lately,,#86b7d6,,61,,NARBE Words,#ff5ce1,https://d18vdu4p71yql0.cloudfront.net/libraries/noun-project/Book-thin_864_584233.svg
Adverbs,28,ago,ago,https://d18vdu4p71yql0.cloudfront.net/libraries/arasaac/needle_1.png,#86b7d6,,62,,NARBE Words,#ff5ce1,https://d18vdu4p71yql0.cloudfront.net/libraries/noun-project/Book-thin_864_584233.svg
Adverbs,28,anymore,anymore,,#86b7d6,,63,,NARBE Words,#ff5ce1,https://d18vdu4p71yql0.cloudfront.net/libraries/noun-project/Book-thin_864_584233.svg
Adverbs,28,anyway,anyway,,#86b7d6,,64,,NARBE Words,#ff5ce1,https://d18vdu4p71yql0.cloudfront.net/libraries/noun-project/Book-thin_864_584233.svg
Adverbs,28,somehow,somehow,,#86b7d6,,65,,NARBE Words,#ff5ce1,https://d18vdu4p71yql0.cloudfront.net/libraries/noun-project/Book-thin_864_584233.svg
Adverbs,28,altogether,altogether,,#86b7d6,,66,,NARBE Words,#ff5ce1,https://d18vdu4p71yql0.cloudfront.net/libraries/noun-project/Book-thin_864_584233.svg
Adverbs,28,abroad,abroad,,#86b7d6,,67,,NARBE Words,#ff5ce1,https://d18vdu4p71yql0.cloudfront.net/libraries/noun-project/Book-thin_864_584233.svg
Adverbs,28,apart,apart,,#86b7d6,,68,,NARBE Words,#ff5ce1,https://d18vdu4p71yql0.cloudfront.net/libraries/noun-project/Book-thin_864_584233.svg
Adverbs,28,indoors,indoors,,#86b7d6,,69,,NARBE Words,#ff5ce1,https://d18vdu4p71yql0.cloudfront.net/libraries/noun-project/Book-thin_864_584233.svg
Adverbs,28,outdoors,outdoors,,#86b7d6,,70,,NARBE Words,#ff5ce1,https://d18vdu4p71yql0.cloudfront.net/libraries/noun-project/Book-thin_864_584233.svg
Adverbs,28,slowly,slowly,,#86b7d6,,71,,NARBE Words,#ff5ce1,https://d18vdu4p71yql0.cloudfront.net/libraries/noun-project/Book-thin_864_584233.svg
Adverbs,28,quickly,quickly,https://d18vdu4p71yql0.cloudfront.net/libraries/arasaac/quickly.png,#86b7d6,,72,,NARBE Words,#ff5ce1,https://d18vdu4p71yql0.cloudfront.net/libraries/noun-project/Book-thin_864_584233.svg
Adverbs,28,carefully,carefully,,#86b7d6,,73,,NARBE Words,#ff5ce1,https://d18vdu4p71yql0.cloudfront.net/libraries/noun-project/Book-thin_864_584233.svg
Adverbs,28,gently,gently,,#86b7d6,,74,,NARBE Words,#ff5ce1,https://d18vdu4p71yql0.cloudfront.net/libraries/noun-project/Book-thin_864_584233.svg
Adverbs,28,quietly,quietly,,#86b7d6,,75,,NARBE Words,#ff5ce1,https://d18vdu4p71yql0.cloudfront.net/libraries/noun-project/Book-thin_864_584233.svg
Adverbs,28,loudly,loudly,,#86b7d6,,76,,NARBE Words,#ff5ce1,https://d18vdu4p71yql0.cloudfront.net/libraries/noun-project/Book-thin_864_584233.svg
Adverbs,28,easily,easily,,#86b7d6,,77,,NARBE Words,#ff5ce1,https://d18vdu4p71yql0.cloudfront.net/libraries/noun-project/Book-thin_864_584233.svg
Adverbs,28,safely,safely,,#86b7d6,,78,,NARBE Words,#ff5ce1,https://d18vdu4p71yql0.cloudfront.net/libraries/noun-project/Book-thin_864_584233.svg
Adverbs,28,independently,independently,,#86b7d6,,79,,NARBE Words,#ff5ce1,https://d18vdu4p71yql0.cloudfront.net/libraries/noun-project/Book-thin_864_584233.svg
Adverbs,28,separately,separately,,#86b7d6,,80,,NARBE Words,#ff5ce1,https://d18vdu4p71yql0.cloudfront.net/libraries/noun-project/Book-thin_864_584233.svg
Adverbs,28,properly,properly,,#86b7d6,,81,,NARBE Words,#ff5ce1,https://d18vdu4p71yql0.cloudfront.net/libraries/noun-project/Book-thin_864_584233.svg
Adverbs,28,correctly,correctly,,#86b7d6,,82,,NARBE Words,#ff5ce1,https://d18vdu4p71yql0.cloudfront.net/libraries/noun-project/Book-thin_864_584233.svg
Adverbs,28,differently,differently,,#86b7d6,,83,,NARBE Words,#ff5ce1,https://d18vdu4p71yql0.cloudfront.net/libraries/noun-project/Book-thin_864_584233.svg
Adverbs,28,equally,equally,,#86b7d6,,84,,NARBE Words,#ff5ce1,https://d18vdu4p71yql0.cloudfront.net/libraries/noun-project/Book-thin_864_584233.svg
Adverbs,28,twice,twice,,#86b7d6,,85,,NARBE Words,#ff5ce1,https://d18vdu4p71yql0.cloudfront.net/libraries/noun-project/Book-thin_864_584233.svg
Contractions,29,I'm,I'm,,#86b7d6,,1,https://d18vdu4p71yql0.cloudfront.net/libraries/sclera/contractions.png,NARBE Words,#ff5ce1,https://d18vdu4p71yql0.cloudfront.net/libraries/noun-project/Book-thin_864_584233.svg
Contractions,29,you're,you're,,#86b7d6,,2,https://d18vdu4p71yql0.cloudfront.net/libraries/sclera/contractions.png,NARBE Words,#ff5ce1,https://d18vdu4p71yql0.cloudfront.net/libraries/noun-project/Book-thin_864_584233.svg
Contractions,29,he's,he's,,#86b7d6,,3,https://d18vdu4p71yql0.cloudfront.net/libraries/sclera/contractions.png,NARBE Words,#ff5ce1,https://d18vdu4p71yql0.cloudfront.net/libraries/noun-project/Book-thin_864_584233.svg
Contractions,29,she's,she's,,#86b7d6,,4,https://d18vdu4p71yql0.cloudfront.net/libraries/sclera/contractions.png,NARBE Words,#ff5ce1,https://d18vdu4p71yql0.cloudfront.net/libraries/noun-project/Book-thin_864_584233.svg
Contractions,29,it's,it's,,#86b7d6,,5,https://d18vdu4p71yql0.cloudfront.net/libraries/sclera/contractions.png,NARBE Words,#ff5ce1,https://d18vdu4p71yql0.cloudfront.net/libraries/noun-project/Book-thin_864_584233.svg
Contractions,29,we're,we're,,#86b7d6,,6,https://d18vdu4p71yql0.cloudfront.net/libraries/sclera/contractions.png,NARBE Words,#ff5ce1,https://d18vdu4p71yql0.cloudfront.net/libraries/noun-project/Book-thin_864_584233.svg
Contractions,29,they're,they're,,#86b7d6,,7,https://d18vdu4p71yql0.cloudfront.net/libraries/sclera/contractions.png,NARBE Words,#ff5ce1,https://d18vdu4p71yql0.cloudfront.net/libraries/noun-project/Book-thin_864_584233.svg
Contractions,29,I've,I've,,#86b7d6,,8,https://d18vdu4p71yql0.cloudfront.net/libraries/sclera/contractions.png,NARBE Words,#ff5ce1,https://d18vdu4p71yql0.cloudfront.net/libraries/noun-project/Book-thin_864_584233.svg
Contractions,29,you've,you've,,#86b7d6,,9,https://d18vdu4p71yql0.cloudfront.net/libraries/sclera/contractions.png,NARBE Words,#ff5ce1,https://d18vdu4p71yql0.cloudfront.net/libraries/noun-project/Book-thin_864_584233.svg
Contractions,29,we've,we've,,#86b7d6,,10,https://d18vdu4p71yql0.cloudfront.net/libraries/sclera/contractions.png,NARBE Words,#ff5ce1,https://d18vdu4p71yql0.cloudfront.net/libraries/noun-project/Book-thin_864_584233.svg
Contractions,29,they've,they've,,#86b7d6,,11,https://d18vdu4p71yql0.cloudfront.net/libraries/sclera/contractions.png,NARBE Words,#ff5ce1,https://d18vdu4p71yql0.cloudfront.net/libraries/noun-project/Book-thin_864_584233.svg
Contractions,29,I'd,I'd,,#86b7d6,,12,https://d18vdu4p71yql0.cloudfront.net/libraries/sclera/contractions.png,NARBE Words,#ff5ce1,https://d18vdu4p71yql0.cloudfront.net/libraries/noun-project/Book-thin_864_584233.svg
Contractions,29,you'd,you'd,,#86b7d6,,13,https://d18vdu4p71yql0.cloudfront.net/libraries/sclera/contractions.png,NARBE Words,#ff5ce1,https://d18vdu4p71yql0.cloudfront.net/libraries/noun-project/Book-thin_864_584233.svg
Contractions,29,he'd,he'd,,#86b7d6,,14,https://d18vdu4p71yql0.cloudfront.net/libraries/sclera/contractions.png,NARBE Words,#ff5ce1,https://d18vdu4p71yql0.cloudfront.net/libraries/noun-project/Book-thin_864_584233.svg
Contractions,29,she'd,she'd,,#86b7d6,,15,https://d18vdu4p71yql0.cloudfront.net/libraries/sclera/contractions.png,NARBE Words,#ff5ce1,https://d18vdu4p71yql0.cloudfront.net/libraries/noun-project/Book-thin_864_584233.svg
Contractions,29,we'd,we'd,,#86b7d6,,16,https://d18vdu4p71yql0.cloudfront.net/libraries/sclera/contractions.png,NARBE Words,#ff5ce1,https://d18vdu4p71yql0.cloudfront.net/libraries/noun-project/Book-thin_864_584233.svg
Contractions,29,they'd,they'd,,#86b7d6,,17,https://d18vdu4p71yql0.cloudfront.net/libraries/sclera/contractions.png,NARBE Words,#ff5ce1,https://d18vdu4p71yql0.cloudfront.net/libraries/noun-project/Book-thin_864_584233.svg
Contractions,29,I'll,I'll,,#86b7d6,,18,https://d18vdu4p71yql0.cloudfront.net/libraries/sclera/contractions.png,NARBE Words,#ff5ce1,https://d18vdu4p71yql0.cloudfront.net/libraries/noun-project/Book-thin_864_584233.svg
Contractions,29,you'll,you'll,,#86b7d6,,19,https://d18vdu4p71yql0.cloudfront.net/libraries/sclera/contractions.png,NARBE Words,#ff5ce1,https://d18vdu4p71yql0.cloudfront.net/libraries/noun-project/Book-thin_864_584233.svg
Contractions,29,he'll,he'll,,#86b7d6,,20,https://d18vdu4p71yql0.cloudfront.net/libraries/sclera/contractions.png,NARBE Words,#ff5ce1,https://d18vdu4p71yql0.cloudfront.net/libraries/noun-project/Book-thin_864_584233.svg
Contractions,29,she'll,she'll,https://d18vdu4p71yql0.cloudfront.net/libraries/noun-project/Shell-6ebbfbfe7a.svg,#86b7d6,,21,https://d18vdu4p71yql0.cloudfront.net/libraries/sclera/contractions.png,NARBE Words,#ff5ce1,https://d18vdu4p71yql0.cloudfront.net/libraries/noun-project/Book-thin_864_584233.svg
Contractions,29,it'll,it'll,,#86b7d6,,22,https://d18vdu4p71yql0.cloudfront.net/libraries/sclera/contractions.png,NARBE Words,#ff5ce1,https://d18vdu4p71yql0.cloudfront.net/libraries/noun-project/Book-thin_864_584233.svg
Contractions,29,we'll,we'll,https://d18vdu4p71yql0.cloudfront.net/libraries/arasaac/well.png.varianted-skin.png,#86b7d6,,23,https://d18vdu4p71yql0.cloudfront.net/libraries/sclera/contractions.png,NARBE Words,#ff5ce1,https://d18vdu4p71yql0.cloudfront.net/libraries/noun-project/Book-thin_864_584233.svg
Contractions,29,they'll,they'll,,#86b7d6,,24,https://d18vdu4p71yql0.cloudfront.net/libraries/sclera/contractions.png,NARBE Words,#ff5ce1,https://d18vdu4p71yql0.cloudfront.net/libraries/noun-project/Book-thin_864_584233.svg
Contractions,29,isn't,isn't,,#86b7d6,,25,https://d18vdu4p71yql0.cloudfront.net/libraries/sclera/contractions.png,NARBE Words,#ff5ce1,https://d18vdu4p71yql0.cloudfront.net/libraries/noun-project/Book-thin_864_584233.svg
Contractions,29,aren't,aren't,,#86b7d6,,26,https://d18vdu4p71yql0.cloudfront.net/libraries/sclera/contractions.png,NARBE Words,#ff5ce1,https://d18vdu4p71yql0.cloudfront.net/libraries/noun-project/Book-thin_864_584233.svg
Contractions,29,wasn't,wasn't,,#86b7d6,,27,https://d18vdu4p71yql0.cloudfront.net/libraries/sclera/contractions.png,NARBE Words,#ff5ce1,https://d18vdu4p71yql0.cloudfront.net/libraries/noun-project/Book-thin_864_584233.svg
Contractions,29,weren't,weren't,,#86b7d6,,28,https://d18vdu4p71yql0.cloudfront.net/libraries/sclera/contractions.png,NARBE Words,#ff5ce1,https://d18vdu4p71yql0.cloudfront.net/libraries/noun-project/Book-thin_864_584233.svg
Contractions,29,haven't,haven't,,#86b7d6,,29,https://d18vdu4p71yql0.cloudfront.net/libraries/sclera/contractions.png,NARBE Words,#ff5ce1,https://d18vdu4p71yql0.cloudfront.net/libraries/noun-project/Book-thin_864_584233.svg
Contractions,29,hasn't,hasn't,,#86b7d6,,30,https://d18vdu4p71yql0.cloudfront.net/libraries/sclera/contractions.png,NARBE Words,#ff5ce1,https://d18vdu4p71yql0.cloudfront.net/libraries/noun-project/Book-thin_864_584233.svg
Contractions,29,hadn't,hadn't,,#86b7d6,,31,https://d18vdu4p71yql0.cloudfront.net/libraries/sclera/contractions.png,NARBE Words,#ff5ce1,https://d18vdu4p71yql0.cloudfront.net/libraries/noun-project/Book-thin_864_584233.svg
Contractions,29,don't,don't,,#86b7d6,,32,https://d18vdu4p71yql0.cloudfront.net/libraries/sclera/contractions.png,NARBE Words,#ff5ce1,https://d18vdu4p71yql0.cloudfront.net/libraries/noun-project/Book-thin_864_584233.svg
Contractions,29,doesn't,doesn't,,#86b7d6,,33,https://d18vdu4p71yql0.cloudfront.net/libraries/sclera/contractions.png,NARBE Words,#ff5ce1,https://d18vdu4p71yql0.cloudfront.net/libraries/noun-project/Book-thin_864_584233.svg
Contractions,29,didn't,didn't,,#86b7d6,,34,https://d18vdu4p71yql0.cloudfront.net/libraries/sclera/contractions.png,NARBE Words,#ff5ce1,https://d18vdu4p71yql0.cloudfront.net/libraries/noun-project/Book-thin_864_584233.svg
Contractions,29,can't,can't,,#86b7d6,,35,https://d18vdu4p71yql0.cloudfront.net/libraries/sclera/contractions.png,NARBE Words,#ff5ce1,https://d18vdu4p71yql0.cloudfront.net/libraries/noun-project/Book-thin_864_584233.svg
Contractions,29,cannot,cannot,,#86b7d6,,36,https://d18vdu4p71yql0.cloudfront.net/libraries/sclera/contractions.png,NARBE Words,#ff5ce1,https://d18vdu4p71yql0.cloudfront.net/libraries/noun-project/Book-thin_864_584233.svg
Contractions,29,couldn't,couldn't,,#86b7d6,,37,https://d18vdu4p71yql0.cloudfront.net/libraries/sclera/contractions.png,NARBE Words,#ff5ce1,https://d18vdu4p71yql0.cloudfront.net/libraries/noun-project/Book-thin_864_584233.svg
Contractions,29,won't,won't,,#86b7d6,,38,https://d18vdu4p71yql0.cloudfront.net/libraries/sclera/contractions.png,NARBE Words,#ff5ce1,https://d18vdu4p71yql0.cloudfront.net/libraries/noun-project/Book-thin_864_584233.svg
Contractions,29,wouldn't,wouldn't,,#86b7d6,,39,https://d18vdu4p71yql0.cloudfront.net/libraries/sclera/contractions.png,NARBE Words,#ff5ce1,https://d18vdu4p71yql0.cloudfront.net/libraries/noun-project/Book-thin_864_584233.svg
Contractions,29,shouldn't,shouldn't,,#86b7d6,,40,https://d18vdu4p71yql0.cloudfront.net/libraries/sclera/contractions.png,NARBE Words,#ff5ce1,https://d18vdu4p71yql0.cloudfront.net/libraries/noun-project/Book-thin_864_584233.svg
Contractions,29,mustn't,mustn't,,#86b7d6,,41,https://d18vdu4p71yql0.cloudfront.net/libraries/sclera/contractions.png,NARBE Words,#ff5ce1,https://d18vdu4p71yql0.cloudfront.net/libraries/noun-project/Book-thin_864_584233.svg
Contractions,29,needn't,needn't,,#86b7d6,,42,https://d18vdu4p71yql0.cloudfront.net/libraries/sclera/contractions.png,NARBE Words,#ff5ce1,https://d18vdu4p71yql0.cloudfront.net/libraries/noun-project/Book-thin_864_584233.svg
Contractions,29,mightn't,mightn't,,#86b7d6,,43,https://d18vdu4p71yql0.cloudfront.net/libraries/sclera/contractions.png,NARBE Words,#ff5ce1,https://d18vdu4p71yql0.cloudfront.net/libraries/noun-project/Book-thin_864_584233.svg
Contractions,29,let's,let's,,#86b7d6,,44,https://d18vdu4p71yql0.cloudfront.net/libraries/sclera/contractions.png,NARBE Words,#ff5ce1,https://d18vdu4p71yql0.cloudfront.net/libraries/noun-project/Book-thin_864_584233.svg
Contractions,29,that's,that's,,#86b7d6,,45,https://d18vdu4p71yql0.cloudfront.net/libraries/sclera/contractions.png,NARBE Words,#ff5ce1,https://d18vdu4p71yql0.cloudfront.net/libraries/noun-project/Book-thin_864_584233.svg
Contractions,29,there's,there's,,#86b7d6,,46,https://d18vdu4p71yql0.cloudfront.net/libraries/sclera/contractions.png,NARBE Words,#ff5ce1,https://d18vdu4p71yql0.cloudfront.net/libraries/noun-project/Book-thin_864_584233.svg
Contractions,29,here's,here's,,#86b7d6,,47,https://d18vdu4p71yql0.cloudfront.net/libraries/sclera/contractions.png,NARBE Words,#ff5ce1,https://d18vdu4p71yql0.cloudfront.net/libraries/noun-project/Book-thin_864_584233.svg
Contractions,29,what's,what's,,#86b7d6,,48,https://d18vdu4p71yql0.cloudfront.net/libraries/sclera/contractions.png,NARBE Words,#ff5ce1,https://d18vdu4p71yql0.cloudfront.net/libraries/noun-project/Book-thin_864_584233.svg
Contractions,29,who's,who's,,#86b7d6,,49,https://d18vdu4p71yql0.cloudfront.net/libraries/sclera/contractions.png,NARBE Words,#ff5ce1,https://d18vdu4p71yql0.cloudfront.net/libraries/noun-project/Book-thin_864_584233.svg
Contractions,29,where's,where's,,#86b7d6,,50,https://d18vdu4p71yql0.cloudfront.net/libraries/sclera/contractions.png,NARBE Words,#ff5ce1,https://d18vdu4p71yql0.cloudfront.net/libraries/noun-project/Book-thin_864_584233.svg
Contractions,29,when's,when's,,#86b7d6,,51,https://d18vdu4p71yql0.cloudfront.net/libraries/sclera/contractions.png,NARBE Words,#ff5ce1,https://d18vdu4p71yql0.cloudfront.net/libraries/noun-project/Book-thin_864_584233.svg
Contractions,29,why's,why's,,#86b7d6,,52,https://d18vdu4p71yql0.cloudfront.net/libraries/sclera/contractions.png,NARBE Words,#ff5ce1,https://d18vdu4p71yql0.cloudfront.net/libraries/noun-project/Book-thin_864_584233.svg
Contractions,29,how's,how's,,#86b7d6,,53,https://d18vdu4p71yql0.cloudfront.net/libraries/sclera/contractions.png,NARBE Words,#ff5ce1,https://d18vdu4p71yql0.cloudfront.net/libraries/noun-project/Book-thin_864_584233.svg
Contractions,29,would've,would've,,#86b7d6,,54,https://d18vdu4p71yql0.cloudfront.net/libraries/sclera/contractions.png,NARBE Words,#ff5ce1,https://d18vdu4p71yql0.cloudfront.net/libraries/noun-project/Book-thin_864_584233.svg
Contractions,29,could've,could've,,#86b7d6,,55,https://d18vdu4p71yql0.cloudfront.net/libraries/sclera/contractions.png,NARBE Words,#ff5ce1,https://d18vdu4p71yql0.cloudfront.net/libraries/noun-project/Book-thin_864_584233.svg
Contractions,29,should've,should've,,#86b7d6,,56,https://d18vdu4p71yql0.cloudfront.net/libraries/sclera/contractions.png,NARBE Words,#ff5ce1,https://d18vdu4p71yql0.cloudfront.net/libraries/noun-project/Book-thin_864_584233.svg
Contractions,29,it'd,it'd,,#86b7d6,,57,https://d18vdu4p71yql0.cloudfront.net/libraries/sclera/contractions.png,NARBE Words,#ff5ce1,https://d18vdu4p71yql0.cloudfront.net/libraries/noun-project/Book-thin_864_584233.svg
Contractions,29,that'll,that'll,,#86b7d6,,58,https://d18vdu4p71yql0.cloudfront.net/libraries/sclera/contractions.png,NARBE Words,#ff5ce1,https://d18vdu4p71yql0.cloudfront.net/libraries/noun-project/Book-thin_864_584233.svg
Contractions,29,that'd,that'd,,#86b7d6,,59,https://d18vdu4p71yql0.cloudfront.net/libraries/sclera/contractions.png,NARBE Words,#ff5ce1,https://d18vdu4p71yql0.cloudfront.net/libraries/noun-project/Book-thin_864_584233.svg
Contractions,29,there'll,there'll,,#86b7d6,,60,https://d18vdu4p71yql0.cloudfront.net/libraries/sclera/contractions.png,NARBE Words,#ff5ce1,https://d18vdu4p71yql0.cloudfront.net/libraries/noun-project/Book-thin_864_584233.svg
Contractions,29,there'd,there'd,,#86b7d6,,61,https://d18vdu4p71yql0.cloudfront.net/libraries/sclera/contractions.png,NARBE Words,#ff5ce1,https://d18vdu4p71yql0.cloudfront.net/libraries/noun-project/Book-thin_864_584233.svg
Verb forms,30,went,went,https://d18vdu4p71yql0.cloudfront.net/libraries/arasaac/to go_3.png,#86b7d6,,1,,NARBE Words,#ff5ce1,https://d18vdu4p71yql0.cloudfront.net/libraries/noun-project/Book-thin_864_584233.svg
Verb forms,30,gone,gone,https://d18vdu4p71yql0.cloudfront.net/libraries/arasaac/to go_3.png,#86b7d6,,2,,NARBE Words,#ff5ce1,https://d18vdu4p71yql0.cloudfront.net/libraries/noun-project/Book-thin_864_584233.svg
Verb forms,30,going,going,https://d18vdu4p71yql0.cloudfront.net/libraries/arasaac/to go_3.png,#86b7d6,,3,,NARBE Words,#ff5ce1,https://d18vdu4p71yql0.cloudfront.net/libraries/noun-project/Book-thin_864_584233.svg
Verb forms,30,came,came,https://d18vdu4p71yql0.cloudfront.net/libraries/arasaac/to come near_1.png.varianted-skin.png,#86b7d6,,4,,NARBE Words,#ff5ce1,https://d18vdu4p71yql0.cloudfront.net/libraries/noun-project/Book-thin_864_584233.svg
Verb forms,30,coming,coming,https://d18vdu4p71yql0.cloudfront.net/libraries/arasaac/to come near_1.png.varianted-skin.png,#86b7d6,,5,,NARBE Words,#ff5ce1,https://d18vdu4p71yql0.cloudfront.net/libraries/noun-project/Book-thin_864_584233.svg
Verb forms,30,wanted,wanted,https://d18vdu4p71yql0.cloudfront.net/libraries/arasaac/to want.png.varianted-skin.png,#86b7d6,,6,,NARBE Words,#ff5ce1,https://d18vdu4p71yql0.cloudfront.net/libraries/noun-project/Book-thin_864_584233.svg
Verb forms,30,wanting,wanting,https://d18vdu4p71yql0.cloudfront.net/libraries/arasaac/to want.png.varianted-skin.png,#86b7d6,,7,,NARBE Words,#ff5ce1,https://d18vdu4p71yql0.cloudfront.net/libraries/noun-project/Book-thin_864_584233.svg
Verb forms,30,needed,needed,https://d18vdu4p71yql0.cloudfront.net/libraries/arasaac/I need help.png,#86b7d6,,8,,NARBE Words,#ff5ce1,https://d18vdu4p71yql0.cloudfront.net/libraries/noun-project/Book-thin_864_584233.svg
Verb forms,30,needing,needing,https://d18vdu4p71yql0.cloudfront.net/libraries/arasaac/I need help.png,#86b7d6,,9,,NARBE Words,#ff5ce1,https://d18vdu4p71yql0.cloudfront.net/libraries/noun-project/Book-thin_864_584233.svg
Verb forms,30,liked,liked,https://d18vdu4p71yql0.cloudfront.net/libraries/noun-project/like_9767_dd14ee88-7789-43b7-958d-c8d44a3e1458.svg,#86b7d6,,10,,NARBE Words,#ff5ce1,https://d18vdu4p71yql0.cloudfront.net/libraries/noun-project/Book-thin_864_584233.svg
Verb forms,30,liking,liking,https://d18vdu4p71yql0.cloudfront.net/libraries/noun-project/like_9767_dd14ee88-7789-43b7-958d-c8d44a3e1458.svg,#86b7d6,,11,,NARBE Words,#ff5ce1,https://d18vdu4p71yql0.cloudfront.net/libraries/noun-project/Book-thin_864_584233.svg
Verb forms,30,loving,loving,https://d18vdu4p71yql0.cloudfront.net/libraries/arasaac/love.png.varianted-skin.png,#86b7d6,,12,,NARBE Words,#ff5ce1,https://d18vdu4p71yql0.cloudfront.net/libraries/noun-project/Book-thin_864_584233.svg
Verb forms,30,hated,hated,https://d18vdu4p71yql0.cloudfront.net/libraries/noun-project/Hate-724f26f04e.svg,#86b7d6,,13,,NARBE Words,#ff5ce1,https://d18vdu4p71yql0.cloudfront.net/libraries/noun-project/Book-thin_864_584233.svg
Verb forms,30,hating,hating,https://d18vdu4p71yql0.cloudfront.net/libraries/noun-project/Hate-724f26f04e.svg,#86b7d6,,14,,NARBE Words,#ff5ce1,https://d18vdu4p71yql0.cloudfront.net/libraries/noun-project/Book-thin_864_584233.svg
Verb forms,30,felt,felt,https://d18vdu4p71yql0.cloudfront.net/libraries/arasaac/to feel dizzy.png.varianted-skin.png,#86b7d6,,15,,NARBE Words,#ff5ce1,https://d18vdu4p71yql0.cloudfront.net/libraries/noun-project/Book-thin_864_584233.svg
Verb forms,30,feeling,feeling,https://d18vdu4p71yql0.cloudfront.net/libraries/arasaac/to feel dizzy.png.varianted-skin.png,#86b7d6,,16,,NARBE Words,#ff5ce1,https://d18vdu4p71yql0.cloudfront.net/libraries/noun-project/Book-thin_864_584233.svg
Verb forms,30,thought,thought,https://d18vdu4p71yql0.cloudfront.net/libraries/noun-project/think_118_g.svg,#86b7d6,,17,,NARBE Words,#ff5ce1,https://d18vdu4p71yql0.cloudfront.net/libraries/noun-project/Book-thin_864_584233.svg
Verb forms,30,thinking,thinking,https://d18vdu4p71yql0.cloudfront.net/libraries/noun-project/think_118_g.svg,#86b7d6,,18,,NARBE Words,#ff5ce1,https://d18vdu4p71yql0.cloudfront.net/libraries/noun-project/Book-thin_864_584233.svg
Verb forms,30,knew,knew,https://d18vdu4p71yql0.cloudfront.net/libraries/arasaac/to know.png,#86b7d6,,19,,NARBE Words,#ff5ce1,https://d18vdu4p71yql0.cloudfront.net/libraries/noun-project/Book-thin_864_584233.svg
Verb forms,30,knowing,knowing,https://d18vdu4p71yql0.cloudfront.net/libraries/arasaac/to know.png,#86b7d6,,20,,NARBE Words,#ff5ce1,https://d18vdu4p71yql0.cloudfront.net/libraries/noun-project/Book-thin_864_584233.svg
Verb forms,30,known,known,https://d18vdu4p71yql0.cloudfront.net/libraries/arasaac/to know.png,#86b7d6,,21,,NARBE Words,#ff5ce1,https://d18vdu4p71yql0.cloudfront.net/libraries/noun-project/Book-thin_864_584233.svg
Verb forms,30,saw,saw,https://d18vdu4p71yql0.cloudfront.net/libraries/arasaac/to see_4.png.varianted-skin.png,#86b7d6,,22,,NARBE Words,#ff5ce1,https://d18vdu4p71yql0.cloudfront.net/libraries/noun-project/Book-thin_864_584233.svg
Verb forms,30,seen,seen,https://d18vdu4p71yql0.cloudfront.net/libraries/arasaac/to see_4.png.varianted-skin.png,#86b7d6,,23,,NARBE Words,#ff5ce1,https://d18vdu4p71yql0.cloudfront.net/libraries/noun-project/Book-thin_864_584233.svg
Verb forms,30,seeing,seeing,https://d18vdu4p71yql0.cloudfront.net/libraries/arasaac/to see_4.png.varianted-skin.png,#86b7d6,,24,,NARBE Words,#ff5ce1,https://d18vdu4p71yql0.cloudfront.net/libraries/noun-project/Book-thin_864_584233.svg
Verb forms,30,heard,heard,https://d18vdu4p71yql0.cloudfront.net/libraries/sclera/hear.png,#86b7d6,,25,,NARBE Words,#ff5ce1,https://d18vdu4p71yql0.cloudfront.net/libraries/noun-project/Book-thin_864_584233.svg
Verb forms,30,said,said,https://d18vdu4p71yql0.cloudfront.net/libraries/arasaac/to say_1.png.varianted-skin.png,#86b7d6,,26,,NARBE Words,#ff5ce1,https://d18vdu4p71yql0.cloudfront.net/libraries/noun-project/Book-thin_864_584233.svg
Verb forms,30,saying,saying,https://d18vdu4p71yql0.cloudfront.net/libraries/arasaac/to say_1.png.varianted-skin.png,#86b7d6,,27,,NARBE Words,#ff5ce1,https://d18vdu4p71yql0.cloudfront.net/libraries/noun-project/Book-thin_864_584233.svg
Verb forms,30,told,told,https://d18vdu4p71yql0.cloudfront.net/libraries/arasaac/tell.png.varianted-skin.png,#86b7d6,,28,,NARBE Words,#ff5ce1,https://d18vdu4p71yql0.cloudfront.net/libraries/noun-project/Book-thin_864_584233.svg
Verb forms,30,telling,telling,https://d18vdu4p71yql0.cloudfront.net/libraries/arasaac/tell.png.varianted-skin.png,#86b7d6,,29,,NARBE Words,#ff5ce1,https://d18vdu4p71yql0.cloudfront.net/libraries/noun-project/Book-thin_864_584233.svg
Verb forms,30,asked,asked,https://d18vdu4p71yql0.cloudfront.net/libraries/arasaac/ask_2.png.varianted-skin.png,#86b7d6,,30,,NARBE Words,#ff5ce1,https://d18vdu4p71yql0.cloudfront.net/libraries/noun-project/Book-thin_864_584233.svg
Verb forms,30,asking,asking,https://d18vdu4p71yql0.cloudfront.net/libraries/arasaac/ask_2.png.varianted-skin.png,#86b7d6,,31,,NARBE Words,#ff5ce1,https://d18vdu4p71yql0.cloudfront.net/libraries/noun-project/Book-thin_864_584233.svg
Verb forms,30,answered,answered,https://d18vdu4p71yql0.cloudfront.net/libraries/arasaac/to answer.png.varianted-skin.png,#86b7d6,,32,,NARBE Words,#ff5ce1,https://d18vdu4p71yql0.cloudfront.net/libraries/noun-project/Book-thin_864_584233.svg
Verb forms,30,answering,answering,https://d18vdu4p71yql0.cloudfront.net/libraries/arasaac/to answer.png.varianted-skin.png,#86b7d6,,33,,NARBE Words,#ff5ce1,https://d18vdu4p71yql0.cloudfront.net/libraries/noun-project/Book-thin_864_584233.svg
Verb forms,30,gave,gave,https://d18vdu4p71yql0.cloudfront.net/libraries/arasaac/to give a present_1.png.varianted-skin.png,#86b7d6,,34,,NARBE Words,#ff5ce1,https://d18vdu4p71yql0.cloudfront.net/libraries/noun-project/Book-thin_864_584233.svg
Verb forms,30,given,given,https://d18vdu4p71yql0.cloudfront.net/libraries/arasaac/to give a present_1.png.varianted-skin.png,#86b7d6,,35,,NARBE Words,#ff5ce1,https://d18vdu4p71yql0.cloudfront.net/libraries/noun-project/Book-thin_864_584233.svg
Verb forms,30,giving,giving,https://d18vdu4p71yql0.cloudfront.net/libraries/arasaac/to give a present_1.png.varianted-skin.png,#86b7d6,,36,,NARBE Words,#ff5ce1,https://d18vdu4p71yql0.cloudfront.net/libraries/noun-project/Book-thin_864_584233.svg
Verb forms,30,took,took,https://d18vdu4p71yql0.cloudfront.net/libraries/arasaac/take.png.varianted-skin.png,#86b7d6,,37,,NARBE Words,#ff5ce1,https://d18vdu4p71yql0.cloudfront.net/libraries/noun-project/Book-thin_864_584233.svg
Verb forms,30,taken,taken,https://d18vdu4p71yql0.cloudfront.net/libraries/arasaac/take.png.varianted-skin.png,#86b7d6,,38,,NARBE Words,#ff5ce1,https://d18vdu4p71yql0.cloudfront.net/libraries/noun-project/Book-thin_864_584233.svg
Verb forms,30,taking,taking,https://d18vdu4p71yql0.cloudfront.net/libraries/arasaac/take.png.varianted-skin.png,#86b7d6,,39,,NARBE Words,#ff5ce1,https://d18vdu4p71yql0.cloudfront.net/libraries/noun-project/Book-thin_864_584233.svg
Verb forms,30,got,got,https://d18vdu4p71yql0.cloudfront.net/libraries/arasaac/to receive.png.varianted-skin.png,#86b7d6,,40,,NARBE Words,#ff5ce1,https://d18vdu4p71yql0.cloudfront.net/libraries/noun-project/Book-thin_864_584233.svg
Verb forms,30,gotten,gotten,https://d18vdu4p71yql0.cloudfront.net/libraries/arasaac/to receive.png.varianted-skin.png,#86b7d6,,41,,NARBE Words,#ff5ce1,https://d18vdu4p71yql0.cloudfront.net/libraries/noun-project/Book-thin_864_584233.svg
Verb forms,30,getting,getting,https://d18vdu4p71yql0.cloudfront.net/libraries/arasaac/to receive.png.varianted-skin.png,#86b7d6,,42,,NARBE Words,#ff5ce1,https://d18vdu4p71yql0.cloudfront.net/libraries/noun-project/Book-thin_864_584233.svg
Verb forms,30,made,made,https://d18vdu4p71yql0.cloudfront.net/libraries/arasaac/make - do - write.png.varianted-skin.png,#86b7d6,,43,,NARBE Words,#ff5ce1,https://d18vdu4p71yql0.cloudfront.net/libraries/noun-project/Book-thin_864_584233.svg
Verb forms,30,making,making,https://d18vdu4p71yql0.cloudfront.net/libraries/arasaac/make - do - write.png.varianted-skin.png,#86b7d6,,44,,NARBE Words,#ff5ce1,https://d18vdu4p71yql0.cloudfront.net/libraries/noun-project/Book-thin_864_584233.svg
Verb forms,30,used,used,https://d18vdu4p71yql0.cloudfront.net/libraries/arasaac/use.png.varianted-skin.png,#86b7d6,,45,,NARBE Words,#ff5ce1,https://d18vdu4p71yql0.cloudfront.net/libraries/noun-project/Book-thin_864_584233.svg
Verb forms,30,using,using,https://d18vdu4p71yql0.cloudfront.net/libraries/arasaac/use.png.varianted-skin.png,#86b7d6,,46,,NARBE Words,#ff5ce1,https://d18vdu4p71yql0.cloudfront.net/libraries/noun-project/Book-thin_864_584233.svg
Verb forms,30,brought,brought,https://d18vdu4p71yql0.cloudfront.net/libraries/arasaac/to bring.png.varianted-skin.png,#86b7d6,,47,,NARBE Words,#ff5ce1,https://d18vdu4p71yql0.cloudfront.net/libraries/noun-project/Book-thin_864_584233.svg
Verb forms,30,bringing,bringing,https://d18vdu4p71yql0.cloudfront.net/libraries/arasaac/to bring.png.varianted-skin.png,#86b7d6,,48,,NARBE Words,#ff5ce1,https://d18vdu4p71yql0.cloudfront.net/libraries/noun-project/Book-thin_864_584233.svg
Verb forms,30,bought,bought,https://d18vdu4p71yql0.cloudfront.net/libraries/tawasol/Buy.png,#86b7d6,,49,,NARBE Words,#ff5ce1,https://d18vdu4p71yql0.cloudfront.net/libraries/noun-project/Book-thin_864_584233.svg
Verb forms,30,buying,buying,https://d18vdu4p71yql0.cloudfront.net/libraries/tawasol/Buy.png,#86b7d6,,50,,NARBE Words,#ff5ce1,https://d18vdu4p71yql0.cloudfront.net/libraries/noun-project/Book-thin_864_584233.svg
Verb forms,30,sold,sold,https://d18vdu4p71yql0.cloudfront.net/libraries/arasaac/to sell.png.varianted-skin.png,#86b7d6,,51,,NARBE Words,#ff5ce1,https://d18vdu4p71yql0.cloudfront.net/libraries/noun-project/Book-thin_864_584233.svg
Verb forms,30,selling,selling,https://d18vdu4p71yql0.cloudfront.net/libraries/arasaac/to sell.png.varianted-skin.png,#86b7d6,,52,,NARBE Words,#ff5ce1,https://d18vdu4p71yql0.cloudfront.net/libraries/noun-project/Book-thin_864_584233.svg
Verb forms,30,paid,paid,https://d18vdu4p71yql0.cloudfront.net/libraries/arasaac/pay.png.varianted-skin.png,#86b7d6,,53,,NARBE Words,#ff5ce1,https://d18vdu4p71yql0.cloudfront.net/libraries/noun-project/Book-thin_864_584233.svg
Verb forms,30,paying,paying,https://d18vdu4p71yql0.cloudfront.net/libraries/arasaac/pay.png.varianted-skin.png,#86b7d6,,54,,NARBE Words,#ff5ce1,https://d18vdu4p71yql0.cloudfront.net/libraries/noun-project/Book-thin_864_584233.svg
Verb forms,30,sent,sent,https://d18vdu4p71yql0.cloudfront.net/libraries/noun-project/send_772_g.svg,#86b7d6,,55,,NARBE Words,#ff5ce1,https://d18vdu4p71yql0.cloudfront.net/libraries/noun-project/Book-thin_864_584233.svg
Verb forms,30,sending,sending,https://d18vdu4p71yql0.cloudfront.net/libraries/noun-project/send_772_g.svg,#86b7d6,,56,,NARBE Words,#ff5ce1,https://d18vdu4p71yql0.cloudfront.net/libraries/noun-project/Book-thin_864_584233.svg
Verb forms,30,received,received,https://d18vdu4p71yql0.cloudfront.net/libraries/noun-project/receive_494_g.svg,#86b7d6,,57,,NARBE Words,#ff5ce1,https://d18vdu4p71yql0.cloudfront.net/libraries/noun-project/Book-thin_864_584233.svg
Verb forms,30,receiving,receiving,https://d18vdu4p71yql0.cloudfront.net/libraries/noun-project/receive_494_g.svg,#86b7d6,,58,,NARBE Words,#ff5ce1,https://d18vdu4p71yql0.cloudfront.net/libraries/noun-project/Book-thin_864_584233.svg
Verb forms,30,leaving,leaving,https://d18vdu4p71yql0.cloudfront.net/libraries/arasaac/to exit_2.png.varianted-skin.png,#86b7d6,,59,,NARBE Words,#ff5ce1,https://d18vdu4p71yql0.cloudfront.net/libraries/noun-project/Book-thin_864_584233.svg
Verb forms,30,kept,kept,https://d18vdu4p71yql0.cloudfront.net/libraries/arasaac/to keep.png.varianted-skin.png,#86b7d6,,60,,NARBE Words,#ff5ce1,https://d18vdu4p71yql0.cloudfront.net/libraries/noun-project/Book-thin_864_584233.svg
Verb forms,30,keeping,keeping,https://d18vdu4p71yql0.cloudfront.net/libraries/arasaac/to keep.png.varianted-skin.png,#86b7d6,,61,,NARBE Words,#ff5ce1,https://d18vdu4p71yql0.cloudfront.net/libraries/noun-project/Book-thin_864_584233.svg
Verb forms,30,held,held,https://d18vdu4p71yql0.cloudfront.net/libraries/arasaac/hold.png.varianted-skin.png,#86b7d6,,62,,NARBE Words,#ff5ce1,https://d18vdu4p71yql0.cloudfront.net/libraries/noun-project/Book-thin_864_584233.svg
Verb forms,30,holding,holding,https://d18vdu4p71yql0.cloudfront.net/libraries/arasaac/hold.png.varianted-skin.png,#86b7d6,,63,,NARBE Words,#ff5ce1,https://d18vdu4p71yql0.cloudfront.net/libraries/noun-project/Book-thin_864_584233.svg
Verb forms,30,finding,finding,https://d18vdu4p71yql0.cloudfront.net/libraries/noun-project/Magnifying-Glass_918_708000.svg,#86b7d6,,64,,NARBE Words,#ff5ce1,https://d18vdu4p71yql0.cloudfront.net/libraries/noun-project/Book-thin_864_584233.svg
Verb forms,30,losing,losing,https://d18vdu4p71yql0.cloudfront.net/libraries/arasaac/lose.png.varianted-skin.png,#86b7d6,,65,,NARBE Words,#ff5ce1,https://d18vdu4p71yql0.cloudfront.net/libraries/noun-project/Book-thin_864_584233.svg
Verb forms,30,met,met,https://d18vdu4p71yql0.cloudfront.net/libraries/arasaac/meet.png,#86b7d6,,66,,NARBE Words,#ff5ce1,https://d18vdu4p71yql0.cloudfront.net/libraries/noun-project/Book-thin_864_584233.svg
Verb forms,30,ate,ate,https://d18vdu4p71yql0.cloudfront.net/libraries/arasaac/to eat_1.png.varianted-skin.png,#86b7d6,,67,,NARBE Words,#ff5ce1,https://d18vdu4p71yql0.cloudfront.net/libraries/noun-project/Book-thin_864_584233.svg
Verb forms,30,eaten,eaten,https://d18vdu4p71yql0.cloudfront.net/libraries/arasaac/to eat_1.png.varianted-skin.png,#86b7d6,,68,,NARBE Words,#ff5ce1,https://d18vdu4p71yql0.cloudfront.net/libraries/noun-project/Book-thin_864_584233.svg
Verb forms,30,eating,eating,https://d18vdu4p71yql0.cloudfront.net/libraries/arasaac/to eat_1.png.varianted-skin.png,#86b7d6,,69,,NARBE Words,#ff5ce1,https://d18vdu4p71yql0.cloudfront.net/libraries/noun-project/Book-thin_864_584233.svg
Verb forms,30,drank,drank,https://d18vdu4p71yql0.cloudfront.net/libraries/arasaac/to drink.png.varianted-skin.png,#86b7d6,,70,,NARBE Words,#ff5ce1,https://d18vdu4p71yql0.cloudfront.net/libraries/noun-project/Book-thin_864_584233.svg
Verb forms,30,drunk,drunk,https://d18vdu4p71yql0.cloudfront.net/libraries/arasaac/to drink.png.varianted-skin.png,#86b7d6,,71,,NARBE Words,#ff5ce1,https://d18vdu4p71yql0.cloudfront.net/libraries/noun-project/Book-thin_864_584233.svg
Verb forms,30,drinking,drinking,https://d18vdu4p71yql0.cloudfront.net/libraries/arasaac/to drink.png.varianted-skin.png,#86b7d6,,72,,NARBE Words,#ff5ce1,https://d18vdu4p71yql0.cloudfront.net/libraries/noun-project/Book-thin_864_584233.svg
Verb forms,30,slept,slept,https://d18vdu4p71yql0.cloudfront.net/libraries/arasaac/to sleep_2.png.varianted-skin.png,#86b7d6,,73,,NARBE Words,#ff5ce1,https://d18vdu4p71yql0.cloudfront.net/libraries/noun-project/Book-thin_864_584233.svg
Verb forms,30,sleeping,sleeping,https://d18vdu4p71yql0.cloudfront.net/libraries/arasaac/to sleep_2.png.varianted-skin.png,#86b7d6,,74,,NARBE Words,#ff5ce1,https://d18vdu4p71yql0.cloudfront.net/libraries/noun-project/Book-thin_864_584233.svg
Verb forms,30,woke,woke,https://d18vdu4p71yql0.cloudfront.net/libraries/arasaac/wake up.png.varianted-skin.png,#86b7d6,,75,,NARBE Words,#ff5ce1,https://d18vdu4p71yql0.cloudfront.net/libraries/noun-project/Book-thin_864_584233.svg
Verb forms,30,woken,woken,https://d18vdu4p71yql0.cloudfront.net/libraries/arasaac/wake up.png.varianted-skin.png,#86b7d6,,76,,NARBE Words,#ff5ce1,https://d18vdu4p71yql0.cloudfront.net/libraries/noun-project/Book-thin_864_584233.svg
Verb forms,30,waking,waking,https://d18vdu4p71yql0.cloudfront.net/libraries/arasaac/wake up.png.varianted-skin.png,#86b7d6,,77,,NARBE Words,#ff5ce1,https://d18vdu4p71yql0.cloudfront.net/libraries/noun-project/Book-thin_864_584233.svg
Verb forms,30,sat,sat,https://d18vdu4p71yql0.cloudfront.net/libraries/arasaac/to sit on a bench_1.png,#86b7d6,,78,,NARBE Words,#ff5ce1,https://d18vdu4p71yql0.cloudfront.net/libraries/noun-project/Book-thin_864_584233.svg
Verb forms,30,sitting,sitting,https://d18vdu4p71yql0.cloudfront.net/libraries/arasaac/to sit on a bench_1.png,#86b7d6,,79,,NARBE Words,#ff5ce1,https://d18vdu4p71yql0.cloudfront.net/libraries/noun-project/Book-thin_864_584233.svg
Verb forms,30,stood,stood,https://d18vdu4p71yql0.cloudfront.net/libraries/arasaac/to stand.png.varianted-skin.png,#86b7d6,,80,,NARBE Words,#ff5ce1,https://d18vdu4p71yql0.cloudfront.net/libraries/noun-project/Book-thin_864_584233.svg
Verb forms,30,standing,standing,https://d18vdu4p71yql0.cloudfront.net/libraries/arasaac/to stand.png.varianted-skin.png,#86b7d6,,81,,NARBE Words,#ff5ce1,https://d18vdu4p71yql0.cloudfront.net/libraries/noun-project/Book-thin_864_584233.svg
Verb forms,30,lay,lay,https://d18vdu4p71yql0.cloudfront.net/libraries/arasaac/lie down.png.varianted-skin.png,#86b7d6,,82,,NARBE Words,#ff5ce1,https://d18vdu4p71yql0.cloudfront.net/libraries/noun-project/Book-thin_864_584233.svg
Verb forms,30,lain,lain,https://d18vdu4p71yql0.cloudfront.net/libraries/arasaac/lie down.png.varianted-skin.png,#86b7d6,,83,,NARBE Words,#ff5ce1,https://d18vdu4p71yql0.cloudfront.net/libraries/noun-project/Book-thin_864_584233.svg
Verb forms,30,lying,lying,https://d18vdu4p71yql0.cloudfront.net/libraries/arasaac/lie down.png.varianted-skin.png,#86b7d6,,84,,NARBE Words,#ff5ce1,https://d18vdu4p71yql0.cloudfront.net/libraries/noun-project/Book-thin_864_584233.svg
Verb forms,30,ran,ran,https://d18vdu4p71yql0.cloudfront.net/libraries/noun-project/run_553_g.svg,#86b7d6,,85,,NARBE Words,#ff5ce1,https://d18vdu4p71yql0.cloudfront.net/libraries/noun-project/Book-thin_864_584233.svg
Verb forms,30,walked,walked,https://d18vdu4p71yql0.cloudfront.net/libraries/arasaac/walk.png.varianted-skin.png,#86b7d6,,86,,NARBE Words,#ff5ce1,https://d18vdu4p71yql0.cloudfront.net/libraries/noun-project/Book-thin_864_584233.svg
Verb forms,30,swam,swam,https://d18vdu4p71yql0.cloudfront.net/libraries/tawasol/Swim.png,#86b7d6,,87,,NARBE Words,#ff5ce1,https://d18vdu4p71yql0.cloudfront.net/libraries/noun-project/Book-thin_864_584233.svg
Verb forms,30,swum,swum,https://d18vdu4p71yql0.cloudfront.net/libraries/tawasol/Swim.png,#86b7d6,,88,,NARBE Words,#ff5ce1,https://d18vdu4p71yql0.cloudfront.net/libraries/noun-project/Book-thin_864_584233.svg
Verb forms,30,rode,rode,https://d18vdu4p71yql0.cloudfront.net/libraries/arasaac/to ride_1.png,#86b7d6,,89,,NARBE Words,#ff5ce1,https://d18vdu4p71yql0.cloudfront.net/libraries/noun-project/Book-thin_864_584233.svg
Verb forms,30,ridden,ridden,https://d18vdu4p71yql0.cloudfront.net/libraries/arasaac/to ride_1.png,#86b7d6,,90,,NARBE Words,#ff5ce1,https://d18vdu4p71yql0.cloudfront.net/libraries/noun-project/Book-thin_864_584233.svg
Verb forms,30,riding,riding,https://d18vdu4p71yql0.cloudfront.net/libraries/arasaac/to ride_1.png,#86b7d6,,91,,NARBE Words,#ff5ce1,https://d18vdu4p71yql0.cloudfront.net/libraries/noun-project/Book-thin_864_584233.svg
Verb forms,30,drove,drove,https://d18vdu4p71yql0.cloudfront.net/libraries/noun-project/drive_18_677708.svg,#86b7d6,,92,,NARBE Words,#ff5ce1,https://d18vdu4p71yql0.cloudfront.net/libraries/noun-project/Book-thin_864_584233.svg
Verb forms,30,driven,driven,https://d18vdu4p71yql0.cloudfront.net/libraries/noun-project/drive_18_677708.svg,#86b7d6,,93,,NARBE Words,#ff5ce1,https://d18vdu4p71yql0.cloudfront.net/libraries/noun-project/Book-thin_864_584233.svg
Verb forms,30,driving,driving,https://d18vdu4p71yql0.cloudfront.net/libraries/noun-project/drive_18_677708.svg,#86b7d6,,94,,NARBE Words,#ff5ce1,https://d18vdu4p71yql0.cloudfront.net/libraries/noun-project/Book-thin_864_584233.svg
Verb forms,30,flew,flew,,#86b7d6,,95,,NARBE Words,#ff5ce1,https://d18vdu4p71yql0.cloudfront.net/libraries/noun-project/Book-thin_864_584233.svg
Verb forms,30,flown,flown,,#86b7d6,,96,,NARBE Words,#ff5ce1,https://d18vdu4p71yql0.cloudfront.net/libraries/noun-project/Book-thin_864_584233.svg
Verb forms,30,flying,flying,,#86b7d6,,97,,NARBE Words,#ff5ce1,https://d18vdu4p71yql0.cloudfront.net/libraries/noun-project/Book-thin_864_584233.svg
Verb forms,30,fell,fell,https://d18vdu4p71yql0.cloudfront.net/libraries/arasaac/fall.png.varianted-skin.png,#86b7d6,,98,,NARBE Words,#ff5ce1,https://d18vdu4p71yql0.cloudfront.net/libraries/noun-project/Book-thin_864_584233.svg
Verb forms,30,fallen,fallen,https://d18vdu4p71yql0.cloudfront.net/libraries/arasaac/fall.png.varianted-skin.png,#86b7d6,,99,,NARBE Words,#ff5ce1,https://d18vdu4p71yql0.cloudfront.net/libraries/noun-project/Book-thin_864_584233.svg
Verb forms,30,falling,falling,https://d18vdu4p71yql0.cloudfront.net/libraries/arasaac/fall.png.varianted-skin.png,#86b7d6,,100,,NARBE Words,#ff5ce1,https://d18vdu4p71yql0.cloudfront.net/libraries/noun-project/Book-thin_864_584233.svg
Verb forms,30,broke,broke,,#86b7d6,,101,,NARBE Words,#ff5ce1,https://d18vdu4p71yql0.cloudfront.net/libraries/noun-project/Book-thin_864_584233.svg
Verb forms,30,breaking,breaking,,#86b7d6,,102,,NARBE Words,#ff5ce1,https://d18vdu4p71yql0.cloudfront.net/libraries/noun-project/Book-thin_864_584233.svg
Verb forms,30,hurting,hurting,,#86b7d6,,103,,NARBE Words,#ff5ce1,https://d18vdu4p71yql0.cloudfront.net/libraries/noun-project/Book-thin_864_584233.svg
Verb forms,30,cutting,cutting,https://d18vdu4p71yql0.cloudfront.net/libraries/arasaac/cut.png.varianted-skin.png,#86b7d6,,104,,NARBE Words,#ff5ce1,https://d18vdu4p71yql0.cloudfront.net/libraries/noun-project/Book-thin_864_584233.svg
Verb forms,30,putting,putting,https://d18vdu4p71yql0.cloudfront.net/libraries/arasaac/put.png.varianted-skin.png,#86b7d6,,105,,NARBE Words,#ff5ce1,https://d18vdu4p71yql0.cloudfront.net/libraries/noun-project/Book-thin_864_584233.svg
Verb forms,30,letting,letting,https://d18vdu4p71yql0.cloudfront.net/libraries/arasaac/easy.png.varianted-skin.png,#86b7d6,,106,,NARBE Words,#ff5ce1,https://d18vdu4p71yql0.cloudfront.net/libraries/noun-project/Book-thin_864_584233.svg
Verb forms,30,chose,chose,https://d18vdu4p71yql0.cloudfront.net/libraries/arasaac/choose.png,#86b7d6,,107,,NARBE Words,#ff5ce1,https://d18vdu4p71yql0.cloudfront.net/libraries/noun-project/Book-thin_864_584233.svg
Verb forms,30,chosen,chosen,https://d18vdu4p71yql0.cloudfront.net/libraries/arasaac/choose.png,#86b7d6,,108,,NARBE Words,#ff5ce1,https://d18vdu4p71yql0.cloudfront.net/libraries/noun-project/Book-thin_864_584233.svg
Verb forms,30,choosing,choosing,https://d18vdu4p71yql0.cloudfront.net/libraries/arasaac/choose.png,#86b7d6,,109,,NARBE Words,#ff5ce1,https://d18vdu4p71yql0.cloudfront.net/libraries/noun-project/Book-thin_864_584233.svg
Verb forms,30,began,began,https://d18vdu4p71yql0.cloudfront.net/libraries/arasaac/begin.png,#86b7d6,,110,,NARBE Words,#ff5ce1,https://d18vdu4p71yql0.cloudfront.net/libraries/noun-project/Book-thin_864_584233.svg
Verb forms,30,begun,begun,https://d18vdu4p71yql0.cloudfront.net/libraries/arasaac/begin.png,#86b7d6,,111,,NARBE Words,#ff5ce1,https://d18vdu4p71yql0.cloudfront.net/libraries/noun-project/Book-thin_864_584233.svg
Verb forms,30,started,started,https://d18vdu4p71yql0.cloudfront.net/libraries/arasaac/start.png,#86b7d6,,112,,NARBE Words,#ff5ce1,https://d18vdu4p71yql0.cloudfront.net/libraries/noun-project/Book-thin_864_584233.svg
Verb forms,30,starting,starting,https://d18vdu4p71yql0.cloudfront.net/libraries/arasaac/start.png,#86b7d6,,113,,NARBE Words,#ff5ce1,https://d18vdu4p71yql0.cloudfront.net/libraries/noun-project/Book-thin_864_584233.svg
Verb forms,30,stopped,stopped,https://d18vdu4p71yql0.cloudfront.net/libraries/noun-project/Stop-0cab3250e1.svg,#86b7d6,,114,,NARBE Words,#ff5ce1,https://d18vdu4p71yql0.cloudfront.net/libraries/noun-project/Book-thin_864_584233.svg
Verb forms,30,stopping,stopping,https://d18vdu4p71yql0.cloudfront.net/libraries/noun-project/Stop-0cab3250e1.svg,#86b7d6,,115,,NARBE Words,#ff5ce1,https://d18vdu4p71yql0.cloudfront.net/libraries/noun-project/Book-thin_864_584233.svg
Verb forms,30,finishing,finishing,https://d18vdu4p71yql0.cloudfront.net/libraries/arasaac/finish.png.varianted-skin.png,#86b7d6,,116,,NARBE Words,#ff5ce1,https://d18vdu4p71yql0.cloudfront.net/libraries/noun-project/Book-thin_864_584233.svg
Verb forms,30,changed,changed,https://d18vdu4p71yql0.cloudfront.net/libraries/arasaac/change.png.varianted-skin.png,#86b7d6,,117,,NARBE Words,#ff5ce1,https://d18vdu4p71yql0.cloudfront.net/libraries/noun-project/Book-thin_864_584233.svg
Verb forms,30,changing,changing,https://d18vdu4p71yql0.cloudfront.net/libraries/arasaac/change.png.varianted-skin.png,#86b7d6,,118,,NARBE Words,#ff5ce1,https://d18vdu4p71yql0.cloudfront.net/libraries/noun-project/Book-thin_864_584233.svg
Verb forms,30,moved,moved,https://d18vdu4p71yql0.cloudfront.net/libraries/noun-project/Move_844_339298.svg,#86b7d6,,119,,NARBE Words,#ff5ce1,https://d18vdu4p71yql0.cloudfront.net/libraries/noun-project/Book-thin_864_584233.svg
Verb forms,30,moving,moving,https://d18vdu4p71yql0.cloudfront.net/libraries/noun-project/Move_844_339298.svg,#86b7d6,,120,,NARBE Words,#ff5ce1,https://d18vdu4p71yql0.cloudfront.net/libraries/noun-project/Book-thin_864_584233.svg
Verb forms,30,opened,opened,https://d18vdu4p71yql0.cloudfront.net/libraries/arasaac/open.png,#86b7d6,,121,,NARBE Words,#ff5ce1,https://d18vdu4p71yql0.cloudfront.net/libraries/noun-project/Book-thin_864_584233.svg
Verb forms,30,opening,opening,https://d18vdu4p71yql0.cloudfront.net/libraries/arasaac/open.png,#86b7d6,,122,,NARBE Words,#ff5ce1,https://d18vdu4p71yql0.cloudfront.net/libraries/noun-project/Book-thin_864_584233.svg
Verb forms,30,closing,closing,https://d18vdu4p71yql0.cloudfront.net/libraries/noun-project/Close_164_755939.svg,#86b7d6,,123,,NARBE Words,#ff5ce1,https://d18vdu4p71yql0.cloudfront.net/libraries/noun-project/Book-thin_864_584233.svg
Verb forms,30,turned,turned,https://d18vdu4p71yql0.cloudfront.net/libraries/arasaac/turn.png.varianted-skin.png,#86b7d6,,124,,NARBE Words,#ff5ce1,https://d18vdu4p71yql0.cloudfront.net/libraries/noun-project/Book-thin_864_584233.svg
Verb forms,30,turning,turning,https://d18vdu4p71yql0.cloudfront.net/libraries/arasaac/turn.png.varianted-skin.png,#86b7d6,,125,,NARBE Words,#ff5ce1,https://d18vdu4p71yql0.cloudfront.net/libraries/noun-project/Book-thin_864_584233.svg
Verb forms,30,played,played,https://d18vdu4p71yql0.cloudfront.net/libraries/arasaac/to play volleyball.png.varianted-skin.png,#86b7d6,,126,,NARBE Words,#ff5ce1,https://d18vdu4p71yql0.cloudfront.net/libraries/noun-project/Book-thin_864_584233.svg
Verb forms,30,playing,playing,https://d18vdu4p71yql0.cloudfront.net/libraries/arasaac/to play volleyball.png.varianted-skin.png,#86b7d6,,127,,NARBE Words,#ff5ce1,https://d18vdu4p71yql0.cloudfront.net/libraries/noun-project/Book-thin_864_584233.svg
Verb forms,30,worked,worked,https://d18vdu4p71yql0.cloudfront.net/libraries/arasaac/to work.png,#86b7d6,,128,,NARBE Words,#ff5ce1,https://d18vdu4p71yql0.cloudfront.net/libraries/noun-project/Book-thin_864_584233.svg
Verb forms,30,tried,tried,https://d18vdu4p71yql0.cloudfront.net/libraries/arasaac/to try.png.varianted-skin.png,#86b7d6,,129,,NARBE Words,#ff5ce1,https://d18vdu4p71yql0.cloudfront.net/libraries/noun-project/Book-thin_864_584233.svg
Verb forms,30,trying,trying,https://d18vdu4p71yql0.cloudfront.net/libraries/arasaac/to try.png.varianted-skin.png,#86b7d6,,130,,NARBE Words,#ff5ce1,https://d18vdu4p71yql0.cloudfront.net/libraries/noun-project/Book-thin_864_584233.svg
Verb forms,30,helped,helped,https://d18vdu4p71yql0.cloudfront.net/libraries/arasaac/help_4.png.varianted-skin.png,#86b7d6,,131,,NARBE Words,#ff5ce1,https://d18vdu4p71yql0.cloudfront.net/libraries/noun-project/Book-thin_864_584233.svg
Verb forms,30,helping,helping,https://d18vdu4p71yql0.cloudfront.net/libraries/arasaac/help_4.png.varianted-skin.png,#86b7d6,,132,,NARBE Words,#ff5ce1,https://d18vdu4p71yql0.cloudfront.net/libraries/noun-project/Book-thin_864_584233.svg
Verb forms,30,waited,waited,https://d18vdu4p71yql0.cloudfront.net/libraries/arasaac/wait.png,#86b7d6,,133,,NARBE Words,#ff5ce1,https://d18vdu4p71yql0.cloudfront.net/libraries/noun-project/Book-thin_864_584233.svg
Verb forms,30,waiting,waiting,https://d18vdu4p71yql0.cloudfront.net/libraries/arasaac/wait.png,#86b7d6,,134,,NARBE Words,#ff5ce1,https://d18vdu4p71yql0.cloudfront.net/libraries/noun-project/Book-thin_864_584233.svg
Verb forms,30,watched,watched,https://d18vdu4p71yql0.cloudfront.net/libraries/mulberry/watch.svg.varianted-skin.svg,#86b7d6,,135,,NARBE Words,#ff5ce1,https://d18vdu4p71yql0.cloudfront.net/libraries/noun-project/Book-thin_864_584233.svg
Verb forms,30,watching,watching,https://d18vdu4p71yql0.cloudfront.net/libraries/mulberry/watch.svg.varianted-skin.svg,#86b7d6,,136,,NARBE Words,#ff5ce1,https://d18vdu4p71yql0.cloudfront.net/libraries/noun-project/Book-thin_864_584233.svg
Verb forms,30,listened,listened,https://d18vdu4p71yql0.cloudfront.net/libraries/noun-project/Listen_667_g.svg,#86b7d6,,137,,NARBE Words,#ff5ce1,https://d18vdu4p71yql0.cloudfront.net/libraries/noun-project/Book-thin_864_584233.svg
Verb forms,30,listening,listening,https://d18vdu4p71yql0.cloudfront.net/libraries/noun-project/Listen_667_g.svg,#86b7d6,,138,,NARBE Words,#ff5ce1,https://d18vdu4p71yql0.cloudfront.net/libraries/noun-project/Book-thin_864_584233.svg
Verb forms,30,looked,looked,https://d18vdu4p71yql0.cloudfront.net/libraries/arasaac/to look_1.png.varianted-skin.png,#86b7d6,,139,,NARBE Words,#ff5ce1,https://d18vdu4p71yql0.cloudfront.net/libraries/noun-project/Book-thin_864_584233.svg
Verb forms,30,looking,looking,https://d18vdu4p71yql0.cloudfront.net/libraries/arasaac/to look_1.png.varianted-skin.png,#86b7d6,,140,,NARBE Words,#ff5ce1,https://d18vdu4p71yql0.cloudfront.net/libraries/noun-project/Book-thin_864_584233.svg
Verb forms,30,talked,talked,https://d18vdu4p71yql0.cloudfront.net/libraries/arasaac/talk.png.varianted-skin.png,#86b7d6,,141,,NARBE Words,#ff5ce1,https://d18vdu4p71yql0.cloudfront.net/libraries/noun-project/Book-thin_864_584233.svg
Verb forms,30,talking,talking,https://d18vdu4p71yql0.cloudfront.net/libraries/arasaac/talk.png.varianted-skin.png,#86b7d6,,142,,NARBE Words,#ff5ce1,https://d18vdu4p71yql0.cloudfront.net/libraries/noun-project/Book-thin_864_584233.svg
Verb forms,30,called,called,https://d18vdu4p71yql0.cloudfront.net/libraries/arasaac/call.png.varianted-skin.png,#86b7d6,,143,,NARBE Words,#ff5ce1,https://d18vdu4p71yql0.cloudfront.net/libraries/noun-project/Book-thin_864_584233.svg
Verb forms,30,calling,calling,https://d18vdu4p71yql0.cloudfront.net/libraries/arasaac/call.png.varianted-skin.png,#86b7d6,,144,,NARBE Words,#ff5ce1,https://d18vdu4p71yql0.cloudfront.net/libraries/noun-project/Book-thin_864_584233.svg
Verb forms,30,visited,visited,https://d18vdu4p71yql0.cloudfront.net/libraries/arasaac/visit.png,#86b7d6,,145,,NARBE Words,#ff5ce1,https://d18vdu4p71yql0.cloudfront.net/libraries/noun-project/Book-thin_864_584233.svg
Verb forms,30,lived,lived,https://d18vdu4p71yql0.cloudfront.net/libraries/arasaac/live.png.varianted-skin.png,#86b7d6,,146,,NARBE Words,#ff5ce1,https://d18vdu4p71yql0.cloudfront.net/libraries/noun-project/Book-thin_864_584233.svg
Verb forms,30,died,died,https://d18vdu4p71yql0.cloudfront.net/libraries/arasaac/that ones.png,#86b7d6,,147,,NARBE Words,#ff5ce1,https://d18vdu4p71yql0.cloudfront.net/libraries/noun-project/Book-thin_864_584233.svg
Verb forms,30,dying,dying,https://d18vdu4p71yql0.cloudfront.net/libraries/arasaac/that ones.png,#86b7d6,,148,,NARBE Words,#ff5ce1,https://d18vdu4p71yql0.cloudfront.net/libraries/noun-project/Book-thin_864_584233.svg
Verb forms,30,wrote,wrote,https://d18vdu4p71yql0.cloudfront.net/libraries/arasaac/write.png.varianted-skin.png,#86b7d6,,149,,NARBE Words,#ff5ce1,https://d18vdu4p71yql0.cloudfront.net/libraries/noun-project/Book-thin_864_584233.svg
Verb forms,30,written,written,https://d18vdu4p71yql0.cloudfront.net/libraries/arasaac/write.png.varianted-skin.png,#86b7d6,,150,,NARBE Words,#ff5ce1,https://d18vdu4p71yql0.cloudfront.net/libraries/noun-project/Book-thin_864_584233.svg
Verb forms,30,drew,drew,https://d18vdu4p71yql0.cloudfront.net/libraries/sclera/draw.png,#86b7d6,,151,,NARBE Words,#ff5ce1,https://d18vdu4p71yql0.cloudfront.net/libraries/noun-project/Book-thin_864_584233.svg
Verb forms,30,drawn,drawn,https://d18vdu4p71yql0.cloudfront.net/libraries/sclera/draw.png,#86b7d6,,152,,NARBE Words,#ff5ce1,https://d18vdu4p71yql0.cloudfront.net/libraries/noun-project/Book-thin_864_584233.svg
Verb forms,30,sang,sang,https://d18vdu4p71yql0.cloudfront.net/libraries/sclera/sing.png,#86b7d6,,153,,NARBE Words,#ff5ce1,https://d18vdu4p71yql0.cloudfront.net/libraries/noun-project/Book-thin_864_584233.svg
Verb forms,30,sung,sung,https://d18vdu4p71yql0.cloudfront.net/libraries/sclera/sing.png,#86b7d6,,154,,NARBE Words,#ff5ce1,https://d18vdu4p71yql0.cloudfront.net/libraries/noun-project/Book-thin_864_584233.svg
Verb forms,30,spoke,spoke,https://d18vdu4p71yql0.cloudfront.net/libraries/arasaac/spoke.png,#86b7d6,,155,,NARBE Words,#ff5ce1,https://d18vdu4p71yql0.cloudfront.net/libraries/noun-project/Book-thin_864_584233.svg
Verb forms,30,spoken,spoken,https://d18vdu4p71yql0.cloudfront.net/libraries/noun-project/speak_676_g.svg,#86b7d6,,156,,NARBE Words,#ff5ce1,https://d18vdu4p71yql0.cloudfront.net/libraries/noun-project/Book-thin_864_584233.svg
Verb forms,30,speaking,speaking,https://d18vdu4p71yql0.cloudfront.net/libraries/noun-project/speaking_773_g.svg,#86b7d6,,157,,NARBE Words,#ff5ce1,https://d18vdu4p71yql0.cloudfront.net/libraries/noun-project/Book-thin_864_584233.svg
Verb forms,30,understood,understood,https://d18vdu4p71yql0.cloudfront.net/libraries/noun-project/understand_28_g.svg,#86b7d6,,158,,NARBE Words,#ff5ce1,https://d18vdu4p71yql0.cloudfront.net/libraries/noun-project/Book-thin_864_584233.svg
Verb forms,30,understanding,understanding,https://d18vdu4p71yql0.cloudfront.net/libraries/noun-project/understand_28_g.svg,#86b7d6,,159,,NARBE Words,#ff5ce1,https://d18vdu4p71yql0.cloudfront.net/libraries/noun-project/Book-thin_864_584233.svg
Verb forms,30,forgot,forgot,https://d18vdu4p71yql0.cloudfront.net/libraries/noun-project/Forget-8ac80c1acd.svg,#86b7d6,,160,,NARBE Words,#ff5ce1,https://d18vdu4p71yql0.cloudfront.net/libraries/noun-project/Book-thin_864_584233.svg
Verb forms,30,forgotten,forgotten,https://d18vdu4p71yql0.cloudfront.net/libraries/noun-project/Forget-8ac80c1acd.svg,#86b7d6,,161,,NARBE Words,#ff5ce1,https://d18vdu4p71yql0.cloudfront.net/libraries/noun-project/Book-thin_864_584233.svg
Verb forms,30,forgetting,forgetting,https://d18vdu4p71yql0.cloudfront.net/libraries/noun-project/Forget-8ac80c1acd.svg,#86b7d6,,162,,NARBE Words,#ff5ce1,https://d18vdu4p71yql0.cloudfront.net/libraries/noun-project/Book-thin_864_584233.svg
Verb forms,30,remembered,remembered,https://d18vdu4p71yql0.cloudfront.net/libraries/arasaac/to remember.png.varianted-skin.png,#86b7d6,,163,,NARBE Words,#ff5ce1,https://d18vdu4p71yql0.cloudfront.net/libraries/noun-project/Book-thin_864_584233.svg
Verb forms,30,remembering,remembering,https://d18vdu4p71yql0.cloudfront.net/libraries/arasaac/to remember.png.varianted-skin.png,#86b7d6,,164,,NARBE Words,#ff5ce1,https://d18vdu4p71yql0.cloudfront.net/libraries/noun-project/Book-thin_864_584233.svg
Verb forms,30,learned,learned,https://d18vdu4p71yql0.cloudfront.net/libraries/arasaac/learn.png,#86b7d6,,165,,NARBE Words,#ff5ce1,https://d18vdu4p71yql0.cloudfront.net/libraries/noun-project/Book-thin_864_584233.svg
Verb forms,30,taught,taught,,#86b7d6,,166,,NARBE Words,#ff5ce1,https://d18vdu4p71yql0.cloudfront.net/libraries/noun-project/Book-thin_864_584233.svg
Verb forms,30,teaching,teaching,https://d18vdu4p71yql0.cloudfront.net/libraries/noun-project/teaching_111_g.svg,#86b7d6,,167,,NARBE Words,#ff5ce1,https://d18vdu4p71yql0.cloudfront.net/libraries/noun-project/Book-thin_864_584233.svg
Verb forms,30,won,won,https://d18vdu4p71yql0.cloudfront.net/libraries/arasaac/win.png.varianted-skin.png,#86b7d6,,168,,NARBE Words,#ff5ce1,https://d18vdu4p71yql0.cloudfront.net/libraries/noun-project/Book-thin_864_584233.svg
Verb forms,30,winning,winning,https://d18vdu4p71yql0.cloudfront.net/libraries/arasaac/win.png.varianted-skin.png,#86b7d6,,169,,NARBE Words,#ff5ce1,https://d18vdu4p71yql0.cloudfront.net/libraries/noun-project/Book-thin_864_584233.svg
Verb forms,30,became,became,,#86b7d6,,170,,NARBE Words,#ff5ce1,https://d18vdu4p71yql0.cloudfront.net/libraries/noun-project/Book-thin_864_584233.svg
Verb forms,30,becoming,becoming,,#86b7d6,,171,,NARBE Words,#ff5ce1,https://d18vdu4p71yql0.cloudfront.net/libraries/noun-project/Book-thin_864_584233.svg
Verb forms,30,happened,happened,https://d18vdu4p71yql0.cloudfront.net/libraries/tawasol/to happen.png,#86b7d6,,172,,NARBE Words,#ff5ce1,https://d18vdu4p71yql0.cloudfront.net/libraries/noun-project/Book-thin_864_584233.svg
Verb forms,30,happening,happening,https://d18vdu4p71yql0.cloudfront.net/libraries/tawasol/to happen.png,#86b7d6,,173,,NARBE Words,#ff5ce1,https://d18vdu4p71yql0.cloudfront.net/libraries/noun-project/Book-thin_864_584233.svg
Verb forms,30,seemed,seemed,,#86b7d6,,174,,NARBE Words,#ff5ce1,https://d18vdu4p71yql0.cloudfront.net/libraries/noun-project/Book-thin_864_584233.svg
Verb forms,30,seeming,seeming,,#86b7d6,,175,,NARBE Words,#ff5ce1,https://d18vdu4p71yql0.cloudfront.net/libraries/noun-project/Book-thin_864_584233.svg
Verb forms,30,believed,believed,,#86b7d6,,176,,NARBE Words,#ff5ce1,https://d18vdu4p71yql0.cloudfront.net/libraries/noun-project/Book-thin_864_584233.svg
Verb forms,30,believing,believing,,#86b7d6,,177,,NARBE Words,#ff5ce1,https://d18vdu4p71yql0.cloudfront.net/libraries/noun-project/Book-thin_864_584233.svg
Verb forms,30,hoped,hoped,,#86b7d6,,178,,NARBE Words,#ff5ce1,https://d18vdu4p71yql0.cloudfront.net/libraries/noun-project/Book-thin_864_584233.svg
Verb forms,30,hoping,hoping,,#86b7d6,,179,,NARBE Words,#ff5ce1,https://d18vdu4p71yql0.cloudfront.net/libraries/noun-project/Book-thin_864_584233.svg
Verb forms,30,wished,wished,https://d18vdu4p71yql0.cloudfront.net/libraries/arasaac/to wish.png.varianted-skin.png,#86b7d6,,180,,NARBE Words,#ff5ce1,https://d18vdu4p71yql0.cloudfront.net/libraries/noun-project/Book-thin_864_584233.svg
Verb forms,30,wishing,wishing,https://d18vdu4p71yql0.cloudfront.net/libraries/arasaac/to wish.png.varianted-skin.png,#86b7d6,,181,,NARBE Words,#ff5ce1,https://d18vdu4p71yql0.cloudfront.net/libraries/noun-project/Book-thin_864_584233.svg
Verb forms,30,missed,missed,https://d18vdu4p71yql0.cloudfront.net/libraries/noun-project/miss_243_g.svg,#86b7d6,,182,,NARBE Words,#ff5ce1,https://d18vdu4p71yql0.cloudfront.net/libraries/noun-project/Book-thin_864_584233.svg
Verb forms,30,saved,saved,https://d18vdu4p71yql0.cloudfront.net/libraries/arasaac/save.png.varianted-skin.png,#86b7d6,,183,,NARBE Words,#ff5ce1,https://d18vdu4p71yql0.cloudfront.net/libraries/noun-project/Book-thin_864_584233.svg
Verb forms,30,saving,saving,https://d18vdu4p71yql0.cloudfront.net/libraries/arasaac/save.png.varianted-skin.png,#86b7d6,,184,,NARBE Words,#ff5ce1,https://d18vdu4p71yql0.cloudfront.net/libraries/noun-project/Book-thin_864_584233.svg
Verb forms,30,deleted,deleted,https://d18vdu4p71yql0.cloudfront.net/libraries/noun-project/Delete-06ee6930dc.svg,#86b7d6,,185,,NARBE Words,#ff5ce1,https://d18vdu4p71yql0.cloudfront.net/libraries/noun-project/Book-thin_864_584233.svg
Verb forms,30,deleting,deleting,https://d18vdu4p71yql0.cloudfront.net/libraries/noun-project/Delete-06ee6930dc.svg,#86b7d6,,186,,NARBE Words,#ff5ce1,https://d18vdu4p71yql0.cloudfront.net/libraries/noun-project/Book-thin_864_584233.svg
Verb forms,30,washed,washed,https://d18vdu4p71yql0.cloudfront.net/libraries/sclera/wash.png,#86b7d6,,187,,NARBE Words,#ff5ce1,https://d18vdu4p71yql0.cloudfront.net/libraries/noun-project/Book-thin_864_584233.svg
Verb forms,30,washing,washing,https://d18vdu4p71yql0.cloudfront.net/libraries/sclera/wash.png,#86b7d6,,188,,NARBE Words,#ff5ce1,https://d18vdu4p71yql0.cloudfront.net/libraries/noun-project/Book-thin_864_584233.svg
Verb forms,30,cleaned,cleaned,,#86b7d6,,189,,NARBE Words,#ff5ce1,https://d18vdu4p71yql0.cloudfront.net/libraries/noun-project/Book-thin_864_584233.svg
Verb forms,30,cleaning,cleaning,https://d18vdu4p71yql0.cloudfront.net/libraries/arasaac/cleaning.png,#86b7d6,,190,,NARBE Words,#ff5ce1,https://d18vdu4p71yql0.cloudfront.net/libraries/noun-project/Book-thin_864_584233.svg
Verb forms,30,dressed,dressed,https://d18vdu4p71yql0.cloudfront.net/libraries/arasaac/dress.png,#86b7d6,,191,,NARBE Words,#ff5ce1,https://d18vdu4p71yql0.cloudfront.net/libraries/noun-project/Book-thin_864_584233.svg
Verb forms,30,wore,wore,https://d18vdu4p71yql0.cloudfront.net/libraries/arasaac/wear.png,#86b7d6,,192,,NARBE Words,#ff5ce1,https://d18vdu4p71yql0.cloudfront.net/libraries/noun-project/Book-thin_864_584233.svg
Verb forms,30,worn,worn,https://d18vdu4p71yql0.cloudfront.net/libraries/arasaac/wear.png,#86b7d6,,193,,NARBE Words,#ff5ce1,https://d18vdu4p71yql0.cloudfront.net/libraries/noun-project/Book-thin_864_584233.svg
Verb forms,30,wearing,wearing,https://d18vdu4p71yql0.cloudfront.net/libraries/arasaac/wear.png,#86b7d6,,194,,NARBE Words,#ff5ce1,https://d18vdu4p71yql0.cloudfront.net/libraries/noun-project/Book-thin_864_584233.svg
Verb forms,30,ordered,ordered,https://d18vdu4p71yql0.cloudfront.net/libraries/arasaac/order.png.varianted-skin.png,#86b7d6,,195,,NARBE Words,#ff5ce1,https://d18vdu4p71yql0.cloudfront.net/libraries/noun-project/Book-thin_864_584233.svg
Verb forms,30,ordering,ordering,https://d18vdu4p71yql0.cloudfront.net/libraries/arasaac/order.png.varianted-skin.png,#86b7d6,,196,,NARBE Words,#ff5ce1,https://d18vdu4p71yql0.cloudfront.net/libraries/noun-project/Book-thin_864_584233.svg
Verb forms,30,booked,booked,,#86b7d6,,197,,NARBE Words,#ff5ce1,https://d18vdu4p71yql0.cloudfront.net/libraries/noun-project/Book-thin_864_584233.svg
Verb forms,30,goes,goes,https://d18vdu4p71yql0.cloudfront.net/libraries/arasaac/to go_3.png,#86b7d6,,198,,NARBE Words,#ff5ce1,https://d18vdu4p71yql0.cloudfront.net/libraries/noun-project/Book-thin_864_584233.svg
Verb forms,30,comes,comes,https://d18vdu4p71yql0.cloudfront.net/libraries/arasaac/to come near_1.png.varianted-skin.png,#86b7d6,,199,,NARBE Words,#ff5ce1,https://d18vdu4p71yql0.cloudfront.net/libraries/noun-project/Book-thin_864_584233.svg
Verb forms,30,wants,wants,https://d18vdu4p71yql0.cloudfront.net/libraries/arasaac/to want.png.varianted-skin.png,#86b7d6,,200,,NARBE Words,#ff5ce1,https://d18vdu4p71yql0.cloudfront.net/libraries/noun-project/Book-thin_864_584233.svg
Verb forms,30,needs,needs,https://d18vdu4p71yql0.cloudfront.net/libraries/arasaac/I need help.png,#86b7d6,,201,,NARBE Words,#ff5ce1,https://d18vdu4p71yql0.cloudfront.net/libraries/noun-project/Book-thin_864_584233.svg
Verb forms,30,likes,likes,https://d18vdu4p71yql0.cloudfront.net/libraries/noun-project/like_9767_dd14ee88-7789-43b7-958d-c8d44a3e1458.svg,#86b7d6,,202,,NARBE Words,#ff5ce1,https://d18vdu4p71yql0.cloudfront.net/libraries/noun-project/Book-thin_864_584233.svg
Verb forms,30,loves,loves,https://d18vdu4p71yql0.cloudfront.net/libraries/arasaac/love.png.varianted-skin.png,#86b7d6,,203,,NARBE Words,#ff5ce1,https://d18vdu4p71yql0.cloudfront.net/libraries/noun-project/Book-thin_864_584233.svg
Verb forms,30,hates,hates,https://d18vdu4p71yql0.cloudfront.net/libraries/noun-project/Hate-724f26f04e.svg,#86b7d6,,204,,NARBE Words,#ff5ce1,https://d18vdu4p71yql0.cloudfront.net/libraries/noun-project/Book-thin_864_584233.svg
Verb forms,30,feels,feels,https://d18vdu4p71yql0.cloudfront.net/libraries/arasaac/to feel dizzy.png.varianted-skin.png,#86b7d6,,205,,NARBE Words,#ff5ce1,https://d18vdu4p71yql0.cloudfront.net/libraries/noun-project/Book-thin_864_584233.svg
Verb forms,30,thinks,thinks,https://d18vdu4p71yql0.cloudfront.net/libraries/noun-project/think_118_g.svg,#86b7d6,,206,,NARBE Words,#ff5ce1,https://d18vdu4p71yql0.cloudfront.net/libraries/noun-project/Book-thin_864_584233.svg
Verb forms,30,knows,knows,https://d18vdu4p71yql0.cloudfront.net/libraries/arasaac/to know.png,#86b7d6,,207,,NARBE Words,#ff5ce1,https://d18vdu4p71yql0.cloudfront.net/libraries/noun-project/Book-thin_864_584233.svg
Verb forms,30,sees,sees,https://d18vdu4p71yql0.cloudfront.net/libraries/arasaac/to see_4.png.varianted-skin.png,#86b7d6,,208,,NARBE Words,#ff5ce1,https://d18vdu4p71yql0.cloudfront.net/libraries/noun-project/Book-thin_864_584233.svg
Verb forms,30,hears,hears,https://d18vdu4p71yql0.cloudfront.net/libraries/sclera/hear.png,#86b7d6,,209,,NARBE Words,#ff5ce1,https://d18vdu4p71yql0.cloudfront.net/libraries/noun-project/Book-thin_864_584233.svg
Verb forms,30,says,says,https://d18vdu4p71yql0.cloudfront.net/libraries/arasaac/to say_1.png.varianted-skin.png,#86b7d6,,210,,NARBE Words,#ff5ce1,https://d18vdu4p71yql0.cloudfront.net/libraries/noun-project/Book-thin_864_584233.svg
Verb forms,30,tells,tells,https://d18vdu4p71yql0.cloudfront.net/libraries/arasaac/tell.png.varianted-skin.png,#86b7d6,,211,,NARBE Words,#ff5ce1,https://d18vdu4p71yql0.cloudfront.net/libraries/noun-project/Book-thin_864_584233.svg
Verb forms,30,asks,asks,https://d18vdu4p71yql0.cloudfront.net/libraries/arasaac/ask_2.png.varianted-skin.png,#86b7d6,,212,,NARBE Words,#ff5ce1,https://d18vdu4p71yql0.cloudfront.net/libraries/noun-project/Book-thin_864_584233.svg
Verb forms,30,gives,gives,https://d18vdu4p71yql0.cloudfront.net/libraries/arasaac/to give a present_1.png.varianted-skin.png,#86b7d6,,213,,NARBE Words,#ff5ce1,https://d18vdu4p71yql0.cloudfront.net/libraries/noun-project/Book-thin_864_584233.svg
Verb forms,30,takes,takes,https://d18vdu4p71yql0.cloudfront.net/libraries/arasaac/take.png.varianted-skin.png,#86b7d6,,214,,NARBE Words,#ff5ce1,https://d18vdu4p71yql0.cloudfront.net/libraries/noun-project/Book-thin_864_584233.svg
Verb forms,30,gets,gets,https://d18vdu4p71yql0.cloudfront.net/libraries/arasaac/to receive.png.varianted-skin.png,#86b7d6,,215,,NARBE Words,#ff5ce1,https://d18vdu4p71yql0.cloudfront.net/libraries/noun-project/Book-thin_864_584233.svg
Verb forms,30,makes,makes,https://d18vdu4p71yql0.cloudfront.net/libraries/arasaac/make - do - write.png.varianted-skin.png,#86b7d6,,216,,NARBE Words,#ff5ce1,https://d18vdu4p71yql0.cloudfront.net/libraries/noun-project/Book-thin_864_584233.svg
Verb forms,30,uses,uses,https://d18vdu4p71yql0.cloudfront.net/libraries/arasaac/use.png.varianted-skin.png,#86b7d6,,217,,NARBE Words,#ff5ce1,https://d18vdu4p71yql0.cloudfront.net/libraries/noun-project/Book-thin_864_584233.svg
Verb forms,30,brings,brings,https://d18vdu4p71yql0.cloudfront.net/libraries/arasaac/to bring.png.varianted-skin.png,#86b7d6,,218,,NARBE Words,#ff5ce1,https://d18vdu4p71yql0.cloudfront.net/libraries/noun-project/Book-thin_864_584233.svg
Verb forms,30,buys,buys,https://d18vdu4p71yql0.cloudfront.net/libraries/tawasol/Buy.png,#86b7d6,,219,,NARBE Words,#ff5ce1,https://d18vdu4p71yql0.cloudfront.net/libraries/noun-project/Book-thin_864_584233.svg
Verb forms,30,pays,pays,https://d18vdu4p71yql0.cloudfront.net/libraries/arasaac/pay.png.varianted-skin.png,#86b7d6,,220,,NARBE Words,#ff5ce1,https://d18vdu4p71yql0.cloudfront.net/libraries/noun-project/Book-thin_864_584233.svg
Verb forms,30,leaves,leaves,https://d18vdu4p71yql0.cloudfront.net/libraries/arasaac/to exit_2.png.varianted-skin.png,#86b7d6,,221,,NARBE Words,#ff5ce1,https://d18vdu4p71yql0.cloudfront.net/libraries/noun-project/Book-thin_864_584233.svg
Verb forms,30,keeps,keeps,https://d18vdu4p71yql0.cloudfront.net/libraries/arasaac/to keep.png.varianted-skin.png,#86b7d6,,222,,NARBE Words,#ff5ce1,https://d18vdu4p71yql0.cloudfront.net/libraries/noun-project/Book-thin_864_584233.svg
Verb forms,30,holds,holds,https://d18vdu4p71yql0.cloudfront.net/libraries/arasaac/hold.png.varianted-skin.png,#86b7d6,,223,,NARBE Words,#ff5ce1,https://d18vdu4p71yql0.cloudfront.net/libraries/noun-project/Book-thin_864_584233.svg
Verb forms,30,finds,finds,https://d18vdu4p71yql0.cloudfront.net/libraries/noun-project/Magnifying-Glass_918_708000.svg,#86b7d6,,224,,NARBE Words,#ff5ce1,https://d18vdu4p71yql0.cloudfront.net/libraries/noun-project/Book-thin_864_584233.svg
Verb forms,30,eats,eats,https://d18vdu4p71yql0.cloudfront.net/libraries/arasaac/to eat_1.png.varianted-skin.png,#86b7d6,,225,,NARBE Words,#ff5ce1,https://d18vdu4p71yql0.cloudfront.net/libraries/noun-project/Book-thin_864_584233.svg
Verb forms,30,drinks,drinks,https://d18vdu4p71yql0.cloudfront.net/libraries/arasaac/to drink.png.varianted-skin.png,#86b7d6,,226,,NARBE Words,#ff5ce1,https://d18vdu4p71yql0.cloudfront.net/libraries/noun-project/Book-thin_864_584233.svg
Verb forms,30,sleeps,sleeps,https://d18vdu4p71yql0.cloudfront.net/libraries/arasaac/to sleep_2.png.varianted-skin.png,#86b7d6,,227,,NARBE Words,#ff5ce1,https://d18vdu4p71yql0.cloudfront.net/libraries/noun-project/Book-thin_864_584233.svg
Verb forms,30,sits,sits,https://d18vdu4p71yql0.cloudfront.net/libraries/arasaac/to sit on a bench_1.png,#86b7d6,,228,,NARBE Words,#ff5ce1,https://d18vdu4p71yql0.cloudfront.net/libraries/noun-project/Book-thin_864_584233.svg
Verb forms,30,stands,stands,https://d18vdu4p71yql0.cloudfront.net/libraries/arasaac/to stand.png.varianted-skin.png,#86b7d6,,229,,NARBE Words,#ff5ce1,https://d18vdu4p71yql0.cloudfront.net/libraries/noun-project/Book-thin_864_584233.svg
Verb forms,30,runs,runs,https://d18vdu4p71yql0.cloudfront.net/libraries/noun-project/run_553_g.svg,#86b7d6,,230,,NARBE Words,#ff5ce1,https://d18vdu4p71yql0.cloudfront.net/libraries/noun-project/Book-thin_864_584233.svg
Verb forms,30,walks,walks,https://d18vdu4p71yql0.cloudfront.net/libraries/arasaac/walk.png.varianted-skin.png,#86b7d6,,231,,NARBE Words,#ff5ce1,https://d18vdu4p71yql0.cloudfront.net/libraries/noun-project/Book-thin_864_584233.svg
Verb forms,30,drives,drives,https://d18vdu4p71yql0.cloudfront.net/libraries/noun-project/drive_18_677708.svg,#86b7d6,,232,,NARBE Words,#ff5ce1,https://d18vdu4p71yql0.cloudfront.net/libraries/noun-project/Book-thin_864_584233.svg
Verb forms,30,plays,plays,https://d18vdu4p71yql0.cloudfront.net/libraries/arasaac/to play volleyball.png.varianted-skin.png,#86b7d6,,233,,NARBE Words,#ff5ce1,https://d18vdu4p71yql0.cloudfront.net/libraries/noun-project/Book-thin_864_584233.svg
Verb forms,30,works,works,https://d18vdu4p71yql0.cloudfront.net/libraries/arasaac/to work.png,#86b7d6,,234,,NARBE Words,#ff5ce1,https://d18vdu4p71yql0.cloudfront.net/libraries/noun-project/Book-thin_864_584233.svg
Verb forms,30,tries,tries,https://d18vdu4p71yql0.cloudfront.net/libraries/arasaac/to try.png.varianted-skin.png,#86b7d6,,235,,NARBE Words,#ff5ce1,https://d18vdu4p71yql0.cloudfront.net/libraries/noun-project/Book-thin_864_584233.svg
Verb forms,30,helps,helps,https://d18vdu4p71yql0.cloudfront.net/libraries/arasaac/help_4.png.varianted-skin.png,#86b7d6,,236,,NARBE Words,#ff5ce1,https://d18vdu4p71yql0.cloudfront.net/libraries/noun-project/Book-thin_864_584233.svg
Verb forms,30,waits,waits,https://d18vdu4p71yql0.cloudfront.net/libraries/arasaac/wait.png,#86b7d6,,237,,NARBE Words,#ff5ce1,https://d18vdu4p71yql0.cloudfront.net/libraries/noun-project/Book-thin_864_584233.svg
Verb forms,30,watches,watches,https://d18vdu4p71yql0.cloudfront.net/libraries/mulberry/watch.svg.varianted-skin.svg,#86b7d6,,238,,NARBE Words,#ff5ce1,https://d18vdu4p71yql0.cloudfront.net/libraries/noun-project/Book-thin_864_584233.svg
Verb forms,30,listens,listens,https://d18vdu4p71yql0.cloudfront.net/libraries/noun-project/Listen_667_g.svg,#86b7d6,,239,,NARBE Words,#ff5ce1,https://d18vdu4p71yql0.cloudfront.net/libraries/noun-project/Book-thin_864_584233.svg
Verb forms,30,looks,looks,https://d18vdu4p71yql0.cloudfront.net/libraries/arasaac/to look_1.png.varianted-skin.png,#86b7d6,,240,,NARBE Words,#ff5ce1,https://d18vdu4p71yql0.cloudfront.net/libraries/noun-project/Book-thin_864_584233.svg
Verb forms,30,talks,talks,https://d18vdu4p71yql0.cloudfront.net/libraries/arasaac/talk.png.varianted-skin.png,#86b7d6,,241,,NARBE Words,#ff5ce1,https://d18vdu4p71yql0.cloudfront.net/libraries/noun-project/Book-thin_864_584233.svg
Verb forms,30,lives,lives,https://d18vdu4p71yql0.cloudfront.net/libraries/arasaac/live.png.varianted-skin.png,#86b7d6,,242,,NARBE Words,#ff5ce1,https://d18vdu4p71yql0.cloudfront.net/libraries/noun-project/Book-thin_864_584233.svg
Verb forms,30,seems,seems,,#86b7d6,,243,,NARBE Words,#ff5ce1,https://d18vdu4p71yql0.cloudfront.net/libraries/noun-project/Book-thin_864_584233.svg
Verb forms,30,means,means,,#86b7d6,,244,,NARBE Words,#ff5ce1,https://d18vdu4p71yql0.cloudfront.net/libraries/noun-project/Book-thin_864_584233.svg
Verb forms,30,believes,believes,,#86b7d6,,245,,NARBE Words,#ff5ce1,https://d18vdu4p71yql0.cloudfront.net/libraries/noun-project/Book-thin_864_584233.svg
Verb forms,30,hopes,hopes,,#86b7d6,,246,,NARBE Words,#ff5ce1,https://d18vdu4p71yql0.cloudfront.net/libraries/noun-project/Book-thin_864_584233.svg
Verb forms,30,happens,happens,https://d18vdu4p71yql0.cloudfront.net/libraries/tawasol/to happen.png,#86b7d6,,247,,NARBE Words,#ff5ce1,https://d18vdu4p71yql0.cloudfront.net/libraries/noun-project/Book-thin_864_584233.svg
